,CustomerID,ActualChurn,PredictedChurn,RiskScore,Tenure,PreferredLoginDevice,CityTier,WarehouseToHome,PreferredPaymentMode,Gender,HourSpendOnApp,NumberOfDeviceRegistered,PreferedOrderCat,SatisfactionScore,MaritalStatus,NumberOfAddress,Complain,OrderAmountHikeFromlastYear,CouponUsed,OrderCount,DaySinceLastOrder,CashbackAmount,SegmentNumber,RiskSegment,Decile,StaticAction,SelectedAction,MarketingMessageRequired,ComplaintHistoryFlag,ServiceReviewStatus,MessageTheme,OfferDetailsRequired,OfferDetailsAvailable,MessagePreparationStatus,ScenarioSelectedSuccessPercent,ScenarioStaticSuccessPercent
0,52213,0,0,0.0016641658,23.0,Computer,1,8.0,Credit Card,Female,1.0,3,Grocery,5,Married,3,0,22.0,,2.0,2.0,278.56,1,1 - Minimum Risk,10,Aksiyon Yok,Aksiyon Yok,False,False,Geçmiş şikâyet işareti yok,Pazarlama Mesajı Üretilmeyecek,False,False,Pazarlama mesajı gerekmiyor,85.0,85.0
1,50775,0,0,0.0021164692,22.0,Mobile Phone,1,10.0,Credit Card,Male,2.0,4,Others,3,Divorced,3,0,13.0,,1.0,0.0,287.11,1,1 - Minimum Risk,10,Aksiyon Yok,Aksiyon Yok,False,False,Geçmiş şikâyet işareti yok,Pazarlama Mesajı Üretilmeyecek,False,False,Pazarlama mesajı gerekmiyor,85.0,85.0
2,52880,0,0,0.0022803084,25.0,Mobile Phone,1,10.0,Credit Card,Female,4.0,4,Grocery,4,Single,5,0,19.0,,2.0,1.0,262.34,1,1 - Minimum Risk,10,Aksiyon Yok,Aksiyon Yok,False,False,Geçmiş şikâyet işareti yok,Pazarlama Mesajı Üretilmeyecek,False,False,Pazarlama mesajı gerekmiyor,85.0,85.0
3,55436,0,0,0.0029071213,25.0,Mobile Phone,1,10.0,Cash on Delivery,Female,3.0,4,Fashion,3,Married,4,0,12.0,3.0,,3.0,256.16,1,1 - Minimum Risk,10,Aksiyon Yok,Aksiyon Yok,False,False,Geçmiş şikâyet işareti yok,Pazarlama Mesajı Üretilmeyecek,False,False,Pazarlama mesajı gerekmiyor,85.0,85.0
4,50590,0,0,0.0029696098,23.0,Mobile Phone,1,6.0,Credit Card,Male,3.0,3,Grocery,2,Married,10,0,22.0,,1.0,3.0,273.99,1,1 - Minimum Risk,10,Aksiyon Yok,Aksiyon Yok,False,False,Geçmiş şikâyet işareti yok,Pazarlama Mesajı Üretilmeyecek,False,False,Pazarlama mesajı gerekmiyor,85.0,85.0
5,52060,0,0,0.0037154737,23.0,Mobile Phone,1,6.0,Credit Card,Male,3.0,3,Grocery,1,Married,10,0,22.0,,1.0,3.0,273.99,1,1 - Minimum Risk,10,Aksiyon Yok,Aksiyon Yok,False,False,Geçmiş şikâyet işareti yok,Pazarlama Mesajı Üretilmeyecek,False,False,Pazarlama mesajı gerekmiyor,85.0,85.0
6,50886,0,0,0.0037418536,28.0,Mobile Phone,1,6.0,Credit Card,Male,2.0,1,Grocery,2,Married,3,0,13.0,1.0,,0.0,247.32,1,1 - Minimum Risk,10,Aksiyon Yok,Aksiyon Yok,False,False,Geçmiş şikâyet işareti yok,Pazarlama Mesajı Üretilmeyecek,False,False,Pazarlama mesajı gerekmiyor,85.0,85.0
7,53442,0,0,0.0040369085,24.0,Computer,3,7.0,Debit Card,Female,4.0,4,Laptop & Accessory,3,Divorced,2,0,13.0,2.0,2.0,14.0,188.47,1,1 - Minimum Risk,10,Aksiyon Yok,Aksiyon Yok,False,False,Geçmiş şikâyet işareti yok,Pazarlama Mesajı Üretilmeyecek,False,False,Pazarlama mesajı gerekmiyor,85.0,85.0
8,54695,0,0,0.0044590235,27.0,Mobile Phone,1,14.0,Debit Card,Male,3.0,2,Grocery,3,Married,5,0,20.0,,2.0,4.0,273.14,1,1 - Minimum Risk,10,Aksiyon Yok,Aksiyon Yok,False,False,Geçmiş şikâyet işareti yok,Pazarlama Mesajı Üretilmeyecek,False,False,Pazarlama mesajı gerekmiyor,85.0,85.0
9,54018,0,0,0.0046053994,20.0,Mobile Phone,3,10.0,Cash on Delivery,Female,3.0,2,Grocery,5,Married,4,0,13.0,2.0,,9.0,257.25,1,1 - Minimum Risk,10,Aksiyon Yok,Aksiyon Yok,False,False,Geçmiş şikâyet işareti yok,Pazarlama Mesajı Üretilmeyecek,False,False,Pazarlama mesajı gerekmiyor,85.0,85.0
10,50627,0,0,0.0051639555,23.0,Computer,3,6.0,Debit Card,Female,3.0,3,Laptop & Accessory,3,Divorced,1,0,12.0,1.0,1.0,13.0,163.47,1,1 - Minimum Risk,10,Aksiyon Yok,Aksiyon Yok,False,False,Geçmiş şikâyet işareti yok,Pazarlama Mesajı Üretilmeyecek,False,False,Pazarlama mesajı gerekmiyor,85.0,85.0
11,51965,0,0,0.0058992356,6.0,Phone,3,6.0,Credit Card,Male,2.0,1,Laptop & Accessory,5,Married,2,0,22.0,0.0,1.0,8.0,140.37,1,1 - Minimum Risk,10,Aksiyon Yok,Aksiyon Yok,False,False,Geçmiş şikâyet işareti yok,Pazarlama Mesajı Üretilmeyecek,False,False,Pazarlama mesajı gerekmiyor,85.0,85.0
12,51706,0,0,0.0063844724,30.0,Mobile Phone,1,6.0,Credit Card,Male,2.0,3,Laptop & Accessory,3,Married,3,0,11.0,0.0,1.0,2.0,167.55,1,1 - Minimum Risk,10,Aksiyon Yok,Aksiyon Yok,False,False,Geçmiş şikâyet işareti yok,Pazarlama Mesajı Üretilmeyecek,False,False,Pazarlama mesajı gerekmiyor,85.0,85.0
13,53099,0,0,0.0070088115,26.0,Mobile Phone,1,11.0,Debit Card,Female,2.0,4,Grocery,2,Divorced,4,0,14.0,,2.0,5.0,290.55,1,1 - Minimum Risk,10,Aksiyon Yok,Aksiyon Yok,False,False,Geçmiş şikâyet işareti yok,Pazarlama Mesajı Üretilmeyecek,False,False,Pazarlama mesajı gerekmiyor,85.0,85.0
14,53310,0,0,0.00770925,7.0,Mobile Phone,3,7.0,Credit Card,Male,3.0,2,Laptop & Accessory,5,Married,3,0,23.0,1.0,2.0,9.0,165.37,1,1 - Minimum Risk,10,Aksiyon Yok,Aksiyon Yok,False,False,Geçmiş şikâyet işareti yok,Pazarlama Mesajı Üretilmeyecek,False,False,Pazarlama mesajı gerekmiyor,85.0,85.0
15,53590,0,0,0.0078447545,23.0,Mobile Phone,1,11.0,Credit Card,Male,3.0,5,Others,3,Divorced,4,0,,1.0,2.0,1.0,312.11,1,1 - Minimum Risk,10,Aksiyon Yok,Aksiyon Yok,False,False,Geçmiş şikâyet işareti yok,Pazarlama Mesajı Üretilmeyecek,False,False,Pazarlama mesajı gerekmiyor,85.0,85.0
16,51444,0,0,0.007848563,30.0,Mobile Phone,3,16.0,Credit Card,Male,2.0,3,Grocery,3,Single,1,0,13.0,0.0,,8.0,238.72000000000003,1,1 - Minimum Risk,10,Aksiyon Yok,Aksiyon Yok,False,False,Geçmiş şikâyet işareti yok,Pazarlama Mesajı Üretilmeyecek,False,False,Pazarlama mesajı gerekmiyor,85.0,85.0
17,53307,0,0,0.008897421,25.0,Mobile Phone,3,33.0,E wallet,Female,4.0,4,Grocery,3,Divorced,4,0,15.0,,5.0,18.0,288.07,1,1 - Minimum Risk,10,Aksiyon Yok,Aksiyon Yok,False,False,Geçmiş şikâyet işareti yok,Pazarlama Mesajı Üretilmeyecek,False,False,Pazarlama mesajı gerekmiyor,85.0,85.0
18,51565,0,0,0.008909384,27.0,Mobile Phone,3,9.0,E wallet,Female,2.0,3,Laptop & Accessory,5,Married,3,0,14.0,1.0,1.0,5.0,159.4,1,1 - Minimum Risk,10,Aksiyon Yok,Aksiyon Yok,False,False,Geçmiş şikâyet işareti yok,Pazarlama Mesajı Üretilmeyecek,False,False,Pazarlama mesajı gerekmiyor,85.0,85.0
19,52240,0,0,0.009054637,27.0,Mobile Phone,1,9.0,Debit Card,Male,2.0,3,Grocery,1,Married,4,0,14.0,,1.0,9.0,277.79,1,1 - Minimum Risk,10,Aksiyon Yok,Aksiyon Yok,False,False,Geçmiş şikâyet işareti yok,Pazarlama Mesajı Üretilmeyecek,False,False,Pazarlama mesajı gerekmiyor,85.0,85.0
20,50155,0,0,0.0095317885,23.0,Mobile Phone,1,10.0,Debit Card,Male,3.0,3,Others,4,Married,4,0,14.0,,1.0,6.0,291.44,1,1 - Minimum Risk,10,Aksiyon Yok,Aksiyon Yok,False,False,Geçmiş şikâyet işareti yok,Pazarlama Mesajı Üretilmeyecek,False,False,Pazarlama mesajı gerekmiyor,85.0,85.0
21,51079,0,0,0.010401864,26.0,Mobile Phone,1,30.0,Credit Card,Male,2.0,1,Fashion,1,Married,4,0,15.0,0.0,1.0,2.0,170.05,1,1 - Minimum Risk,10,Aksiyon Yok,Aksiyon Yok,False,False,Geçmiş şikâyet işareti yok,Pazarlama Mesajı Üretilmeyecek,False,False,Pazarlama mesajı gerekmiyor,85.0,85.0
22,54026,0,0,0.010673418,13.0,Mobile Phone,1,26.0,UPI,Male,3.0,4,Laptop & Accessory,1,Married,10,0,15.0,2.0,3.0,3.0,164.02,1,1 - Minimum Risk,10,Aksiyon Yok,Aksiyon Yok,False,False,Geçmiş şikâyet işareti yok,Pazarlama Mesajı Üretilmeyecek,False,False,Pazarlama mesajı gerekmiyor,85.0,85.0
23,53495,0,0,0.010688359,22.0,Computer,1,7.0,Credit Card,Male,3.0,2,Grocery,2,Single,4,0,,1.0,3.0,2.0,293.85,1,1 - Minimum Risk,10,Aksiyon Yok,Aksiyon Yok,False,False,Geçmiş şikâyet işareti yok,Pazarlama Mesajı Üretilmeyecek,False,False,Pazarlama mesajı gerekmiyor,85.0,85.0
24,50952,0,0,0.010863813,27.0,Computer,1,17.0,Credit Card,Female,2.0,3,Grocery,1,Married,4,0,20.0,1.0,,12.0,260.32,1,1 - Minimum Risk,10,Aksiyon Yok,Aksiyon Yok,False,False,Geçmiş şikâyet işareti yok,Pazarlama Mesajı Üretilmeyecek,False,False,Pazarlama mesajı gerekmiyor,85.0,85.0
25,55083,0,0,0.011253352,18.0,Mobile Phone,1,11.0,Debit Card,Male,4.0,2,Others,5,Married,3,0,,3.0,15.0,14.0,316.9,1,1 - Minimum Risk,10,Aksiyon Yok,Aksiyon Yok,False,False,Geçmiş şikâyet işareti yok,Pazarlama Mesajı Üretilmeyecek,False,False,Pazarlama mesajı gerekmiyor,85.0,85.0
26,53092,0,0,0.011462845,30.0,Computer,3,13.0,Debit Card,Female,3.0,3,Grocery,5,Divorced,11,0,12.0,3.0,,8.0,257.12,1,1 - Minimum Risk,10,Aksiyon Yok,Aksiyon Yok,False,False,Geçmiş şikâyet işareti yok,Pazarlama Mesajı Üretilmeyecek,False,False,Pazarlama mesajı gerekmiyor,85.0,85.0
27,51897,0,0,0.011868631,12.0,Mobile Phone,2,9.0,UPI,Female,2.0,1,Laptop & Accessory,4,Married,10,0,15.0,0.0,3.0,6.0,163.89,1,1 - Minimum Risk,10,Aksiyon Yok,Aksiyon Yok,False,False,Geçmiş şikâyet işareti yok,Pazarlama Mesajı Üretilmeyecek,False,False,Pazarlama mesajı gerekmiyor,85.0,85.0
28,52647,0,0,0.012803212,30.0,Computer,3,8.0,Credit Card,Male,2.0,3,Grocery,4,Married,5,0,22.0,,14.0,14.0,262.91,1,1 - Minimum Risk,10,Aksiyon Yok,Aksiyon Yok,False,False,Geçmiş şikâyet işareti yok,Pazarlama Mesajı Üretilmeyecek,False,False,Pazarlama mesajı gerekmiyor,85.0,85.0
29,50446,0,0,0.01288801,25.0,Computer,1,25.0,Credit Card,Male,2.0,3,Mobile Phone,2,Divorced,1,0,18.0,1.0,1.0,2.0,142.58,1,1 - Minimum Risk,10,Aksiyon Yok,Aksiyon Yok,False,False,Geçmiş şikâyet işareti yok,Pazarlama Mesajı Üretilmeyecek,False,False,Pazarlama mesajı gerekmiyor,85.0,85.0
30,53744,0,0,0.013220476,51.0,Mobile Phone,1,7.0,Debit Card,Male,4.0,2,Laptop & Accessory,3,Divorced,2,0,25.0,2.0,3.0,9.0,174.0,1,1 - Minimum Risk,10,Aksiyon Yok,Aksiyon Yok,False,False,Geçmiş şikâyet işareti yok,Pazarlama Mesajı Üretilmeyecek,False,False,Pazarlama mesajı gerekmiyor,85.0,85.0
31,52720,0,0,0.013490231,60.0,Mobile Phone,3,27.0,Debit Card,Female,3.0,3,Grocery,1,Married,5,1,13.0,,1.0,0.0,278.75,1,1 - Minimum Risk,10,Aksiyon Yok,Aksiyon Yok,False,True,Geçmiş şikâyetin durumu kontrol edilmeli,Pazarlama Mesajı Üretilmeyecek,False,False,Pazarlama mesajı gerekmiyor,85.0,85.0
32,53570,0,0,0.013588596,31.0,Mobile Phone,3,14.0,E wallet,Male,3.0,2,Laptop & Accessory,2,Married,2,1,19.0,1.0,2.0,10.0,177.2,1,1 - Minimum Risk,10,Aksiyon Yok,Aksiyon Yok,False,True,Geçmiş şikâyetin durumu kontrol edilmeli,Pazarlama Mesajı Üretilmeyecek,False,False,Pazarlama mesajı gerekmiyor,85.0,85.0
33,53893,0,0,0.013735267,12.0,Mobile Phone,1,11.0,Credit Card,Female,3.0,4,Mobile Phone,3,Married,9,0,20.0,1.0,2.0,1.0,158.06,1,1 - Minimum Risk,10,Aksiyon Yok,Aksiyon Yok,False,False,Geçmiş şikâyet işareti yok,Pazarlama Mesajı Üretilmeyecek,False,False,Pazarlama mesajı gerekmiyor,85.0,85.0
34,52476,0,0,0.0138991,8.0,Phone,1,34.0,Debit Card,Male,2.0,1,Laptop & Accessory,3,Married,2,0,17.0,6.0,6.0,8.0,134.07,1,1 - Minimum Risk,10,Aksiyon Yok,Aksiyon Yok,False,False,Geçmiş şikâyet işareti yok,Pazarlama Mesajı Üretilmeyecek,False,False,Pazarlama mesajı gerekmiyor,85.0,85.0
35,51419,0,0,0.014606871,5.0,Mobile Phone,1,6.0,Debit Card,Male,3.0,3,Laptop & Accessory,4,Married,2,0,17.0,1.0,1.0,9.0,162.2,1,1 - Minimum Risk,10,Aksiyon Yok,Aksiyon Yok,False,False,Geçmiş şikâyet işareti yok,Pazarlama Mesajı Üretilmeyecek,False,False,Pazarlama mesajı gerekmiyor,85.0,85.0
36,52646,0,0,0.015023485,7.0,Mobile Phone,3,14.0,COD,Male,3.0,1,Laptop & Accessory,3,Married,2,0,21.0,2.0,4.0,8.0,167.99,1,1 - Minimum Risk,10,Aksiyon Yok,Aksiyon Yok,False,False,Geçmiş şikâyet işareti yok,Pazarlama Mesajı Üretilmeyecek,False,False,Pazarlama mesajı gerekmiyor,85.0,85.0
37,54680,0,0,0.016568042,3.0,Computer,1,7.0,Debit Card,Male,4.0,6,Mobile Phone,1,Married,3,0,19.0,1.0,3.0,9.0,152.2,1,1 - Minimum Risk,10,Aksiyon Yok,Aksiyon Yok,False,False,Geçmiş şikâyet işareti yok,Pazarlama Mesajı Üretilmeyecek,False,False,Pazarlama mesajı gerekmiyor,85.0,85.0
38,51411,0,0,0.016643917,28.0,Mobile Phone,1,14.0,Credit Card,Female,2.0,3,Grocery,3,Married,3,1,14.0,1.0,,2.0,247.56,1,1 - Minimum Risk,10,Aksiyon Yok,Aksiyon Yok,False,True,Geçmiş şikâyetin durumu kontrol edilmeli,Pazarlama Mesajı Üretilmeyecek,False,False,Pazarlama mesajı gerekmiyor,85.0,85.0
39,55462,0,0,0.016777027,31.0,Computer,3,9.0,Credit Card,Male,3.0,4,Grocery,4,Married,6,0,23.0,,15.0,15.0,287.91,1,1 - Minimum Risk,10,Aksiyon Yok,Aksiyon Yok,False,False,Geçmiş şikâyet işareti yok,Pazarlama Mesajı Üretilmeyecek,False,False,Pazarlama mesajı gerekmiyor,85.0,85.0
40,52239,0,0,0.01732368,2.0,Phone,1,7.0,Debit Card,Female,3.0,3,Mobile Phone,1,Married,2,0,15.0,1.0,1.0,2.0,137.6,1,1 - Minimum Risk,10,Aksiyon Yok,Aksiyon Yok,False,False,Geçmiş şikâyet işareti yok,Pazarlama Mesajı Üretilmeyecek,False,False,Pazarlama mesajı gerekmiyor,85.0,85.0
41,50619,0,0,0.018101102,30.0,Mobile Phone,1,8.0,Debit Card,Female,3.0,4,Grocery,2,Single,4,1,13.0,0.0,,3.0,237.26,1,1 - Minimum Risk,10,Aksiyon Yok,Aksiyon Yok,False,True,Geçmiş şikâyetin durumu kontrol edilmeli,Pazarlama Mesajı Üretilmeyecek,False,False,Pazarlama mesajı gerekmiyor,85.0,85.0
42,51405,0,0,0.018723851,10.0,Mobile Phone,1,6.0,Debit Card,Male,2.0,4,Laptop & Accessory,3,Married,2,0,18.0,0.0,1.0,7.0,159.93,1,1 - Minimum Risk,10,Aksiyon Yok,Aksiyon Yok,False,False,Geçmiş şikâyet işareti yok,Pazarlama Mesajı Üretilmeyecek,False,False,Pazarlama mesajı gerekmiyor,85.0,85.0
43,53070,0,0,0.01921313,29.0,Mobile Phone,1,9.0,Debit Card,Female,4.0,4,Grocery,2,Single,4,1,14.0,,2.0,3.0,291.59,1,1 - Minimum Risk,10,Aksiyon Yok,Aksiyon Yok,False,True,Geçmiş şikâyetin durumu kontrol edilmeli,Pazarlama Mesajı Üretilmeyecek,False,False,Pazarlama mesajı gerekmiyor,85.0,85.0
44,53318,0,0,0.019225042,26.0,Computer,1,32.0,Credit Card,Female,3.0,5,Grocery,2,Divorced,5,0,23.0,,2.0,1.0,263.26,1,1 - Minimum Risk,10,Aksiyon Yok,Aksiyon Yok,False,False,Geçmiş şikâyet işareti yok,Pazarlama Mesajı Üretilmeyecek,False,False,Pazarlama mesajı gerekmiyor,85.0,85.0
45,50636,0,0,0.019457553,26.0,Computer,3,8.0,E wallet,Female,2.0,4,Fashion,4,Divorced,3,0,12.0,0.0,6.0,12.0,175.25,1,1 - Minimum Risk,10,Aksiyon Yok,Aksiyon Yok,False,False,Geçmiş şikâyet işareti yok,Pazarlama Mesajı Üretilmeyecek,False,False,Pazarlama mesajı gerekmiyor,85.0,85.0
46,53584,0,0,0.020237166,3.0,Mobile Phone,1,7.0,Debit Card,Female,4.0,4,Mobile Phone,2,Married,3,0,16.0,1.0,2.0,3.0,162.6,1,1 - Minimum Risk,10,Aksiyon Yok,Aksiyon Yok,False,False,Geçmiş şikâyet işareti yok,Pazarlama Mesajı Üretilmeyecek,False,False,Pazarlama mesajı gerekmiyor,85.0,85.0
47,52399,0,0,0.021134501,30.0,Phone,1,7.0,Debit Card,Male,3.0,1,Laptop & Accessory,3,Married,1,0,24.0,1.0,2.0,8.0,149.0,1,1 - Minimum Risk,10,Aksiyon Yok,Aksiyon Yok,False,False,Geçmiş şikâyet işareti yok,Pazarlama Mesajı Üretilmeyecek,False,False,Pazarlama mesajı gerekmiyor,85.0,85.0
48,54804,0,0,0.022302793,16.0,Mobile Phone,1,10.0,Debit Card,Female,4.0,2,Laptop & Accessory,1,Married,4,1,14.0,2.0,2.0,4.0,177.31,1,1 - Minimum Risk,10,Aksiyon Yok,Aksiyon Yok,False,True,Geçmiş şikâyetin durumu kontrol edilmeli,Pazarlama Mesajı Üretilmeyecek,False,False,Pazarlama mesajı gerekmiyor,85.0,85.0
49,54192,0,0,0.022641623,18.0,Mobile Phone,1,17.0,UPI,Male,3.0,4,Laptop & Accessory,1,Married,4,1,14.0,1.0,2.0,4.0,189.65,1,1 - Minimum Risk,10,Aksiyon Yok,Aksiyon Yok,False,True,Geçmiş şikâyetin durumu kontrol edilmeli,Pazarlama Mesajı Üretilmeyecek,False,False,Pazarlama mesajı gerekmiyor,85.0,85.0
50,53252,0,0,0.022666594,26.0,Mobile Phone,3,10.0,E wallet,Male,3.0,5,Grocery,5,Divorced,3,0,,2.0,2.0,17.0,293.56,1,1 - Minimum Risk,10,Aksiyon Yok,Aksiyon Yok,False,False,Geçmiş şikâyet işareti yok,Pazarlama Mesajı Üretilmeyecek,False,False,Pazarlama mesajı gerekmiyor,85.0,85.0
51,50159,0,0,0.022696003,28.0,Mobile Phone,1,26.0,COD,Male,2.0,3,Laptop & Accessory,2,Divorced,4,1,19.0,1.0,1.0,8.0,154.15,1,1 - Minimum Risk,10,Aksiyon Yok,Aksiyon Yok,False,True,Geçmiş şikâyetin durumu kontrol edilmeli,Pazarlama Mesajı Üretilmeyecek,False,False,Pazarlama mesajı gerekmiyor,85.0,85.0
52,54722,0,0,0.022714535,26.0,Mobile Phone,3,10.0,E wallet,Male,3.0,5,Grocery,5,Married,3,0,,2.0,2.0,17.0,293.56,1,1 - Minimum Risk,10,Aksiyon Yok,Aksiyon Yok,False,False,Geçmiş şikâyet işareti yok,Pazarlama Mesajı Üretilmeyecek,False,False,Pazarlama mesajı gerekmiyor,85.0,85.0
53,55471,0,0,0.02294833,31.0,Computer,1,22.0,Debit Card,Male,3.0,4,Grocery,3,Married,4,1,15.0,,3.0,3.0,282.87,1,1 - Minimum Risk,10,Aksiyon Yok,Aksiyon Yok,False,True,Geçmiş şikâyetin durumu kontrol edilmeli,Pazarlama Mesajı Üretilmeyecek,False,False,Pazarlama mesajı gerekmiyor,85.0,85.0
54,50151,0,0,0.0233193,10.0,Computer,1,6.0,Credit Card,Female,0.0,3,Fashion,2,Married,3,1,18.0,0.0,,2.0,236.02999999999997,1,1 - Minimum Risk,10,Aksiyon Yok,Aksiyon Yok,False,True,Geçmiş şikâyetin durumu kontrol edilmeli,Pazarlama Mesajı Üretilmeyecek,False,False,Pazarlama mesajı gerekmiyor,85.0,85.0
55,52698,0,0,0.023404052,17.0,Mobile Phone,1,7.0,Debit Card,Male,3.0,1,Laptop & Accessory,5,Married,3,0,15.0,1.0,2.0,2.0,150.33,1,1 - Minimum Risk,10,Aksiyon Yok,Aksiyon Yok,False,False,Geçmiş şikâyet işareti yok,Pazarlama Mesajı Üretilmeyecek,False,False,Pazarlama mesajı gerekmiyor,85.0,85.0
56,51058,0,0,0.023532895,9.0,Computer,1,6.0,Credit Card,Female,2.0,4,Laptop & Accessory,3,Married,1,0,15.0,1.0,1.0,2.0,143.74,1,1 - Minimum Risk,10,Aksiyon Yok,Aksiyon Yok,False,False,Geçmiş şikâyet işareti yok,Pazarlama Mesajı Üretilmeyecek,False,False,Pazarlama mesajı gerekmiyor,85.0,85.0
57,50301,0,0,0.024711411,23.0,Mobile Phone,1,35.0,Debit Card,Male,2.0,4,Grocery,3,Divorced,1,0,15.0,,15.0,7.0,270.46,1,1 - Minimum Risk,10,Aksiyon Yok,Aksiyon Yok,False,False,Geçmiş şikâyet işareti yok,Pazarlama Mesajı Üretilmeyecek,False,False,Pazarlama mesajı gerekmiyor,85.0,85.0
58,54948,0,0,0.02543775,29.0,Computer,1,9.0,Debit Card,Male,4.0,4,Fashion,4,Married,5,0,19.0,1.0,,3.0,234.76,1,1 - Minimum Risk,10,Aksiyon Yok,Aksiyon Yok,False,False,Geçmiş şikâyet işareti yok,Pazarlama Mesajı Üretilmeyecek,False,False,Pazarlama mesajı gerekmiyor,85.0,85.0
59,54430,0,0,0.02598208,10.0,Mobile Phone,1,13.0,Debit Card,Male,3.0,4,Mobile Phone,1,Married,2,0,12.0,2.0,11.0,12.0,157.1,1,1 - Minimum Risk,10,Aksiyon Yok,Aksiyon Yok,False,False,Geçmiş şikâyet işareti yok,Pazarlama Mesajı Üretilmeyecek,False,False,Pazarlama mesajı gerekmiyor,85.0,85.0
60,54860,0,0,0.026505385,26.0,Mobile Phone,1,7.0,Debit Card,Male,4.0,4,Grocery,1,Married,4,0,,4.0,8.0,9.0,295.99,1,1 - Minimum Risk,10,Aksiyon Yok,Aksiyon Yok,False,False,Geçmiş şikâyet işareti yok,Pazarlama Mesajı Üretilmeyecek,False,False,Pazarlama mesajı gerekmiyor,85.0,85.0
61,55052,0,0,0.027784731,18.0,Phone,1,9.0,Debit Card,Female,4.0,2,Mobile Phone,1,Married,3,0,14.0,2.0,8.0,8.0,145.11,1,1 - Minimum Risk,10,Aksiyon Yok,Aksiyon Yok,False,False,Geçmiş şikâyet işareti yok,Pazarlama Mesajı Üretilmeyecek,False,False,Pazarlama mesajı gerekmiyor,85.0,85.0
62,51933,0,0,0.028530052,25.0,Phone,1,17.0,Debit Card,Female,,3,Laptop & Accessory,3,Married,9,0,20.0,1.0,1.0,4.0,131.49,1,1 - Minimum Risk,10,Aksiyon Yok,Aksiyon Yok,False,False,Geçmiş şikâyet işareti yok,Pazarlama Mesajı Üretilmeyecek,False,False,Pazarlama mesajı gerekmiyor,85.0,85.0
63,53821,0,0,0.02871181,9.0,Mobile Phone,1,35.0,Debit Card,Male,3.0,2,Laptop & Accessory,3,Married,3,0,18.0,6.0,7.0,9.0,159.07,1,1 - Minimum Risk,10,Aksiyon Yok,Aksiyon Yok,False,False,Geçmiş şikâyet işareti yok,Pazarlama Mesajı Üretilmeyecek,False,False,Pazarlama mesajı gerekmiyor,85.0,85.0
64,51592,0,0,0.028922373,6.0,Phone,1,11.0,Debit Card,Female,,4,Mobile,1,Married,2,0,13.0,0.0,1.0,2.0,129.11,1,1 - Minimum Risk,10,Aksiyon Yok,Aksiyon Yok,False,False,Geçmiş şikâyet işareti yok,Pazarlama Mesajı Üretilmeyecek,False,False,Pazarlama mesajı gerekmiyor,85.0,85.0
65,50493,0,0,0.028970972,17.0,Mobile Phone,1,10.0,Credit Card,Male,2.0,3,Laptop & Accessory,4,Single,10,0,12.0,1.0,2.0,3.0,159.33,1,1 - Minimum Risk,10,Aksiyon Yok,Aksiyon Yok,False,False,Geçmiş şikâyet işareti yok,Pazarlama Mesajı Üretilmeyecek,False,False,Pazarlama mesajı gerekmiyor,85.0,85.0
66,53404,0,0,0.029255671,19.0,Phone,1,7.0,Credit Card,Female,4.0,4,Mobile Phone,2,Married,5,0,15.0,1.0,2.0,3.0,147.7,1,1 - Minimum Risk,10,Aksiyon Yok,Aksiyon Yok,False,False,Geçmiş şikâyet işareti yok,Pazarlama Mesajı Üretilmeyecek,False,False,Pazarlama mesajı gerekmiyor,85.0,85.0
67,53217,0,0,0.029464936,13.0,Mobile Phone,1,9.0,COD,Female,4.0,5,Laptop & Accessory,3,Single,3,0,12.0,3.0,12.0,11.0,170.53,1,1 - Minimum Risk,10,Aksiyon Yok,Aksiyon Yok,False,False,Geçmiş şikâyet işareti yok,Pazarlama Mesajı Üretilmeyecek,False,False,Pazarlama mesajı gerekmiyor,85.0,85.0
68,52586,0,0,0.02984287,12.0,Computer,1,7.0,Debit Card,Male,3.0,3,Laptop & Accessory,1,Married,2,1,15.0,0.0,5.0,8.0,164.72,1,1 - Minimum Risk,10,Aksiyon Yok,Aksiyon Yok,False,True,Geçmiş şikâyetin durumu kontrol edilmeli,Pazarlama Mesajı Üretilmeyecek,False,False,Pazarlama mesajı gerekmiyor,85.0,85.0
69,52493,0,0,0.030105146,22.0,Phone,1,31.0,Debit Card,Female,2.0,3,Mobile,5,Married,2,0,14.0,1.0,1.0,4.0,132.11,1,1 - Minimum Risk,10,Aksiyon Yok,Aksiyon Yok,False,False,Geçmiş şikâyet işareti yok,Pazarlama Mesajı Üretilmeyecek,False,False,Pazarlama mesajı gerekmiyor,85.0,85.0
70,50602,0,0,0.030118436,4.0,Computer,1,6.0,Debit Card,Female,3.0,3,Laptop & Accessory,5,Divorced,2,0,12.0,1.0,1.0,3.0,141.48,1,1 - Minimum Risk,10,Aksiyon Yok,Aksiyon Yok,False,False,Geçmiş şikâyet işareti yok,Pazarlama Mesajı Üretilmeyecek,False,False,Pazarlama mesajı gerekmiyor,85.0,85.0
71,52605,0,0,0.030246112,3.0,Mobile Phone,1,22.0,Debit Card,Male,2.0,1,Laptop & Accessory,3,Married,4,0,16.0,1.0,1.0,7.0,152.94,1,1 - Minimum Risk,10,Aksiyon Yok,Aksiyon Yok,False,False,Geçmiş şikâyet işareti yok,Pazarlama Mesajı Üretilmeyecek,False,False,Pazarlama mesajı gerekmiyor,85.0,85.0
72,54080,0,0,0.030260969,5.0,Computer,1,7.0,Debit Card,Male,3.0,6,Laptop & Accessory,5,Married,3,0,22.0,2.0,9.0,8.0,175.03,1,1 - Minimum Risk,10,Aksiyon Yok,Aksiyon Yok,False,False,Geçmiş şikâyet işareti yok,Pazarlama Mesajı Üretilmeyecek,False,False,Pazarlama mesajı gerekmiyor,85.0,85.0
73,51475,0,0,0.030694637,22.0,Mobile Phone,1,26.0,Credit Card,Female,3.0,3,Laptop & Accessory,5,Married,2,0,14.0,5.0,5.0,11.0,165.67,1,1 - Minimum Risk,10,Aksiyon Yok,Aksiyon Yok,False,False,Geçmiş şikâyet işareti yok,Pazarlama Mesajı Üretilmeyecek,False,False,Pazarlama mesajı gerekmiyor,85.0,85.0
74,51959,0,0,0.03080322,7.0,Phone,2,9.0,UPI,Male,2.0,3,Mobile Phone,1,Married,1,0,19.0,1.0,1.0,2.0,137.37,1,1 - Minimum Risk,10,Aksiyon Yok,Aksiyon Yok,False,False,Geçmiş şikâyet işareti yok,Pazarlama Mesajı Üretilmeyecek,False,False,Pazarlama mesajı gerekmiyor,85.0,85.0
75,52281,0,0,0.031205602,5.0,Mobile Phone,3,14.0,Credit Card,Male,2.0,1,Laptop & Accessory,1,Married,2,0,15.0,0.0,1.0,8.0,162.09,1,1 - Minimum Risk,10,Aksiyon Yok,Aksiyon Yok,False,False,Geçmiş şikâyet işareti yok,Pazarlama Mesajı Üretilmeyecek,False,False,Pazarlama mesajı gerekmiyor,85.0,85.0
76,53304,0,0,0.03162834,8.0,Mobile Phone,2,10.0,UPI,Male,3.0,4,Mobile Phone,2,Divorced,2,0,20.0,2.0,2.0,3.0,162.37,1,1 - Minimum Risk,10,Aksiyon Yok,Aksiyon Yok,False,False,Geçmiş şikâyet işareti yok,Pazarlama Mesajı Üretilmeyecek,False,False,Pazarlama mesajı gerekmiyor,85.0,85.0
77,52390,0,0,0.032572545,22.0,Mobile Phone,1,11.0,COD,Male,3.0,3,Laptop & Accessory,3,Married,3,0,14.0,0.0,1.0,2.0,166.51,1,1 - Minimum Risk,10,Aksiyon Yok,Aksiyon Yok,False,False,Geçmiş şikâyet işareti yok,Pazarlama Mesajı Üretilmeyecek,False,False,Pazarlama mesajı gerekmiyor,85.0,85.0
78,50286,0,0,0.03276452,3.0,Mobile Phone,1,8.0,Debit Card,Female,2.0,5,Laptop & Accessory,2,Single,3,0,20.0,0.0,1.0,2.0,160.91,1,1 - Minimum Risk,10,Aksiyon Yok,Aksiyon Yok,False,False,Geçmiş şikâyet işareti yok,Pazarlama Mesajı Üretilmeyecek,False,False,Pazarlama mesajı gerekmiyor,85.0,85.0
79,53406,0,0,0.033572614,7.0,Computer,1,7.0,UPI,Female,3.0,2,Laptop & Accessory,4,Divorced,3,1,14.0,1.0,2.0,3.0,179.88,1,1 - Minimum Risk,10,Aksiyon Yok,Aksiyon Yok,False,True,Geçmiş şikâyetin durumu kontrol edilmeli,Pazarlama Mesajı Üretilmeyecek,False,False,Pazarlama mesajı gerekmiyor,85.0,85.0
80,53451,0,0,0.033733096,27.0,Computer,3,9.0,E wallet,Female,3.0,5,Fashion,4,Divorced,4,0,13.0,1.0,7.0,13.0,200.25,1,1 - Minimum Risk,10,Aksiyon Yok,Aksiyon Yok,False,False,Geçmiş şikâyet işareti yok,Pazarlama Mesajı Üretilmeyecek,False,False,Pazarlama mesajı gerekmiyor,85.0,85.0
81,54901,0,0,0.034833897,9.0,Mobile Phone,1,17.0,UPI,Male,3.0,4,Mobile Phone,1,Married,3,0,21.0,1.0,2.0,3.0,164.17,1,1 - Minimum Risk,10,Aksiyon Yok,Aksiyon Yok,False,False,Geçmiş şikâyet işareti yok,Pazarlama Mesajı Üretilmeyecek,False,False,Pazarlama mesajı gerekmiyor,85.0,85.0
82,53265,0,0,0.036201604,8.0,Mobile Phone,1,7.0,Debit Card,Female,4.0,2,Mobile Phone,2,Single,4,0,17.0,1.0,2.0,4.0,157.8,1,1 - Minimum Risk,10,Aksiyon Yok,Aksiyon Yok,False,False,Geçmiş şikâyet işareti yok,Pazarlama Mesajı Üretilmeyecek,False,False,Pazarlama mesajı gerekmiyor,85.0,85.0
83,50468,0,0,0.03719566,20.0,Mobile Phone,1,8.0,UPI,Female,2.0,3,Grocery,2,Divorced,2,1,11.0,,3.0,0.0,267.52,1,1 - Minimum Risk,10,Aksiyon Yok,Aksiyon Yok,False,True,Geçmiş şikâyetin durumu kontrol edilmeli,Pazarlama Mesajı Üretilmeyecek,False,False,Pazarlama mesajı gerekmiyor,85.0,85.0
84,52118,0,0,0.037298135,29.0,Computer,1,15.0,CC,Female,,3,Mobile,3,Married,3,0,19.0,1.0,1.0,3.0,129.42,1,1 - Minimum Risk,10,Aksiyon Yok,Aksiyon Yok,False,False,Geçmiş şikâyet işareti yok,Pazarlama Mesajı Üretilmeyecek,False,False,Pazarlama mesajı gerekmiyor,85.0,85.0
85,55110,0,0,0.038273353,13.0,Mobile Phone,1,25.0,Debit Card,Male,3.0,4,Laptop & Accessory,3,Single,2,0,12.0,2.0,2.0,8.0,170.34,1,1 - Minimum Risk,10,Aksiyon Yok,Aksiyon Yok,False,False,Geçmiş şikâyet işareti yok,Pazarlama Mesajı Üretilmeyecek,False,False,Pazarlama mesajı gerekmiyor,85.0,85.0
86,52898,0,0,0.040684585,10.0,Computer,1,25.0,Credit Card,Female,4.0,4,Mobile Phone,2,Single,3,0,14.0,2.0,2.0,8.0,146.53,1,1 - Minimum Risk,10,Aksiyon Yok,Aksiyon Yok,False,False,Geçmiş şikâyet işareti yok,Pazarlama Mesajı Üretilmeyecek,False,False,Pazarlama mesajı gerekmiyor,85.0,85.0
87,52042,0,0,0.04158341,18.0,Computer,1,10.0,Debit Card,Male,2.0,3,Laptop & Accessory,4,Married,2,0,12.0,1.0,1.0,8.0,144.47,1,1 - Minimum Risk,10,Aksiyon Yok,Aksiyon Yok,False,False,Geçmiş şikâyet işareti yok,Pazarlama Mesajı Üretilmeyecek,False,False,Pazarlama mesajı gerekmiyor,85.0,85.0
88,52501,0,0,0.042144068,12.0,Phone,1,9.0,CC,Male,,4,Laptop & Accessory,3,Married,1,0,15.0,0.0,1.0,7.0,130.69,1,1 - Minimum Risk,10,Aksiyon Yok,Aksiyon Yok,False,False,Geçmiş şikâyet işareti yok,Pazarlama Mesajı Üretilmeyecek,False,False,Pazarlama mesajı gerekmiyor,85.0,85.0
89,51176,0,0,0.042290375,7.0,Mobile Phone,3,14.0,COD,Male,3.0,1,Laptop & Accessory,3,Married,2,0,21.0,0.0,4.0,8.0,167.99,1,1 - Minimum Risk,10,Aksiyon Yok,Aksiyon Yok,False,False,Geçmiş şikâyet işareti yok,Pazarlama Mesajı Üretilmeyecek,False,False,Pazarlama mesajı gerekmiyor,85.0,85.0
90,53355,0,0,0.042617068,10.0,Mobile Phone,1,21.0,Debit Card,Male,4.0,4,Laptop & Accessory,2,Divorced,2,1,18.0,5.0,5.0,12.0,190.86,1,1 - Minimum Risk,10,Aksiyon Yok,Aksiyon Yok,False,True,Geçmiş şikâyetin durumu kontrol edilmeli,Pazarlama Mesajı Üretilmeyecek,False,False,Pazarlama mesajı gerekmiyor,85.0,85.0
91,50163,0,0,0.04357772,11.0,Mobile Phone,1,29.0,Debit Card,Male,2.0,3,Laptop & Accessory,2,Married,10,0,14.0,0.0,1.0,2.0,157.45,1,1 - Minimum Risk,10,Aksiyon Yok,Aksiyon Yok,False,False,Geçmiş şikâyet işareti yok,Pazarlama Mesajı Üretilmeyecek,False,False,Pazarlama mesajı gerekmiyor,85.0,85.0
92,53267,0,0,0.043626722,3.0,Computer,3,6.0,E wallet,Male,3.0,4,Laptop & Accessory,2,Divorced,2,0,20.0,1.0,2.0,2.0,168.42,1,1 - Minimum Risk,10,Aksiyon Yok,Aksiyon Yok,False,False,Geçmiş şikâyet işareti yok,Pazarlama Mesajı Üretilmeyecek,False,False,Pazarlama mesajı gerekmiyor,85.0,85.0
93,52079,0,0,0.044163708,0.0,Mobile Phone,1,8.0,Credit Card,Male,2.0,1,Laptop & Accessory,1,Married,2,0,12.0,1.0,1.0,3.0,154.72,1,1 - Minimum Risk,10,Aksiyon Yok,Aksiyon Yok,False,False,Geçmiş şikâyet işareti yok,Pazarlama Mesajı Üretilmeyecek,False,False,Pazarlama mesajı gerekmiyor,85.0,85.0
94,50589,0,0,0.045563698,,Phone,1,6.0,CC,Female,3.0,3,Mobile,2,Married,4,0,14.0,0.0,1.0,2.0,122.69999999999999,1,1 - Minimum Risk,10,Aksiyon Yok,Aksiyon Yok,False,False,Geçmiş şikâyet işareti yok,Pazarlama Mesajı Üretilmeyecek,False,False,Pazarlama mesajı gerekmiyor,85.0,85.0
95,52974,0,0,0.046623413,29.0,Mobile Phone,1,27.0,COD,Male,3.0,4,Laptop & Accessory,2,Divorced,5,1,20.0,2.0,2.0,9.0,179.15,1,1 - Minimum Risk,10,Aksiyon Yok,Aksiyon Yok,False,True,Geçmiş şikâyetin durumu kontrol edilmeli,Pazarlama Mesajı Üretilmeyecek,False,False,Pazarlama mesajı gerekmiyor,85.0,85.0
96,50182,0,0,0.046872113,5.0,Mobile Phone,3,13.0,Debit Card,Male,3.0,4,Laptop & Accessory,3,Divorced,2,0,14.0,1.0,4.0,8.0,154.84,1,1 - Minimum Risk,10,Aksiyon Yok,Aksiyon Yok,False,False,Geçmiş şikâyet işareti yok,Pazarlama Mesajı Üretilmeyecek,False,False,Pazarlama mesajı gerekmiyor,85.0,85.0
97,52973,0,0,0.048951216,3.0,Computer,3,9.0,Debit Card,Male,3.0,4,Laptop & Accessory,2,Single,3,0,19.0,1.0,2.0,10.0,170.54,1,1 - Minimum Risk,10,Aksiyon Yok,Aksiyon Yok,False,False,Geçmiş şikâyet işareti yok,Pazarlama Mesajı Üretilmeyecek,False,False,Pazarlama mesajı gerekmiyor,85.0,85.0
98,51686,0,0,0.0492689,10.0,Mobile Phone,1,11.0,Credit Card,Male,3.0,3,Laptop & Accessory,1,Married,8,0,16.0,1.0,1.0,4.0,163.47,1,1 - Minimum Risk,10,Aksiyon Yok,Aksiyon Yok,False,False,Geçmiş şikâyet işareti yok,Pazarlama Mesajı Üretilmeyecek,False,False,Pazarlama mesajı gerekmiyor,85.0,85.0
99,50634,0,0,0.050278008,30.0,Mobile Phone,3,6.0,Cash on Delivery,Male,3.0,3,Fashion,2,Divorced,4,1,14.0,0.0,1.0,,219.04000000000002,1,1 - Minimum Risk,10,Aksiyon Yok,Aksiyon Yok,False,True,Geçmiş şikâyetin durumu kontrol edilmeli,Pazarlama Mesajı Üretilmeyecek,False,False,Pazarlama mesajı gerekmiyor,85.0,85.0
100,51757,0,0,0.050672963,30.0,Mobile Phone,1,13.0,Debit Card,Female,2.0,3,Others,5,Married,6,0,,1.0,11.0,10.0,295.66,1,1 - Minimum Risk,10,Aksiyon Yok,Aksiyon Yok,False,False,Geçmiş şikâyet işareti yok,Pazarlama Mesajı Üretilmeyecek,False,False,Pazarlama mesajı gerekmiyor,85.0,85.0
101,55161,0,0,0.051461432,26.0,Mobile Phone,1,15.0,UPI,Female,3.0,4,Mobile Phone,5,Married,11,0,14.0,2.0,2.0,5.0,154.5,1,1 - Minimum Risk,10,Aksiyon Yok,Aksiyon Yok,False,False,Geçmiş şikâyet işareti yok,Pazarlama Mesajı Üretilmeyecek,False,False,Pazarlama mesajı gerekmiyor,85.0,85.0
102,52260,0,0,0.051964674,28.0,Computer,1,14.0,Credit Card,Male,2.0,4,Grocery,4,Married,2,1,15.0,2.0,,0.0,235.76999999999998,1,1 - Minimum Risk,10,Aksiyon Yok,Aksiyon Yok,False,True,Geçmiş şikâyetin durumu kontrol edilmeli,Pazarlama Mesajı Üretilmeyecek,False,False,Pazarlama mesajı gerekmiyor,85.0,85.0
103,52225,0,0,0.052018393,30.0,Mobile Phone,3,13.0,E wallet,Male,2.0,1,Laptop & Accessory,1,Married,1,1,18.0,0.0,1.0,9.0,152.2,1,1 - Minimum Risk,10,Aksiyon Yok,Aksiyon Yok,False,True,Geçmiş şikâyetin durumu kontrol edilmeli,Pazarlama Mesajı Üretilmeyecek,False,False,Pazarlama mesajı gerekmiyor,85.0,85.0
104,52621,0,0,0.05214436,24.0,Mobile Phone,1,9.0,Cash on Delivery,Female,2.0,3,Fashion,3,Married,3,0,11.0,2.0,2.0,,231.16000000000003,1,1 - Minimum Risk,10,Aksiyon Yok,Aksiyon Yok,False,False,Geçmiş şikâyet işareti yok,Pazarlama Mesajı Üretilmeyecek,False,False,Pazarlama mesajı gerekmiyor,85.0,85.0
105,50817,0,0,0.054106522,3.0,Phone,1,12.0,COD,Female,2.0,4,Laptop & Accessory,2,Divorced,1,0,12.0,5.0,6.0,7.0,146.27,1,1 - Minimum Risk,10,Aksiyon Yok,Aksiyon Yok,False,False,Geçmiş şikâyet işareti yok,Pazarlama Mesajı Üretilmeyecek,False,False,Pazarlama mesajı gerekmiyor,85.0,85.0
106,53538,0,0,0.055343263,8.0,Computer,1,7.0,Credit Card,Male,4.0,5,Laptop & Accessory,5,Single,2,0,21.0,2.0,5.0,10.0,178.43,1,1 - Minimum Risk,10,Aksiyon Yok,Aksiyon Yok,False,False,Geçmiş şikâyet işareti yok,Pazarlama Mesajı Üretilmeyecek,False,False,Pazarlama mesajı gerekmiyor,85.0,85.0
107,50287,0,0,0.05584501,30.0,Mobile Phone,1,13.0,Debit Card,Female,2.0,3,Others,5,Divorced,6,0,,0.0,11.0,10.0,295.66,1,1 - Minimum Risk,10,Aksiyon Yok,Aksiyon Yok,False,False,Geçmiş şikâyet işareti yok,Pazarlama Mesajı Üretilmeyecek,False,False,Pazarlama mesajı gerekmiyor,85.0,85.0
108,55578,0,0,0.057080377,5.0,Mobile Phone,3,9.0,Debit Card,Male,3.0,4,Mobile Phone,3,Married,2,0,20.0,1.0,2.0,3.0,155.67,1,1 - Minimum Risk,10,Aksiyon Yok,Aksiyon Yok,False,False,Geçmiş şikâyet işareti yok,Pazarlama Mesajı Üretilmeyecek,False,False,Pazarlama mesajı gerekmiyor,85.0,85.0
109,53474,0,0,0.057284568,15.0,Mobile Phone,1,14.0,COD,Female,3.0,2,Mobile Phone,3,Divorced,3,0,14.0,2.0,2.0,9.0,158.76,1,1 - Minimum Risk,10,Aksiyon Yok,Aksiyon Yok,False,False,Geçmiş şikâyet işareti yok,Pazarlama Mesajı Üretilmeyecek,False,False,Pazarlama mesajı gerekmiyor,85.0,85.0
110,54649,0,0,0.057366014,16.0,Mobile Phone,1,9.0,Debit Card,Female,3.0,4,Laptop & Accessory,1,Married,3,0,14.0,1.0,3.0,3.0,165.89,1,1 - Minimum Risk,10,Aksiyon Yok,Aksiyon Yok,False,False,Geçmiş şikâyet işareti yok,Pazarlama Mesajı Üretilmeyecek,False,False,Pazarlama mesajı gerekmiyor,85.0,85.0
111,50267,0,0,0.05824599,13.0,Phone,1,8.0,CC,Female,3.0,4,Laptop & Accessory,3,Divorced,7,0,22.0,1.0,1.0,0.0,134.48,1,1 - Minimum Risk,10,Aksiyon Yok,Aksiyon Yok,False,False,Geçmiş şikâyet işareti yok,Pazarlama Mesajı Üretilmeyecek,False,False,Pazarlama mesajı gerekmiyor,85.0,85.0
112,51406,0,0,0.05828325,5.0,Mobile Phone,1,6.0,Credit Card,Male,2.0,3,Laptop & Accessory,1,Married,2,1,22.0,5.0,7.0,8.0,161.62,1,1 - Minimum Risk,10,Aksiyon Yok,Aksiyon Yok,False,True,Geçmiş şikâyetin durumu kontrol edilmeli,Pazarlama Mesajı Üretilmeyecek,False,False,Pazarlama mesajı gerekmiyor,85.0,85.0
113,52512,0,0,0.058519065,21.0,Computer,1,10.0,Credit Card,Male,2.0,4,Grocery,1,Married,3,0,25.0,0.0,,2.0,252.01999999999998,2,2 - Çok Düşük Risk,9,Etkileşim Mesajı,Aksiyon Yok,False,False,Geçmiş şikâyet işareti yok,Pazarlama Mesajı Üretilmeyecek,False,False,Pazarlama mesajı gerekmiyor,78.0,45.0
114,51570,0,0,0.059138697,4.0,Computer,1,6.0,Credit Card,Male,2.0,5,Laptop & Accessory,3,Married,1,0,12.0,0.0,1.0,4.0,143.45,2,2 - Çok Düşük Risk,9,Etkileşim Mesajı,Aksiyon Yok,False,False,Geçmiş şikâyet işareti yok,Pazarlama Mesajı Üretilmeyecek,False,False,Pazarlama mesajı gerekmiyor,78.0,45.0
115,52045,0,0,0.0604347,25.0,Mobile Phone,1,6.0,Debit Card,Male,3.0,3,Grocery,1,Married,3,0,15.0,,7.0,8.0,270.99,2,2 - Çok Düşük Risk,9,Etkileşim Mesajı,Aksiyon Yok,False,False,Geçmiş şikâyet işareti yok,Pazarlama Mesajı Üretilmeyecek,False,False,Pazarlama mesajı gerekmiyor,78.0,45.0
116,53013,0,0,0.06262852,6.0,Mobile Phone,1,9.0,Credit Card,Female,4.0,3,Laptop & Accessory,2,Single,9,0,17.0,2.0,2.0,8.0,175.55,2,2 - Çok Düşük Risk,9,Etkileşim Mesajı,Aksiyon Yok,False,False,Geçmiş şikâyet işareti yok,Pazarlama Mesajı Üretilmeyecek,False,False,Pazarlama mesajı gerekmiyor,78.0,45.0
117,54966,0,0,0.06270826,19.0,Computer,3,16.0,Debit Card,Female,4.0,5,Laptop & Accessory,3,Married,3,0,14.0,5.0,5.0,13.0,180.93,2,2 - Çok Düşük Risk,9,Etkileşim Mesajı,Aksiyon Yok,False,False,Geçmiş şikâyet işareti yok,Pazarlama Mesajı Üretilmeyecek,False,False,Pazarlama mesajı gerekmiyor,78.0,45.0
118,53669,0,0,0.06453804,14.0,Mobile Phone,1,9.0,Credit Card,Female,3.0,2,Laptop & Accessory,3,Married,7,0,21.0,6.0,12.0,9.0,188.77,2,2 - Çok Düşük Risk,9,Etkileşim Mesajı,Aksiyon Yok,False,False,Geçmiş şikâyet işareti yok,Pazarlama Mesajı Üretilmeyecek,False,False,Pazarlama mesajı gerekmiyor,78.0,45.0
119,51970,0,0,0.06635057,26.0,Mobile Phone,3,13.0,E wallet,Female,3.0,4,Fashion,1,Married,8,1,18.0,0.0,1.0,,209.33999999999997,2,2 - Çok Düşük Risk,9,Etkileşim Mesajı,Aksiyon Yok,False,True,Geçmiş şikâyetin durumu kontrol edilmeli,Pazarlama Mesajı Üretilmeyecek,False,False,Pazarlama mesajı gerekmiyor,78.0,45.0
120,50031,0,0,0.066811725,2.0,Computer,1,6.0,COD,Male,2.0,3,Laptop & Accessory,3,Divorced,2,0,13.0,0.0,1.0,9.0,143.19,2,2 - Çok Düşük Risk,9,Etkileşim Mesajı,Aksiyon Yok,False,False,Geçmiş şikâyet işareti yok,Pazarlama Mesajı Üretilmeyecek,False,False,Pazarlama mesajı gerekmiyor,78.0,45.0
121,53918,0,0,0.066930324,5.0,Mobile Phone,1,9.0,Debit Card,Male,4.0,4,Mobile Phone,3,Married,3,0,15.0,1.0,2.0,4.0,159.77,2,2 - Çok Düşük Risk,9,Etkileşim Mesajı,Aksiyon Yok,False,False,Geçmiş şikâyet işareti yok,Pazarlama Mesajı Üretilmeyecek,False,False,Pazarlama mesajı gerekmiyor,78.0,45.0
122,51904,0,0,0.06738988,5.0,Computer,1,30.0,Debit Card,Male,3.0,3,Laptop & Accessory,1,Married,2,0,15.0,1.0,4.0,7.0,153.09,2,2 - Çok Düşük Risk,9,Etkileşim Mesajı,Aksiyon Yok,False,False,Geçmiş şikâyet işareti yok,Pazarlama Mesajı Üretilmeyecek,False,False,Pazarlama mesajı gerekmiyor,78.0,45.0
123,50402,0,0,0.067466035,12.0,Phone,1,8.0,COD,Female,3.0,4,Laptop & Accessory,3,Single,2,0,11.0,2.0,11.0,10.0,145.53,2,2 - Çok Düşük Risk,9,Etkileşim Mesajı,Aksiyon Yok,False,False,Geçmiş şikâyet işareti yok,Pazarlama Mesajı Üretilmeyecek,False,False,Pazarlama mesajı gerekmiyor,78.0,45.0
124,55338,0,0,0.067555405,24.0,Mobile Phone,1,24.0,Debit Card,Female,3.0,5,Fashion,5,Married,7,0,16.0,1.0,,12.0,257.69,2,2 - Çok Düşük Risk,9,Etkileşim Mesajı,Aksiyon Yok,False,False,Geçmiş şikâyet işareti yok,Pazarlama Mesajı Üretilmeyecek,False,False,Pazarlama mesajı gerekmiyor,78.0,45.0
125,53714,0,0,0.06843836,30.0,Phone,1,7.0,Debit Card,Female,3.0,4,Mobile Phone,5,Divorced,4,0,23.0,2.0,2.0,1.0,145.66,2,2 - Çok Düşük Risk,9,Etkileşim Mesajı,Aksiyon Yok,False,False,Geçmiş şikâyet işareti yok,Pazarlama Mesajı Üretilmeyecek,False,False,Pazarlama mesajı gerekmiyor,78.0,45.0
126,54078,0,0,0.06986883,3.0,Mobile Phone,1,7.0,Debit Card,Male,3.0,4,Laptop & Accessory,5,Married,2,0,13.0,2.0,2.0,3.0,178.73,2,2 - Çok Düşük Risk,9,Etkileşim Mesajı,Aksiyon Yok,False,False,Geçmiş şikâyet işareti yok,Pazarlama Mesajı Üretilmeyecek,False,False,Pazarlama mesajı gerekmiyor,78.0,45.0
127,53755,0,0,0.069990955,4.0,Phone,2,7.0,Debit Card,Male,3.0,4,Mobile Phone,3,Married,2,0,22.0,1.0,2.0,4.0,145.64,2,2 - Çok Düşük Risk,9,Etkileşim Mesajı,Aksiyon Yok,False,False,Geçmiş şikâyet işareti yok,Pazarlama Mesajı Üretilmeyecek,False,False,Pazarlama mesajı gerekmiyor,78.0,45.0
128,50106,0,0,0.070817806,25.0,Phone,1,8.0,Debit Card,Female,2.0,4,Mobile,2,Single,8,0,15.0,0.0,2.0,2.0,132.12,2,2 - Çok Düşük Risk,9,Etkileşim Mesajı,Aksiyon Yok,False,False,Geçmiş şikâyet işareti yok,Pazarlama Mesajı Üretilmeyecek,False,False,Pazarlama mesajı gerekmiyor,78.0,45.0
129,51014,0,0,0.07321614,23.0,Computer,1,26.0,Credit Card,Male,2.0,3,Grocery,3,Married,3,1,15.0,3.0,12.0,,212.45,2,2 - Çok Düşük Risk,9,Etkileşim Mesajı,Aksiyon Yok,False,True,Geçmiş şikâyetin durumu kontrol edilmeli,Pazarlama Mesajı Üretilmeyecek,False,False,Pazarlama mesajı gerekmiyor,78.0,45.0
130,53278,0,0,0.07765805,26.0,Mobile Phone,1,18.0,Debit Card,Female,3.0,4,Laptop & Accessory,3,Divorced,10,0,21.0,2.0,2.0,5.0,156.49,2,2 - Çok Düşük Risk,9,Etkileşim Mesajı,Aksiyon Yok,False,False,Geçmiş şikâyet işareti yok,Pazarlama Mesajı Üretilmeyecek,False,False,Pazarlama mesajı gerekmiyor,78.0,45.0
131,53582,0,0,0.07786393,18.0,Phone,1,9.0,Debit Card,Female,4.0,2,Mobile Phone,2,Divorced,3,0,14.0,7.0,8.0,8.0,145.11,2,2 - Çok Düşük Risk,9,Etkileşim Mesajı,Aksiyon Yok,False,False,Geçmiş şikâyet işareti yok,Pazarlama Mesajı Üretilmeyecek,False,False,Pazarlama mesajı gerekmiyor,78.0,45.0
132,53955,0,0,0.078592576,29.0,Mobile Phone,1,9.0,Credit Card,Male,3.0,5,Others,5,Married,10,0,,1.0,2.0,1.0,315.38,2,2 - Çok Düşük Risk,9,Etkileşim Mesajı,Aksiyon Yok,False,False,Geçmiş şikâyet işareti yok,Pazarlama Mesajı Üretilmeyecek,False,False,Pazarlama mesajı gerekmiyor,78.0,45.0
133,52533,0,0,0.07929486,11.0,Computer,1,7.0,Debit Card,Male,2.0,3,Laptop & Accessory,1,Married,8,0,15.0,1.0,2.0,9.0,147.35,2,2 - Çok Düşük Risk,9,Etkileşim Mesajı,Aksiyon Yok,False,False,Geçmiş şikâyet işareti yok,Pazarlama Mesajı Üretilmeyecek,False,False,Pazarlama mesajı gerekmiyor,78.0,45.0
134,52209,0,0,0.07998789,6.0,Phone,2,8.0,UPI,Male,3.0,3,Mobile Phone,3,Married,2,0,13.0,1.0,1.0,4.0,136.0,2,2 - Çok Düşük Risk,9,Etkileşim Mesajı,Aksiyon Yok,False,False,Geçmiş şikâyet işareti yok,Pazarlama Mesajı Üretilmeyecek,False,False,Pazarlama mesajı gerekmiyor,78.0,45.0
135,54160,0,0,0.08370739,8.0,Mobile Phone,1,15.0,Credit Card,Male,3.0,2,Laptop & Accessory,3,Married,4,0,13.0,1.0,2.0,3.0,169.04,2,2 - Çok Düşük Risk,9,Etkileşim Mesajı,Aksiyon Yok,False,False,Geçmiş şikâyet işareti yok,Pazarlama Mesajı Üretilmeyecek,False,False,Pazarlama mesajı gerekmiyor,78.0,45.0
136,55061,0,0,0.08698568,10.0,Computer,1,10.0,COD,Male,3.0,4,Mobile Phone,4,Married,3,0,13.0,1.0,2.0,8.0,161.92,2,2 - Çok Düşük Risk,9,Etkileşim Mesajı,Aksiyon Yok,False,False,Geçmiş şikâyet işareti yok,Pazarlama Mesajı Üretilmeyecek,False,False,Pazarlama mesajı gerekmiyor,78.0,45.0
137,54043,0,0,0.08728626,18.0,Mobile Phone,1,7.0,Debit Card,Male,4.0,2,Laptop & Accessory,5,Married,4,0,16.0,3.0,3.0,3.0,175.33,2,2 - Çok Düşük Risk,9,Etkileşim Mesajı,Aksiyon Yok,False,False,Geçmiş şikâyet işareti yok,Pazarlama Mesajı Üretilmeyecek,False,False,Pazarlama mesajı gerekmiyor,78.0,45.0
138,51103,0,0,0.08753151,4.0,Phone,1,8.0,Debit Card,Male,3.0,3,Mobile,3,Married,2,0,14.0,0.0,1.0,3.0,134.77,2,2 - Çok Düşük Risk,9,Etkileşim Mesajı,Aksiyon Yok,False,False,Geçmiş şikâyet işareti yok,Pazarlama Mesajı Üretilmeyecek,False,False,Pazarlama mesajı gerekmiyor,78.0,45.0
139,51843,0,0,0.0881258,17.0,Mobile Phone,1,9.0,UPI,Male,2.0,3,Others,1,Married,5,1,,0.0,1.0,1.0,295.13,2,2 - Çok Düşük Risk,9,Etkileşim Mesajı,Aksiyon Yok,False,True,Geçmiş şikâyetin durumu kontrol edilmeli,Pazarlama Mesajı Üretilmeyecek,False,False,Pazarlama mesajı gerekmiyor,78.0,45.0
140,54811,0,0,0.08935538,17.0,Computer,1,7.0,Debit Card,Female,3.0,4,Laptop & Accessory,1,Married,6,0,14.0,2.0,3.0,3.0,180.62,2,2 - Çok Düşük Risk,9,Etkileşim Mesajı,Aksiyon Yok,False,False,Geçmiş şikâyet işareti yok,Pazarlama Mesajı Üretilmeyecek,False,False,Pazarlama mesajı gerekmiyor,78.0,45.0
141,53974,0,0,0.089840926,2.0,Phone,1,7.0,Debit Card,Male,3.0,4,Mobile Phone,1,Married,3,0,12.0,1.0,2.0,4.0,145.44,2,2 - Çok Düşük Risk,9,Etkileşim Mesajı,Aksiyon Yok,False,False,Geçmiş şikâyet işareti yok,Pazarlama Mesajı Üretilmeyecek,False,False,Pazarlama mesajı gerekmiyor,78.0,45.0
142,52654,0,0,0.09004814,11.0,Mobile Phone,3,8.0,E wallet,Female,3.0,5,Laptop & Accessory,1,Married,3,1,20.0,0.0,1.0,3.0,154.05,2,2 - Çok Düşük Risk,9,Etkileşim Mesajı,Aksiyon Yok,False,True,Geçmiş şikâyetin durumu kontrol edilmeli,Pazarlama Mesajı Üretilmeyecek,False,False,Pazarlama mesajı gerekmiyor,78.0,45.0
143,53678,0,0,0.09061491,25.0,Computer,3,9.0,E wallet,Male,3.0,4,Fashion,4,Divorced,4,0,12.0,1.0,4.0,,230.96,2,2 - Çok Düşük Risk,9,Etkileşim Mesajı,Aksiyon Yok,False,False,Geçmiş şikâyet işareti yok,Pazarlama Mesajı Üretilmeyecek,False,False,Pazarlama mesajı gerekmiyor,78.0,45.0
144,54393,0,0,0.09191595,31.0,Phone,2,13.0,Credit Card,Male,3.0,4,Mobile Phone,3,Married,10,0,18.0,1.0,3.0,3.0,147.67,2,2 - Çok Düşük Risk,9,Etkileşim Mesajı,Aksiyon Yok,False,False,Geçmiş şikâyet işareti yok,Pazarlama Mesajı Üretilmeyecek,False,False,Pazarlama mesajı gerekmiyor,78.0,45.0
145,52347,0,0,0.09324102,10.0,Phone,1,17.0,Credit Card,Female,3.0,3,Mobile Phone,3,Single,5,0,18.0,1.0,1.0,2.0,136.29,2,2 - Çok Düşük Risk,9,Etkileşim Mesajı,Aksiyon Yok,False,False,Geçmiş şikâyet işareti yok,Pazarlama Mesajı Üretilmeyecek,False,False,Pazarlama mesajı gerekmiyor,78.0,45.0
146,54549,0,0,0.093589485,16.0,Mobile Phone,1,7.0,Debit Card,Female,4.0,4,Mobile Phone,5,Married,5,0,17.0,1.0,2.0,3.0,150.76,2,2 - Çok Düşük Risk,9,Etkileşim Mesajı,Aksiyon Yok,False,False,Geçmiş şikâyet işareti yok,Pazarlama Mesajı Üretilmeyecek,False,False,Pazarlama mesajı gerekmiyor,78.0,45.0
147,53426,0,0,0.09371887,22.0,Mobile Phone,1,13.0,Debit Card,Male,4.0,5,Laptop & Accessory,3,Single,4,0,14.0,1.0,3.0,3.0,167.4,2,2 - Çok Düşük Risk,9,Etkileşim Mesajı,Aksiyon Yok,False,False,Geçmiş şikâyet işareti yok,Pazarlama Mesajı Üretilmeyecek,False,False,Pazarlama mesajı gerekmiyor,78.0,45.0
148,54248,0,0,0.09392886,25.0,Phone,1,16.0,Debit Card,Male,4.0,4,Mobile Phone,1,Married,5,0,24.0,2.0,2.0,4.0,145.75,2,2 - Çok Düşük Risk,9,Etkileşim Mesajı,Aksiyon Yok,False,False,Geçmiş şikâyet işareti yok,Pazarlama Mesajı Üretilmeyecek,False,False,Pazarlama mesajı gerekmiyor,78.0,45.0
149,52022,0,0,0.09503342,8.0,Phone,1,27.0,Debit Card,Female,2.0,3,Laptop & Accessory,1,Married,2,1,25.0,0.0,1.0,7.0,140.14,2,2 - Çok Düşük Risk,9,Etkileşim Mesajı,Aksiyon Yok,False,True,Geçmiş şikâyetin durumu kontrol edilmeli,Pazarlama Mesajı Üretilmeyecek,False,False,Pazarlama mesajı gerekmiyor,78.0,45.0
150,53816,0,0,0.0952729,3.0,Computer,1,9.0,Debit Card,Male,3.0,4,Laptop & Accessory,1,Married,3,0,20.0,1.0,2.0,,213.53,2,2 - Çok Düşük Risk,9,Etkileşim Mesajı,Aksiyon Yok,False,False,Geçmiş şikâyet işareti yok,Pazarlama Mesajı Üretilmeyecek,False,False,Pazarlama mesajı gerekmiyor,78.0,45.0
151,53081,0,0,0.09974322,17.0,Mobile Phone,1,19.0,Debit Card,Male,3.0,5,Grocery,4,Married,3,0,12.0,,4.0,10.0,268.36,2,2 - Çok Düşük Risk,9,Etkileşim Mesajı,Aksiyon Yok,False,False,Geçmiş şikâyet işareti yok,Pazarlama Mesajı Üretilmeyecek,False,False,Pazarlama mesajı gerekmiyor,78.0,45.0
152,51358,0,0,0.10037472,4.0,Phone,1,32.0,Debit Card,Male,,3,Mobile,3,Married,2,0,17.0,3.0,4.0,3.0,129.11,2,2 - Çok Düşük Risk,9,Etkileşim Mesajı,Aksiyon Yok,False,False,Geçmiş şikâyet işareti yok,Pazarlama Mesajı Üretilmeyecek,False,False,Pazarlama mesajı gerekmiyor,78.0,45.0
153,55420,0,0,0.1010609,4.0,Mobile Phone,1,23.0,Debit Card,Male,3.0,2,Laptop & Accessory,3,Married,5,0,17.0,2.0,2.0,8.0,177.94,2,2 - Çok Düşük Risk,9,Etkileşim Mesajı,Aksiyon Yok,False,False,Geçmiş şikâyet işareti yok,Pazarlama Mesajı Üretilmeyecek,False,False,Pazarlama mesajı gerekmiyor,78.0,45.0
154,53086,0,0,0.10193888,17.0,Computer,1,28.0,Credit Card,Male,4.0,4,Mobile Phone,2,Divorced,9,0,21.0,1.0,2.0,3.0,147.58,2,2 - Çok Düşük Risk,9,Etkileşim Mesajı,Aksiyon Yok,False,False,Geçmiş şikâyet işareti yok,Pazarlama Mesajı Üretilmeyecek,False,False,Pazarlama mesajı gerekmiyor,78.0,45.0
155,52484,0,0,0.10304635,23.0,Computer,1,26.0,Credit Card,Male,2.0,3,Grocery,3,Married,3,1,15.0,0.0,12.0,,212.45,2,2 - Çok Düşük Risk,9,Etkileşim Mesajı,Aksiyon Yok,False,True,Geçmiş şikâyetin durumu kontrol edilmeli,Pazarlama Mesajı Üretilmeyecek,False,False,Pazarlama mesajı gerekmiyor,78.0,45.0
156,51293,0,0,0.10529792,4.0,Phone,3,8.0,Debit Card,Male,,3,Mobile,3,Married,1,0,19.0,1.0,1.0,2.0,130.67,2,2 - Çok Düşük Risk,9,Etkileşim Mesajı,Aksiyon Yok,False,False,Geçmiş şikâyet işareti yok,Pazarlama Mesajı Üretilmeyecek,False,False,Pazarlama mesajı gerekmiyor,78.0,45.0
157,54236,0,0,0.10687912,5.0,Mobile Phone,1,15.0,Debit Card,Female,4.0,4,Laptop & Accessory,1,Single,3,0,24.0,2.0,2.0,9.0,169.24,2,2 - Çok Düşük Risk,9,Etkileşim Mesajı,Aksiyon Yok,False,False,Geçmiş şikâyet işareti yok,Pazarlama Mesajı Üretilmeyecek,False,False,Pazarlama mesajı gerekmiyor,78.0,45.0
158,55239,0,0,0.107993186,18.0,Mobile Phone,1,35.0,Debit Card,Male,3.0,4,Grocery,5,Married,5,0,14.0,,15.0,18.0,288.28,2,2 - Çok Düşük Risk,9,Etkileşim Mesajı,Aksiyon Yok,False,False,Geçmiş şikâyet işareti yok,Pazarlama Mesajı Üretilmeyecek,False,False,Pazarlama mesajı gerekmiyor,78.0,45.0
159,52364,0,0,0.10808139,9.0,Mobile Phone,1,10.0,Debit Card,Male,2.0,4,Laptop & Accessory,1,Single,2,0,16.0,0.0,1.0,8.0,158.1,2,2 - Çok Düşük Risk,9,Etkileşim Mesajı,Aksiyon Yok,False,False,Geçmiş şikâyet işareti yok,Pazarlama Mesajı Üretilmeyecek,False,False,Pazarlama mesajı gerekmiyor,78.0,45.0
160,52251,0,0,0.10823465,2.0,Mobile Phone,1,7.0,Debit Card,Female,2.0,4,Grocery,1,Married,4,0,14.0,,1.0,7.0,261.24,2,2 - Çok Düşük Risk,9,Etkileşim Mesajı,Aksiyon Yok,False,False,Geçmiş şikâyet işareti yok,Pazarlama Mesajı Üretilmeyecek,False,False,Pazarlama mesajı gerekmiyor,78.0,45.0
161,51292,0,0,0.110847086,11.0,Phone,3,6.0,Debit Card,Male,2.0,3,Laptop & Accessory,4,Married,1,0,15.0,4.0,5.0,8.0,144.4,2,2 - Çok Düşük Risk,9,Etkileşim Mesajı,Aksiyon Yok,False,False,Geçmiş şikâyet işareti yok,Pazarlama Mesajı Üretilmeyecek,False,False,Pazarlama mesajı gerekmiyor,78.0,45.0
162,54433,0,0,0.11532694,2.0,Phone,1,16.0,Credit Card,Male,4.0,4,Mobile Phone,1,Married,3,0,24.0,2.0,2.0,5.0,145.7,2,2 - Çok Düşük Risk,9,Etkileşim Mesajı,Aksiyon Yok,False,False,Geçmiş şikâyet işareti yok,Pazarlama Mesajı Üretilmeyecek,False,False,Pazarlama mesajı gerekmiyor,78.0,45.0
163,53543,0,0,0.11546342,3.0,Mobile Phone,1,13.0,Credit Card,Female,3.0,4,Mobile Phone,2,Divorced,3,0,14.0,1.0,2.0,9.0,156.31,2,2 - Çok Düşük Risk,9,Etkileşim Mesajı,Aksiyon Yok,False,False,Geçmiş şikâyet işareti yok,Pazarlama Mesajı Üretilmeyecek,False,False,Pazarlama mesajı gerekmiyor,78.0,45.0
164,55241,0,0,0.11597533,20.0,Mobile Phone,3,10.0,Debit Card,Female,3.0,4,Grocery,4,Married,10,0,13.0,,6.0,2.0,291.06,2,2 - Çok Düşük Risk,9,Etkileşim Mesajı,Aksiyon Yok,False,False,Geçmiş şikâyet işareti yok,Pazarlama Mesajı Üretilmeyecek,False,False,Pazarlama mesajı gerekmiyor,78.0,45.0
165,50307,0,0,0.11789724,27.0,Phone,1,14.0,Debit Card,Female,2.0,3,Laptop & Accessory,3,Single,8,0,11.0,1.0,1.0,0.0,137.8,2,2 - Çok Düşük Risk,9,Etkileşim Mesajı,Aksiyon Yok,False,False,Geçmiş şikâyet işareti yok,Pazarlama Mesajı Üretilmeyecek,False,False,Pazarlama mesajı gerekmiyor,78.0,45.0
166,54757,0,0,0.120505005,9.0,Mobile Phone,1,7.0,Debit Card,Female,3.0,2,Mobile Phone,3,Single,5,0,14.0,3.0,3.0,3.0,150.06,2,2 - Çok Düşük Risk,9,Etkileşim Mesajı,Aksiyon Yok,False,False,Geçmiş şikâyet işareti yok,Pazarlama Mesajı Üretilmeyecek,False,False,Pazarlama mesajı gerekmiyor,78.0,45.0
167,52963,0,0,0.121391274,2.0,Phone,1,16.0,Credit Card,Male,4.0,4,Mobile Phone,2,Divorced,3,0,24.0,2.0,2.0,5.0,145.7,2,2 - Çok Düşük Risk,9,Etkileşim Mesajı,Aksiyon Yok,False,False,Geçmiş şikâyet işareti yok,Pazarlama Mesajı Üretilmeyecek,False,False,Pazarlama mesajı gerekmiyor,78.0,45.0
168,51130,0,0,0.12158267,22.0,Phone,3,17.0,E wallet,Female,3.0,3,Laptop & Accessory,1,Single,4,0,12.0,0.0,1.0,4.0,145.07,2,2 - Çok Düşük Risk,9,Etkileşim Mesajı,Aksiyon Yok,False,False,Geçmiş şikâyet işareti yok,Pazarlama Mesajı Üretilmeyecek,False,False,Pazarlama mesajı gerekmiyor,78.0,45.0
169,51699,0,0,0.12247774,10.0,Mobile Phone,1,12.0,Credit Card,Male,2.0,1,Laptop & Accessory,5,Married,5,1,13.0,6.0,6.0,7.0,159.74,2,2 - Çok Düşük Risk,9,Etkileşim Mesajı,Aksiyon Yok,False,True,Geçmiş şikâyetin durumu kontrol edilmeli,Pazarlama Mesajı Üretilmeyecek,False,False,Pazarlama mesajı gerekmiyor,78.0,45.0
170,55316,0,0,0.12552948,13.0,Mobile Phone,1,10.0,Credit Card,Male,4.0,5,Laptop & Accessory,3,Married,2,0,16.0,1.0,2.0,8.0,155.69,2,2 - Çok Düşük Risk,9,Etkileşim Mesajı,Aksiyon Yok,False,False,Geçmiş şikâyet işareti yok,Pazarlama Mesajı Üretilmeyecek,False,False,Pazarlama mesajı gerekmiyor,78.0,45.0
171,53509,0,0,0.12860757,5.0,Computer,3,27.0,Debit Card,Male,4.0,2,Mobile Phone,2,Divorced,2,0,13.0,2.0,3.0,3.0,152.91,2,2 - Çok Düşük Risk,9,Etkileşim Mesajı,Aksiyon Yok,False,False,Geçmiş şikâyet işareti yok,Pazarlama Mesajı Üretilmeyecek,False,False,Pazarlama mesajı gerekmiyor,78.0,45.0
172,51066,0,0,0.13061222,5.0,Mobile Phone,1,8.0,Credit Card,Male,2.0,3,Laptop & Accessory,4,Married,1,0,13.0,0.0,1.0,6.0,154.7,2,2 - Çok Düşük Risk,9,Etkileşim Mesajı,Aksiyon Yok,False,False,Geçmiş şikâyet işareti yok,Pazarlama Mesajı Üretilmeyecek,False,False,Pazarlama mesajı gerekmiyor,78.0,45.0
173,50142,0,0,0.13417152,4.0,Mobile Phone,1,29.0,Credit Card,Male,3.0,4,Laptop & Accessory,2,Divorced,1,0,21.0,1.0,7.0,8.0,155.82,2,2 - Çok Düşük Risk,9,Etkileşim Mesajı,Aksiyon Yok,False,False,Geçmiş şikâyet işareti yok,Pazarlama Mesajı Üretilmeyecek,False,False,Pazarlama mesajı gerekmiyor,78.0,45.0
174,51644,0,0,0.13807899,9.0,Computer,1,24.0,Debit Card,Male,2.0,1,Mobile Phone,1,Married,5,0,18.0,1.0,1.0,0.0,136.88,2,2 - Çok Düşük Risk,9,Etkileşim Mesajı,Aksiyon Yok,False,False,Geçmiş şikâyet işareti yok,Pazarlama Mesajı Üretilmeyecek,False,False,Pazarlama mesajı gerekmiyor,78.0,45.0
175,53340,0,0,0.13965659,27.0,Mobile Phone,1,30.0,Debit Card,Female,4.0,4,Grocery,2,Single,8,0,19.0,,4.0,9.0,267.75,2,2 - Çok Düşük Risk,9,Etkileşim Mesajı,Aksiyon Yok,False,False,Geçmiş şikâyet işareti yok,Pazarlama Mesajı Üretilmeyecek,False,False,Pazarlama mesajı gerekmiyor,78.0,45.0
176,52091,0,0,0.14019707,28.0,Computer,1,24.0,Credit Card,Male,3.0,3,Laptop & Accessory,4,Married,4,1,14.0,2.0,6.0,7.0,163.85,2,2 - Çok Düşük Risk,9,Etkileşim Mesajı,Aksiyon Yok,False,True,Geçmiş şikâyetin durumu kontrol edilmeli,Pazarlama Mesajı Üretilmeyecek,False,False,Pazarlama mesajı gerekmiyor,78.0,45.0
177,52504,0,0,0.14036146,10.0,Mobile Phone,1,25.0,Debit Card,Male,2.0,3,Laptop & Accessory,3,Married,4,0,17.0,0.0,1.0,2.0,157.68,2,2 - Çok Düşük Risk,9,Etkileşim Mesajı,Aksiyon Yok,False,False,Geçmiş şikâyet işareti yok,Pazarlama Mesajı Üretilmeyecek,False,False,Pazarlama mesajı gerekmiyor,78.0,45.0
178,54485,0,0,0.14082071,4.0,Mobile Phone,1,35.0,Credit Card,Female,4.0,4,Laptop & Accessory,1,Married,3,0,14.0,2.0,2.0,10.0,182.75,2,2 - Çok Düşük Risk,9,Etkileşim Mesajı,Aksiyon Yok,False,False,Geçmiş şikâyet işareti yok,Pazarlama Mesajı Üretilmeyecek,False,False,Pazarlama mesajı gerekmiyor,78.0,45.0
179,51759,0,0,0.14239244,15.0,Computer,1,34.0,COD,Female,2.0,4,Laptop & Accessory,1,Married,1,0,11.0,0.0,1.0,4.0,145.23,2,2 - Çok Düşük Risk,9,Etkileşim Mesajı,Aksiyon Yok,False,False,Geçmiş şikâyet işareti yok,Pazarlama Mesajı Üretilmeyecek,False,False,Pazarlama mesajı gerekmiyor,78.0,45.0
180,50835,0,0,0.14344834,13.0,Phone,1,8.0,Debit Card,Male,3.0,3,Laptop & Accessory,2,Single,2,0,13.0,3.0,8.0,8.0,146.61,2,2 - Çok Düşük Risk,9,Etkileşim Mesajı,Aksiyon Yok,False,False,Geçmiş şikâyet işareti yok,Pazarlama Mesajı Üretilmeyecek,False,False,Pazarlama mesajı gerekmiyor,78.0,45.0
181,50719,0,0,0.14462115,0.0,Phone,1,9.0,Credit Card,Male,2.0,1,Mobile Phone,2,Divorced,2,0,22.0,1.0,1.0,7.0,144.2,2,2 - Çok Düşük Risk,9,Etkileşim Mesajı,Aksiyon Yok,False,False,Geçmiş şikâyet işareti yok,Pazarlama Mesajı Üretilmeyecek,False,False,Pazarlama mesajı gerekmiyor,78.0,45.0
182,50157,0,0,0.14663768,15.0,Phone,3,6.0,Debit Card,Male,2.0,3,Laptop & Accessory,3,Divorced,2,0,25.0,4.0,11.0,6.0,149.07,2,2 - Çok Düşük Risk,9,Etkileşim Mesajı,Aksiyon Yok,False,False,Geçmiş şikâyet işareti yok,Pazarlama Mesajı Üretilmeyecek,False,False,Pazarlama mesajı gerekmiyor,78.0,45.0
183,50473,0,0,0.14682099,15.0,Mobile Phone,1,6.0,Debit Card,Female,2.0,4,Laptop & Accessory,2,Divorced,10,1,13.0,0.0,1.0,2.0,160.62,2,2 - Çok Düşük Risk,9,Etkileşim Mesajı,Aksiyon Yok,False,True,Geçmiş şikâyetin durumu kontrol edilmeli,Pazarlama Mesajı Üretilmeyecek,False,False,Pazarlama mesajı gerekmiyor,78.0,45.0
184,53135,0,0,0.14835218,22.0,Mobile Phone,3,9.0,E wallet,Female,3.0,4,Laptop & Accessory,2,Divorced,4,0,15.0,5.0,7.0,8.0,165.51,2,2 - Çok Düşük Risk,9,Etkileşim Mesajı,Aksiyon Yok,False,False,Geçmiş şikâyet işareti yok,Pazarlama Mesajı Üretilmeyecek,False,False,Pazarlama mesajı gerekmiyor,78.0,45.0
185,54904,0,0,0.1496669,31.0,Mobile Phone,1,9.0,Debit Card,Female,4.0,5,Grocery,1,Single,5,1,14.0,,5.0,4.0,262.26,2,2 - Çok Düşük Risk,9,Etkileşim Mesajı,Aksiyon Yok,False,True,Geçmiş şikâyetin durumu kontrol edilmeli,Pazarlama Mesajı Üretilmeyecek,False,False,Pazarlama mesajı gerekmiyor,78.0,45.0
186,52305,0,0,0.14982326,13.0,Phone,1,8.0,Debit Card,Male,3.0,3,Laptop & Accessory,1,Single,2,0,13.0,3.0,8.0,8.0,146.61,2,2 - Çok Düşük Risk,9,Etkileşim Mesajı,Aksiyon Yok,False,False,Geçmiş şikâyet işareti yok,Pazarlama Mesajı Üretilmeyecek,False,False,Pazarlama mesajı gerekmiyor,78.0,45.0
187,50064,0,0,0.15013753,7.0,Computer,1,8.0,Debit Card,Male,2.0,4,Laptop & Accessory,3,Divorced,2,0,17.0,0.0,1.0,9.0,195.47,2,2 - Çok Düşük Risk,9,Etkileşim Mesajı,Aksiyon Yok,False,False,Geçmiş şikâyet işareti yok,Pazarlama Mesajı Üretilmeyecek,False,False,Pazarlama mesajı gerekmiyor,78.0,45.0
188,54317,0,0,0.15113473,25.0,Mobile Phone,1,14.0,Credit Card,Male,3.0,5,Laptop & Accessory,3,Married,4,0,18.0,2.0,2.0,1.0,186.32,2,2 - Çok Düşük Risk,9,Etkileşim Mesajı,Aksiyon Yok,False,False,Geçmiş şikâyet işareti yok,Pazarlama Mesajı Üretilmeyecek,False,False,Pazarlama mesajı gerekmiyor,78.0,45.0
189,50606,0,0,0.15173554,3.0,Mobile Phone,1,14.0,Debit Card,Female,3.0,1,Fashion,5,Divorced,1,1,12.0,0.0,1.0,,214.16000000000003,2,2 - Çok Düşük Risk,9,Etkileşim Mesajı,Aksiyon Yok,False,True,Geçmiş şikâyetin durumu kontrol edilmeli,Pazarlama Mesajı Üretilmeyecek,False,False,Pazarlama mesajı gerekmiyor,78.0,45.0
190,54894,0,0,0.15292954,1.0,Mobile Phone,1,9.0,Credit Card,Male,3.0,2,Laptop & Accessory,1,Married,3,0,13.0,2.0,2.0,4.0,179.72,2,2 - Çok Düşük Risk,9,Etkileşim Mesajı,Aksiyon Yok,False,False,Geçmiş şikâyet işareti yok,Pazarlama Mesajı Üretilmeyecek,False,False,Pazarlama mesajı gerekmiyor,78.0,45.0
191,51123,0,0,0.15364483,4.0,Mobile Phone,3,11.0,COD,Male,2.0,3,Laptop & Accessory,3,Married,2,0,19.0,0.0,1.0,2.0,183.46,2,2 - Çok Düşük Risk,9,Etkileşim Mesajı,Aksiyon Yok,False,False,Geçmiş şikâyet işareti yok,Pazarlama Mesajı Üretilmeyecek,False,False,Pazarlama mesajı gerekmiyor,78.0,45.0
192,50650,0,0,0.15380505,28.0,Computer,1,8.0,Credit Card,Male,2.0,4,Grocery,5,Single,8,0,15.0,,6.0,2.0,267.56,2,2 - Çok Düşük Risk,9,Etkileşim Mesajı,Aksiyon Yok,False,False,Geçmiş şikâyet işareti yok,Pazarlama Mesajı Üretilmeyecek,False,False,Pazarlama mesajı gerekmiyor,78.0,45.0
193,52120,0,0,0.15380505,28.0,Computer,1,8.0,Credit Card,Male,2.0,4,Grocery,5,Single,8,0,15.0,,6.0,2.0,267.56,2,2 - Çok Düşük Risk,9,Etkileşim Mesajı,Aksiyon Yok,False,False,Geçmiş şikâyet işareti yok,Pazarlama Mesajı Üretilmeyecek,False,False,Pazarlama mesajı gerekmiyor,78.0,45.0
194,53528,0,0,0.15525794,14.0,Computer,1,16.0,Credit Card,Female,3.0,4,Fashion,3,Single,11,0,18.0,1.0,,14.0,259.99,2,2 - Çok Düşük Risk,9,Etkileşim Mesajı,Aksiyon Yok,False,False,Geçmiş şikâyet işareti yok,Pazarlama Mesajı Üretilmeyecek,False,False,Pazarlama mesajı gerekmiyor,78.0,45.0
195,53574,0,0,0.15701595,7.0,Mobile Phone,1,16.0,Credit Card,Male,3.0,4,Mobile Phone,2,Divorced,2,0,14.0,2.0,5.0,11.0,152.81,2,2 - Çok Düşük Risk,9,Etkileşim Mesajı,Aksiyon Yok,False,False,Geçmiş şikâyet işareti yok,Pazarlama Mesajı Üretilmeyecek,False,False,Pazarlama mesajı gerekmiyor,78.0,45.0
196,55577,0,0,0.15735677,12.0,Mobile Phone,3,8.0,Debit Card,Male,3.0,4,Laptop & Accessory,4,Married,2,0,16.0,2.0,6.0,9.0,169.4,2,2 - Çok Düşük Risk,9,Etkileşim Mesajı,Aksiyon Yok,False,False,Geçmiş şikâyet işareti yok,Pazarlama Mesajı Üretilmeyecek,False,False,Pazarlama mesajı gerekmiyor,78.0,45.0
197,52764,0,0,0.15774876,11.0,Computer,1,12.0,Debit Card,Male,3.0,4,Laptop & Accessory,3,Married,3,0,11.0,2.0,7.0,7.0,153.21,2,2 - Çok Düşük Risk,9,Etkileşim Mesajı,Aksiyon Yok,False,False,Geçmiş şikâyet işareti yok,Pazarlama Mesajı Üretilmeyecek,False,False,Pazarlama mesajı gerekmiyor,78.0,45.0
198,51612,0,0,0.15830043,4.0,Mobile Phone,1,29.0,Credit Card,Male,3.0,4,Laptop & Accessory,1,Married,1,0,21.0,0.0,7.0,8.0,155.82,2,2 - Çok Düşük Risk,9,Etkileşim Mesajı,Aksiyon Yok,False,False,Geçmiş şikâyet işareti yok,Pazarlama Mesajı Üretilmeyecek,False,False,Pazarlama mesajı gerekmiyor,78.0,45.0
199,55184,0,0,0.15860769,30.0,Phone,1,8.0,Debit Card,Female,3.0,4,Mobile Phone,5,Married,4,0,23.0,1.0,2.0,1.0,145.66,2,2 - Çok Düşük Risk,9,Etkileşim Mesajı,Aksiyon Yok,False,False,Geçmiş şikâyet işareti yok,Pazarlama Mesajı Üretilmeyecek,False,False,Pazarlama mesajı gerekmiyor,78.0,45.0
200,52418,0,0,0.15896238,2.0,Computer,1,8.0,Debit Card,Female,3.0,3,Mobile,4,Married,1,0,13.0,1.0,1.0,2.0,131.8,2,2 - Çok Düşük Risk,9,Etkileşim Mesajı,Aksiyon Yok,False,False,Geçmiş şikâyet işareti yok,Pazarlama Mesajı Üretilmeyecek,False,False,Pazarlama mesajı gerekmiyor,78.0,45.0
201,51216,0,0,0.15979071,9.0,Mobile Phone,3,16.0,COD,Female,3.0,4,Laptop & Accessory,3,Married,2,1,13.0,1.0,1.0,7.0,156.73,2,2 - Çok Düşük Risk,9,Etkileşim Mesajı,Aksiyon Yok,False,True,Geçmiş şikâyetin durumu kontrol edilmeli,Pazarlama Mesajı Üretilmeyecek,False,False,Pazarlama mesajı gerekmiyor,78.0,45.0
202,55139,0,0,0.15994872,14.0,Mobile Phone,1,9.0,Credit Card,Female,3.0,2,Laptop & Accessory,3,Married,7,0,21.0,7.0,12.0,9.0,188.77,2,2 - Çok Düşük Risk,9,Etkileşim Mesajı,Aksiyon Yok,False,False,Geçmiş şikâyet işareti yok,Pazarlama Mesajı Üretilmeyecek,False,False,Pazarlama mesajı gerekmiyor,78.0,45.0
203,52334,0,0,0.16105191,14.0,Computer,1,28.0,Debit Card,Female,3.0,3,Laptop & Accessory,1,Married,4,1,14.0,2.0,3.0,3.0,154.67,2,2 - Çok Düşük Risk,9,Etkileşim Mesajı,Aksiyon Yok,False,True,Geçmiş şikâyetin durumu kontrol edilmeli,Pazarlama Mesajı Üretilmeyecek,False,False,Pazarlama mesajı gerekmiyor,78.0,45.0
204,52692,0,0,0.16167486,18.0,Mobile Phone,1,31.0,Debit Card,Female,3.0,4,Laptop & Accessory,1,Married,1,0,13.0,0.0,3.0,8.0,159.06,2,2 - Çok Düşük Risk,9,Etkileşim Mesajı,Aksiyon Yok,False,False,Geçmiş şikâyet işareti yok,Pazarlama Mesajı Üretilmeyecek,False,False,Pazarlama mesajı gerekmiyor,78.0,45.0
205,50670,0,0,0.16319373,7.0,Computer,1,9.0,Debit Card,Male,2.0,3,Laptop & Accessory,2,Single,1,0,17.0,1.0,1.0,4.0,177.56,2,2 - Çok Düşük Risk,9,Etkileşim Mesajı,Aksiyon Yok,False,False,Geçmiş şikâyet işareti yok,Pazarlama Mesajı Üretilmeyecek,False,False,Pazarlama mesajı gerekmiyor,78.0,45.0
206,50134,0,0,0.16333355,24.0,Phone,1,6.0,Debit Card,Male,,3,Mobile,2,Divorced,2,0,11.0,1.0,1.0,0.0,127.22999999999999,2,2 - Çok Düşük Risk,9,Etkileşim Mesajı,Aksiyon Yok,False,False,Geçmiş şikâyet işareti yok,Pazarlama Mesajı Üretilmeyecek,False,False,Pazarlama mesajı gerekmiyor,78.0,45.0
207,51310,0,0,0.16478223,25.0,Computer,3,126.0,Debit Card,Male,2.0,3,Mobile,1,Married,3,0,15.0,1.0,1.0,0.0,134.82,2,2 - Çok Düşük Risk,9,Etkileşim Mesajı,Aksiyon Yok,False,False,Geçmiş şikâyet işareti yok,Pazarlama Mesajı Üretilmeyecek,False,False,Pazarlama mesajı gerekmiyor,78.0,45.0
208,51238,0,0,0.16622847,18.0,Computer,1,6.0,Credit Card,Male,2.0,3,Laptop & Accessory,3,Single,5,0,12.0,1.0,1.0,3.0,153.99,2,2 - Çok Düşük Risk,9,Etkileşim Mesajı,Aksiyon Yok,False,False,Geçmiş şikâyet işareti yok,Pazarlama Mesajı Üretilmeyecek,False,False,Pazarlama mesajı gerekmiyor,78.0,45.0
209,54243,0,0,0.16815092,29.0,Mobile Phone,3,7.0,Debit Card,Male,4.0,4,Fashion,1,Married,5,0,15.0,1.0,2.0,,227.39,2,2 - Çok Düşük Risk,9,Etkileşim Mesajı,Aksiyon Yok,False,False,Geçmiş şikâyet işareti yok,Pazarlama Mesajı Üretilmeyecek,False,False,Pazarlama mesajı gerekmiyor,78.0,45.0
210,51534,0,0,0.16871274,7.0,Computer,1,8.0,Debit Card,Male,2.0,4,Laptop & Accessory,3,Married,2,0,17.0,0.0,1.0,9.0,195.47,2,2 - Çok Düşük Risk,9,Etkileşim Mesajı,Aksiyon Yok,False,False,Geçmiş şikâyet işareti yok,Pazarlama Mesajı Üretilmeyecek,False,False,Pazarlama mesajı gerekmiyor,78.0,45.0
211,55389,0,0,0.17187217,15.0,Computer,2,11.0,UPI,Male,3.0,6,Laptop & Accessory,4,Married,8,0,20.0,1.0,2.0,3.0,189.3,2,2 - Çok Düşük Risk,9,Etkileşim Mesajı,Aksiyon Yok,False,False,Geçmiş şikâyet işareti yok,Pazarlama Mesajı Üretilmeyecek,False,False,Pazarlama mesajı gerekmiyor,78.0,45.0
212,52511,0,0,0.17267556,17.0,Computer,2,7.0,UPI,Male,2.0,3,Laptop & Accessory,1,Married,5,1,11.0,1.0,1.0,2.0,157.43,2,2 - Çok Düşük Risk,9,Etkileşim Mesajı,Aksiyon Yok,False,True,Geçmiş şikâyetin durumu kontrol edilmeli,Pazarlama Mesajı Üretilmeyecek,False,False,Pazarlama mesajı gerekmiyor,78.0,45.0
213,50485,0,0,0.17343368,16.0,Mobile Phone,1,20.0,Debit Card,Male,3.0,3,Grocery,5,Divorced,7,0,24.0,,1.0,0.0,271.59,2,2 - Çok Düşük Risk,9,Etkileşim Mesajı,Aksiyon Yok,False,False,Geçmiş şikâyet işareti yok,Pazarlama Mesajı Üretilmeyecek,False,False,Pazarlama mesajı gerekmiyor,78.0,45.0
214,52949,0,0,0.17521697,25.0,Mobile Phone,1,7.0,Debit Card,Male,4.0,4,Mobile Phone,2,Divorced,3,0,12.0,2.0,2.0,1.0,152.23,2,2 - Çok Düşük Risk,9,Etkileşim Mesajı,Aksiyon Yok,False,False,Geçmiş şikâyet işareti yok,Pazarlama Mesajı Üretilmeyecek,False,False,Pazarlama mesajı gerekmiyor,78.0,45.0
215,55413,0,0,0.17765048,8.0,Mobile Phone,1,9.0,Credit Card,Male,4.0,2,Mobile Phone,1,Married,2,1,15.0,2.0,2.0,3.0,154.32,2,2 - Çok Düşük Risk,9,Etkileşim Mesajı,Aksiyon Yok,False,True,Geçmiş şikâyetin durumu kontrol edilmeli,Pazarlama Mesajı Üretilmeyecek,False,False,Pazarlama mesajı gerekmiyor,78.0,45.0
216,52890,0,0,0.18102619,12.0,Mobile Phone,1,36.0,COD,Male,3.0,4,Laptop & Accessory,2,Divorced,5,0,19.0,1.0,2.0,8.0,187.61,2,2 - Çok Düşük Risk,9,Etkileşim Mesajı,Aksiyon Yok,False,False,Geçmiş şikâyet işareti yok,Pazarlama Mesajı Üretilmeyecek,False,False,Pazarlama mesajı gerekmiyor,78.0,45.0
217,50214,0,0,0.18570112,3.0,Mobile Phone,3,11.0,E wallet,Female,1.0,4,Laptop & Accessory,3,Married,2,0,13.0,0.0,1.0,2.0,161.18,2,2 - Çok Düşük Risk,9,Etkileşim Mesajı,Aksiyon Yok,False,False,Geçmiş şikâyet işareti yok,Pazarlama Mesajı Üretilmeyecek,False,False,Pazarlama mesajı gerekmiyor,78.0,45.0
218,54547,0,0,0.18661736,11.0,Mobile Phone,1,21.0,Debit Card,Female,4.0,4,Mobile Phone,5,Married,3,0,13.0,11.0,13.0,18.0,155.34,2,2 - Çok Düşük Risk,9,Etkileşim Mesajı,Aksiyon Yok,False,False,Geçmiş şikâyet işareti yok,Pazarlama Mesajı Üretilmeyecek,False,False,Pazarlama mesajı gerekmiyor,78.0,45.0
219,54873,0,0,0.18764998,7.0,Mobile Phone,1,20.0,Debit Card,Female,3.0,4,Mobile Phone,1,Single,5,0,19.0,2.0,2.0,3.0,159.52,2,2 - Çok Düşük Risk,9,Etkileşim Mesajı,Aksiyon Yok,False,False,Geçmiş şikâyet işareti yok,Pazarlama Mesajı Üretilmeyecek,False,False,Pazarlama mesajı gerekmiyor,78.0,45.0
220,50702,0,0,0.18861046,11.0,Phone,2,6.0,UPI,Male,,1,Mobile,3,Divorced,2,0,13.0,1.0,5.0,0.0,128.44,2,2 - Çok Düşük Risk,9,Etkileşim Mesajı,Aksiyon Yok,False,False,Geçmiş şikâyet işareti yok,Pazarlama Mesajı Üretilmeyecek,False,False,Pazarlama mesajı gerekmiyor,78.0,45.0
221,53995,0,0,0.19225094,14.0,Mobile Phone,1,19.0,Debit Card,Female,3.0,4,Laptop & Accessory,5,Married,4,0,13.0,8.0,8.0,8.0,169.48,2,2 - Çok Düşük Risk,9,Etkileşim Mesajı,Aksiyon Yok,False,False,Geçmiş şikâyet işareti yok,Pazarlama Mesajı Üretilmeyecek,False,False,Pazarlama mesajı gerekmiyor,78.0,45.0
222,51421,0,0,0.19311881,4.0,Phone,1,14.0,Debit Card,Female,3.0,3,Laptop & Accessory,1,Single,2,0,23.0,1.0,1.0,8.0,144.24,2,2 - Çok Düşük Risk,9,Etkileşim Mesajı,Aksiyon Yok,False,False,Geçmiş şikâyet işareti yok,Pazarlama Mesajı Üretilmeyecek,False,False,Pazarlama mesajı gerekmiyor,78.0,45.0
223,52630,0,0,0.19317083,12.0,Mobile Phone,1,16.0,Credit Card,Male,3.0,3,Fashion,3,Single,8,0,21.0,2.0,,2.0,234.64,2,2 - Çok Düşük Risk,9,Etkileşim Mesajı,Aksiyon Yok,False,False,Geçmiş şikâyet işareti yok,Pazarlama Mesajı Üretilmeyecek,False,False,Pazarlama mesajı gerekmiyor,78.0,45.0
224,50701,0,0,0.19580166,2.0,Mobile Phone,1,14.0,Credit Card,Male,3.0,4,Laptop & Accessory,2,Divorced,2,1,13.0,0.0,1.0,2.0,150.56,2,2 - Çok Düşük Risk,9,Etkileşim Mesajı,Aksiyon Yok,False,True,Geçmiş şikâyetin durumu kontrol edilmeli,Pazarlama Mesajı Üretilmeyecek,False,False,Pazarlama mesajı gerekmiyor,78.0,45.0
225,54232,0,0,0.19645856,3.0,Mobile Phone,1,9.0,Debit Card,Male,4.0,4,Mobile Phone,4,Married,2,0,24.0,2.0,2.0,5.0,152.03,2,2 - Çok Düşük Risk,9,Etkileşim Mesajı,Aksiyon Yok,False,False,Geçmiş şikâyet işareti yok,Pazarlama Mesajı Üretilmeyecek,False,False,Pazarlama mesajı gerekmiyor,78.0,45.0
226,54683,0,0,0.19893935,11.0,Mobile Phone,1,17.0,Debit Card,Male,4.0,2,Mobile Phone,1,Single,5,0,18.0,2.0,2.0,1.0,171.8,3,3 - Düşük Risk,8,Etkileşim Mesajı,Aksiyon Yok,False,False,Geçmiş şikâyet işareti yok,Pazarlama Mesajı Üretilmeyecek,False,False,Pazarlama mesajı gerekmiyor,65.0,57.99999999999999
227,50180,0,0,0.19917133,12.0,Mobile Phone,1,6.0,Credit Card,Male,2.0,2,Fashion,2,Married,1,0,17.0,3.0,3.0,7.0,196.13,3,3 - Düşük Risk,8,Etkileşim Mesajı,Aksiyon Yok,False,False,Geçmiş şikâyet işareti yok,Pazarlama Mesajı Üretilmeyecek,False,False,Pazarlama mesajı gerekmiyor,65.0,57.99999999999999
228,51655,0,0,0.20473853,4.0,Phone,1,11.0,COD,Male,2.0,3,Mobile Phone,1,Married,1,1,12.0,1.0,1.0,3.0,148.21,3,3 - Düşük Risk,8,Etkileşim Mesajı,Aksiyon Yok,False,True,Geçmiş şikâyetin durumu kontrol edilmeli,Pazarlama Mesajı Üretilmeyecek,False,False,Pazarlama mesajı gerekmiyor,65.0,57.99999999999999
229,50844,0,0,0.20475383,9.0,Computer,3,13.0,E wallet,Female,2.0,1,Laptop & Accessory,5,Divorced,3,0,16.0,5.0,6.0,13.0,146.39,3,3 - Düşük Risk,8,Etkileşim Mesajı,Aksiyon Yok,False,False,Geçmiş şikâyet işareti yok,Pazarlama Mesajı Üretilmeyecek,False,False,Pazarlama mesajı gerekmiyor,65.0,57.99999999999999
230,51016,0,0,0.20617121,17.0,Mobile Phone,1,13.0,Credit Card,Female,2.0,3,Others,1,Married,1,1,14.0,,1.0,10.0,290.49,3,3 - Düşük Risk,8,Etkileşim Mesajı,Aksiyon Yok,False,True,Geçmiş şikâyetin durumu kontrol edilmeli,Pazarlama Mesajı Üretilmeyecek,False,False,Pazarlama mesajı gerekmiyor,65.0,57.99999999999999
231,50697,0,0,0.20681058,22.0,Mobile Phone,3,14.0,Cash on Delivery,Male,2.0,4,Grocery,4,Divorced,7,0,17.0,1.0,2.0,,231.2,3,3 - Düşük Risk,8,Etkileşim Mesajı,Aksiyon Yok,False,False,Geçmiş şikâyet işareti yok,Pazarlama Mesajı Üretilmeyecek,False,False,Pazarlama mesajı gerekmiyor,65.0,57.99999999999999
232,53720,0,0,0.21098936,14.0,Computer,1,16.0,UPI,Male,3.0,4,Laptop & Accessory,3,Married,5,0,12.0,2.0,2.0,8.0,164.75,3,3 - Düşük Risk,8,Etkileşim Mesajı,Aksiyon Yok,False,False,Geçmiş şikâyet işareti yok,Pazarlama Mesajı Üretilmeyecek,False,False,Pazarlama mesajı gerekmiyor,65.0,57.99999999999999
233,51951,0,0,0.21119718,11.0,Computer,1,18.0,Debit Card,Male,0.0,4,Laptop & Accessory,5,Married,3,0,15.0,1.0,1.0,2.0,162.88,3,3 - Düşük Risk,8,Etkileşim Mesajı,Aksiyon Yok,False,False,Geçmiş şikâyet işareti yok,Pazarlama Mesajı Üretilmeyecek,False,False,Pazarlama mesajı gerekmiyor,65.0,57.99999999999999
234,50324,0,0,0.21425498,13.0,Mobile Phone,1,12.0,Debit Card,Female,3.0,3,Grocery,3,Single,8,0,15.0,4.0,,13.0,232.37,3,3 - Düşük Risk,8,Etkileşim Mesajı,Aksiyon Yok,False,False,Geçmiş şikâyet işareti yok,Pazarlama Mesajı Üretilmeyecek,False,False,Pazarlama mesajı gerekmiyor,65.0,57.99999999999999
235,52466,0,0,0.21931033,11.0,Phone,3,22.0,Debit Card,Female,2.0,3,Laptop & Accessory,4,Single,3,0,12.0,1.0,1.0,2.0,141.98,3,3 - Düşük Risk,8,Etkileşim Mesajı,Aksiyon Yok,False,False,Geçmiş şikâyet işareti yok,Pazarlama Mesajı Üretilmeyecek,False,False,Pazarlama mesajı gerekmiyor,65.0,57.99999999999999
236,53371,0,0,0.22034371,10.0,Mobile Phone,1,14.0,UPI,Male,4.0,4,Mobile Phone,2,Single,4,0,19.0,1.0,2.0,2.0,171.78,3,3 - Düşük Risk,8,Etkileşim Mesajı,Aksiyon Yok,False,False,Geçmiş şikâyet işareti yok,Pazarlama Mesajı Üretilmeyecek,False,False,Pazarlama mesajı gerekmiyor,65.0,57.99999999999999
237,55264,0,0,0.22109234,22.0,Mobile Phone,3,23.0,Debit Card,Female,4.0,4,Laptop & Accessory,3,Married,10,0,15.0,8.0,8.0,8.0,189.39,3,3 - Düşük Risk,8,Etkileşim Mesajı,Aksiyon Yok,False,False,Geçmiş şikâyet işareti yok,Pazarlama Mesajı Üretilmeyecek,False,False,Pazarlama mesajı gerekmiyor,65.0,57.99999999999999
238,54156,0,0,0.2223427,10.0,Computer,1,30.0,Credit Card,Male,3.0,2,Laptop & Accessory,1,Married,6,0,18.0,1.0,2.0,4.0,150.71,3,3 - Düşük Risk,8,Etkileşim Mesajı,Aksiyon Yok,False,False,Geçmiş şikâyet işareti yok,Pazarlama Mesajı Üretilmeyecek,False,False,Pazarlama mesajı gerekmiyor,65.0,57.99999999999999
239,51194,0,0,0.22254792,2.0,Computer,1,26.0,Credit Card,Male,2.0,3,Mobile Phone,1,Married,2,0,13.0,1.0,3.0,10.0,138.12,3,3 - Düşük Risk,8,Etkileşim Mesajı,Aksiyon Yok,False,False,Geçmiş şikâyet işareti yok,Pazarlama Mesajı Üretilmeyecek,False,False,Pazarlama mesajı gerekmiyor,65.0,57.99999999999999
240,52756,0,0,0.22578311,13.0,Mobile Phone,3,8.0,E wallet,Female,3.0,3,Laptop & Accessory,4,Married,4,0,14.0,1.0,5.0,10.0,156.77,3,3 - Düşük Risk,8,Etkileşim Mesajı,Aksiyon Yok,False,False,Geçmiş şikâyet işareti yok,Pazarlama Mesajı Üretilmeyecek,False,False,Pazarlama mesajı gerekmiyor,65.0,57.99999999999999
241,53273,0,0,0.22668992,14.0,Computer,1,9.0,Credit Card,Female,3.0,2,Laptop & Accessory,4,Divorced,3,0,25.0,1.0,4.0,8.0,167.44,3,3 - Düşük Risk,8,Etkileşim Mesajı,Aksiyon Yok,False,False,Geçmiş şikâyet işareti yok,Pazarlama Mesajı Üretilmeyecek,False,False,Pazarlama mesajı gerekmiyor,65.0,57.99999999999999
242,53016,0,0,0.22677688,5.0,Computer,1,14.0,Debit Card,Female,3.0,5,Fashion,3,Divorced,3,0,25.0,4.0,9.0,,214.43,3,3 - Düşük Risk,8,Etkileşim Mesajı,Aksiyon Yok,False,False,Geçmiş şikâyet işareti yok,Pazarlama Mesajı Üretilmeyecek,False,False,Pazarlama mesajı gerekmiyor,65.0,57.99999999999999
243,50821,0,0,0.2276686,23.0,Mobile Phone,1,34.0,Debit Card,Female,2.0,3,Grocery,5,Divorced,5,1,11.0,,1.0,2.0,268.8,3,3 - Düşük Risk,8,Etkileşim Mesajı,Aksiyon Yok,False,True,Geçmiş şikâyetin durumu kontrol edilmeli,Pazarlama Mesajı Üretilmeyecek,False,False,Pazarlama mesajı gerekmiyor,65.0,57.99999999999999
244,53104,0,0,0.23057677,16.0,Computer,1,35.0,COD,Female,3.0,5,Laptop & Accessory,2,Divorced,2,0,12.0,1.0,2.0,5.0,170.23,3,3 - Düşük Risk,8,Etkileşim Mesajı,Aksiyon Yok,False,False,Geçmiş şikâyet işareti yok,Pazarlama Mesajı Üretilmeyecek,False,False,Pazarlama mesajı gerekmiyor,65.0,57.99999999999999
245,54898,0,0,0.23078379,15.0,Mobile Phone,1,14.0,Credit Card,Female,3.0,4,Laptop & Accessory,3,Single,8,0,15.0,3.0,3.0,2.0,175.03,3,3 - Düşük Risk,8,Etkileşim Mesajı,Aksiyon Yok,False,False,Geçmiş şikâyet işareti yok,Pazarlama Mesajı Üretilmeyecek,False,False,Pazarlama mesajı gerekmiyor,65.0,57.99999999999999
246,54605,0,0,0.23197886,22.0,Mobile Phone,3,9.0,E wallet,Female,3.0,4,Laptop & Accessory,1,Married,4,0,15.0,7.0,7.0,8.0,165.51,3,3 - Düşük Risk,8,Etkileşim Mesajı,Aksiyon Yok,False,False,Geçmiş şikâyet işareti yok,Pazarlama Mesajı Üretilmeyecek,False,False,Pazarlama mesajı gerekmiyor,65.0,57.99999999999999
247,54480,0,0,0.23460555,6.0,Mobile Phone,3,15.0,COD,Female,4.0,5,Laptop & Accessory,4,Married,3,1,12.0,12.0,12.0,10.0,177.28,3,3 - Düşük Risk,8,Etkileşim Mesajı,Aksiyon Yok,False,True,Geçmiş şikâyetin durumu kontrol edilmeli,Pazarlama Mesajı Üretilmeyecek,False,False,Pazarlama mesajı gerekmiyor,65.0,57.99999999999999
248,50877,0,0,0.23501864,10.0,Phone,1,17.0,Credit Card,Female,3.0,3,Mobile Phone,3,Single,5,0,18.0,0.0,1.0,2.0,136.29,3,3 - Düşük Risk,8,Etkileşim Mesajı,Aksiyon Yok,False,False,Geçmiş şikâyet işareti yok,Pazarlama Mesajı Üretilmeyecek,False,False,Pazarlama mesajı gerekmiyor,65.0,57.99999999999999
249,51074,0,0,0.23766817,6.0,Computer,3,22.0,Debit Card,Female,2.0,3,Laptop & Accessory,1,Married,2,1,25.0,0.0,1.0,2.0,153.68,3,3 - Düşük Risk,8,Etkileşim Mesajı,Aksiyon Yok,False,True,Geçmiş şikâyetin durumu kontrol edilmeli,Pazarlama Mesajı Üretilmeyecek,False,False,Pazarlama mesajı gerekmiyor,65.0,57.99999999999999
250,53592,0,0,0.23768842,22.0,Mobile Phone,1,9.0,COD,Male,4.0,2,Mobile Phone,4,Single,7,0,12.0,1.0,2.0,1.0,150.59,3,3 - Düşük Risk,8,Etkileşim Mesajı,Aksiyon Yok,False,False,Geçmiş şikâyet işareti yok,Pazarlama Mesajı Üretilmeyecek,False,False,Pazarlama mesajı gerekmiyor,65.0,57.99999999999999
251,50669,0,0,0.239211,,Phone,1,21.0,Debit Card,Male,2.0,3,Mobile,3,Married,2,0,16.0,2.0,2.0,2.0,122.07,3,3 - Düşük Risk,8,Etkileşim Mesajı,Aksiyon Yok,False,False,Geçmiş şikâyet işareti yok,Pazarlama Mesajı Üretilmeyecek,False,False,Pazarlama mesajı gerekmiyor,65.0,57.99999999999999
252,50898,0,0,0.24000348,10.0,Computer,1,11.0,COD,Male,2.0,1,Mobile,3,Single,1,0,14.0,1.0,1.0,3.0,135.0,3,3 - Düşük Risk,8,Etkileşim Mesajı,Aksiyon Yok,False,False,Geçmiş şikâyet işareti yok,Pazarlama Mesajı Üretilmeyecek,False,False,Pazarlama mesajı gerekmiyor,65.0,57.99999999999999
253,54571,0,0,0.245228,4.0,Mobile Phone,1,9.0,Debit Card,Female,3.0,6,Laptop & Accessory,1,Single,4,0,21.0,2.0,2.0,3.0,185.91,3,3 - Düşük Risk,8,Etkileşim Mesajı,Aksiyon Yok,False,False,Geçmiş şikâyet işareti yok,Pazarlama Mesajı Üretilmeyecek,False,False,Pazarlama mesajı gerekmiyor,65.0,57.99999999999999
254,53521,0,0,0.24690008,15.0,Mobile Phone,1,19.0,Debit Card,Male,3.0,4,Mobile Phone,2,Divorced,5,1,12.0,2.0,2.0,1.0,172.66,3,3 - Düşük Risk,8,Etkileşim Mesajı,Aksiyon Yok,False,True,Geçmiş şikâyetin durumu kontrol edilmeli,Pazarlama Mesajı Üretilmeyecek,False,False,Pazarlama mesajı gerekmiyor,65.0,57.99999999999999
255,50954,0,0,0.24811812,17.0,Mobile Phone,1,34.0,Debit Card,Male,2.0,3,Grocery,5,Divorced,4,0,13.0,,14.0,17.0,263.28,3,3 - Düşük Risk,8,Etkileşim Mesajı,Aksiyon Yok,False,False,Geçmiş şikâyet işareti yok,Pazarlama Mesajı Üretilmeyecek,False,False,Pazarlama mesajı gerekmiyor,65.0,57.99999999999999
256,51168,0,0,0.24918683,12.0,Computer,3,26.0,Debit Card,Male,2.0,3,Laptop & Accessory,1,Married,3,0,18.0,1.0,2.0,2.0,141.27,3,3 - Düşük Risk,8,Etkileşim Mesajı,Aksiyon Yok,False,False,Geçmiş şikâyet işareti yok,Pazarlama Mesajı Üretilmeyecek,False,False,Pazarlama mesajı gerekmiyor,65.0,57.99999999999999
257,50905,0,0,0.25150558,13.0,Computer,1,15.0,UPI,Male,2.0,3,Laptop & Accessory,3,Married,4,0,11.0,1.0,1.0,7.0,139.75,3,3 - Düşük Risk,8,Etkileşim Mesajı,Aksiyon Yok,False,False,Geçmiş şikâyet işareti yok,Pazarlama Mesajı Üretilmeyecek,False,False,Pazarlama mesajı gerekmiyor,65.0,57.99999999999999
258,54171,0,0,0.25190687,9.0,Phone,1,23.0,Credit Card,Male,3.0,2,Mobile Phone,4,Married,2,0,14.0,2.0,2.0,4.0,149.26,3,3 - Düşük Risk,8,Etkileşim Mesajı,Aksiyon Yok,False,False,Geçmiş şikâyet işareti yok,Pazarlama Mesajı Üretilmeyecek,False,False,Pazarlama mesajı gerekmiyor,65.0,57.99999999999999
259,50942,0,0,0.25276345,6.0,Phone,1,10.0,Credit Card,Female,2.0,4,Mobile Phone,4,Divorced,9,0,11.0,0.0,1.0,2.0,138.38,3,3 - Düşük Risk,8,Etkileşim Mesajı,Aksiyon Yok,False,False,Geçmiş şikâyet işareti yok,Pazarlama Mesajı Üretilmeyecek,False,False,Pazarlama mesajı gerekmiyor,65.0,57.99999999999999
260,50792,0,0,0.2550148,19.0,Mobile Phone,3,10.0,E wallet,Female,2.0,4,Others,4,Divorced,3,0,14.0,,1.0,8.0,287.89,3,3 - Düşük Risk,8,Etkileşim Mesajı,Aksiyon Yok,False,False,Geçmiş şikâyet işareti yok,Pazarlama Mesajı Üretilmeyecek,False,False,Pazarlama mesajı gerekmiyor,65.0,57.99999999999999
261,54394,0,0,0.25748158,24.0,Mobile Phone,3,7.0,Credit Card,Female,4.0,4,Others,1,Married,5,0,,2.0,2.0,7.0,320.17,3,3 - Düşük Risk,8,Etkileşim Mesajı,Aksiyon Yok,False,False,Geçmiş şikâyet işareti yok,Pazarlama Mesajı Üretilmeyecek,False,False,Pazarlama mesajı gerekmiyor,65.0,57.99999999999999
262,52023,0,0,0.2574981,22.0,Mobile Phone,1,14.0,UPI,Female,2.0,3,Fashion,4,Married,5,0,11.0,0.0,1.0,7.0,174.03,3,3 - Düşük Risk,8,Etkileşim Mesajı,Aksiyon Yok,False,False,Geçmiş şikâyet işareti yok,Pazarlama Mesajı Üretilmeyecek,False,False,Pazarlama mesajı gerekmiyor,65.0,57.99999999999999
263,52170,0,0,0.25752038,15.0,Phone,1,35.0,Credit Card,Male,2.0,5,Laptop & Accessory,1,Single,5,0,19.0,1.0,1.0,0.0,142.72,3,3 - Düşük Risk,8,Etkileşim Mesajı,Aksiyon Yok,False,False,Geçmiş şikâyet işareti yok,Pazarlama Mesajı Üretilmeyecek,False,False,Pazarlama mesajı gerekmiyor,65.0,57.99999999999999
264,55009,0,0,0.2579531,9.0,Computer,1,11.0,UPI,Male,3.0,5,Mobile Phone,1,Married,3,0,14.0,2.0,3.0,3.0,148.76,3,3 - Düşük Risk,8,Etkileşim Mesajı,Aksiyon Yok,False,False,Geçmiş şikâyet işareti yok,Pazarlama Mesajı Üretilmeyecek,False,False,Pazarlama mesajı gerekmiyor,65.0,57.99999999999999
265,54595,0,0,0.25971442,5.0,Mobile Phone,1,16.0,Debit Card,Male,3.0,4,Fashion,4,Married,3,0,26.0,1.0,2.0,9.0,231.48000000000002,3,3 - Düşük Risk,8,Etkileşim Mesajı,Aksiyon Yok,False,False,Geçmiş şikâyet işareti yok,Pazarlama Mesajı Üretilmeyecek,False,False,Pazarlama mesajı gerekmiyor,65.0,57.99999999999999
266,55555,0,0,0.26016122,6.0,Mobile Phone,1,12.0,Debit Card,Male,3.0,5,Laptop & Accessory,1,Single,10,0,25.0,2.0,2.0,,221.79,3,3 - Düşük Risk,8,Etkileşim Mesajı,Aksiyon Yok,False,False,Geçmiş şikâyet işareti yok,Pazarlama Mesajı Üretilmeyecek,False,False,Pazarlama mesajı gerekmiyor,65.0,57.99999999999999
267,50833,0,0,0.26074415,13.0,Computer,1,22.0,Debit Card,Male,3.0,3,Mobile,3,Married,10,0,16.0,1.0,1.0,0.0,135.44,3,3 - Düşük Risk,8,Etkileşim Mesajı,Aksiyon Yok,False,False,Geçmiş şikâyet işareti yok,Pazarlama Mesajı Üretilmeyecek,False,False,Pazarlama mesajı gerekmiyor,65.0,57.99999999999999
268,52488,0,0,0.26233095,18.0,Mobile Phone,1,11.0,Credit Card,Female,2.0,5,Laptop & Accessory,5,Single,2,1,14.0,0.0,1.0,4.0,157.69,3,3 - Düşük Risk,8,Etkileşim Mesajı,Aksiyon Yok,False,True,Geçmiş şikâyetin durumu kontrol edilmeli,Pazarlama Mesajı Üretilmeyecek,False,False,Pazarlama mesajı gerekmiyor,65.0,57.99999999999999
269,54510,0,0,0.26237372,3.0,Computer,3,9.0,Debit Card,Male,4.0,4,Laptop & Accessory,3,Married,3,0,15.0,2.0,2.0,3.0,171.49,3,3 - Düşük Risk,8,Etkileşim Mesajı,Aksiyon Yok,False,False,Geçmiş şikâyet işareti yok,Pazarlama Mesajı Üretilmeyecek,False,False,Pazarlama mesajı gerekmiyor,65.0,57.99999999999999
270,53849,0,0,0.2644101,11.0,Mobile Phone,1,26.0,Debit Card,Male,3.0,4,Laptop & Accessory,3,Married,5,0,18.0,1.0,2.0,3.0,182.68,3,3 - Düşük Risk,8,Etkileşim Mesajı,Aksiyon Yok,False,False,Geçmiş şikâyet işareti yok,Pazarlama Mesajı Üretilmeyecek,False,False,Pazarlama mesajı gerekmiyor,65.0,57.99999999999999
271,51616,0,0,0.26664963,28.0,Mobile Phone,1,6.0,Credit Card,Male,2.0,3,Others,5,Single,1,1,14.0,,4.0,13.0,290.45,3,3 - Düşük Risk,8,Etkileşim Mesajı,Aksiyon Yok,False,True,Geçmiş şikâyetin durumu kontrol edilmeli,Pazarlama Mesajı Üretilmeyecek,False,False,Pazarlama mesajı gerekmiyor,65.0,57.99999999999999
272,51845,0,0,0.26793694,6.0,Mobile Phone,3,14.0,E wallet,Male,2.0,3,Laptop & Accessory,3,Married,1,0,12.0,0.0,1.0,2.0,171.04,3,3 - Düşük Risk,8,Etkileşim Mesajı,Aksiyon Yok,False,False,Geçmiş şikâyet işareti yok,Pazarlama Mesajı Üretilmeyecek,False,False,Pazarlama mesajı gerekmiyor,65.0,57.99999999999999
273,54493,0,0,0.26888382,28.0,Computer,1,27.0,Debit Card,Female,3.0,4,Laptop & Accessory,3,Single,5,0,13.0,1.0,2.0,4.0,173.69,3,3 - Düşük Risk,8,Etkileşim Mesajı,Aksiyon Yok,False,False,Geçmiş şikâyet işareti yok,Pazarlama Mesajı Üretilmeyecek,False,False,Pazarlama mesajı gerekmiyor,65.0,57.99999999999999
274,50421,0,0,0.26947647,3.0,Mobile Phone,3,33.0,E wallet,Male,2.0,3,Laptop & Accessory,2,Married,8,0,23.0,4.0,7.0,7.0,153.04,3,3 - Düşük Risk,8,Etkileşim Mesajı,Aksiyon Yok,False,False,Geçmiş şikâyet işareti yok,Pazarlama Mesajı Üretilmeyecek,False,False,Pazarlama mesajı gerekmiyor,65.0,57.99999999999999
275,51857,0,0,0.2704455,9.0,Mobile Phone,1,15.0,Credit Card,Male,2.0,4,Laptop & Accessory,4,Married,3,1,11.0,0.0,1.0,2.0,188.47,3,3 - Düşük Risk,8,Etkileşim Mesajı,Aksiyon Yok,False,True,Geçmiş şikâyetin durumu kontrol edilmeli,Pazarlama Mesajı Üretilmeyecek,False,False,Pazarlama mesajı gerekmiyor,65.0,57.99999999999999
276,52661,0,0,0.2709434,9.0,Mobile Phone,1,8.0,UPI,Female,3.0,3,Laptop & Accessory,4,Married,5,1,22.0,1.0,1.0,0.0,169.62,3,3 - Düşük Risk,8,Etkileşim Mesajı,Aksiyon Yok,False,True,Geçmiş şikâyetin durumu kontrol edilmeli,Pazarlama Mesajı Üretilmeyecek,False,False,Pazarlama mesajı gerekmiyor,65.0,57.99999999999999
277,50651,0,0,0.27552944,16.0,Mobile Phone,3,31.0,Credit Card,Male,3.0,4,Fashion,2,Married,6,0,13.0,1.0,,0.0,234.0,3,3 - Düşük Risk,8,Etkileşim Mesajı,Aksiyon Yok,False,False,Geçmiş şikâyet işareti yok,Pazarlama Mesajı Üretilmeyecek,False,False,Pazarlama mesajı gerekmiyor,65.0,57.99999999999999
278,55612,0,0,0.27646494,12.0,Mobile Phone,3,17.0,Debit Card,Female,4.0,4,Laptop & Accessory,1,Married,3,0,12.0,1.0,2.0,10.0,178.43,3,3 - Düşük Risk,8,Etkileşim Mesajı,Aksiyon Yok,False,False,Geçmiş şikâyet işareti yok,Pazarlama Mesajı Üretilmeyecek,False,False,Pazarlama mesajı gerekmiyor,65.0,57.99999999999999
279,54880,0,0,0.27842328,21.0,Mobile Phone,3,11.0,Debit Card,Female,3.0,4,Laptop & Accessory,1,Single,3,1,18.0,2.0,2.0,8.0,166.63,3,3 - Düşük Risk,8,Etkileşim Mesajı,Aksiyon Yok,False,True,Geçmiş şikâyetin durumu kontrol edilmeli,Pazarlama Mesajı Üretilmeyecek,False,False,Pazarlama mesajı gerekmiyor,65.0,57.99999999999999
280,54796,0,0,0.27948815,9.0,Mobile Phone,1,16.0,Debit Card,Female,4.0,5,Fashion,3,Married,3,1,21.0,4.0,,16.0,231.85000000000002,3,3 - Düşük Risk,8,Etkileşim Mesajı,Aksiyon Yok,False,True,Geçmiş şikâyetin durumu kontrol edilmeli,Pazarlama Mesajı Üretilmeyecek,False,False,Pazarlama mesajı gerekmiyor,65.0,57.99999999999999
281,55075,0,0,0.27961257,29.0,Computer,1,15.0,Credit Card,Male,3.0,5,Grocery,4,Married,3,1,16.0,3.0,16.0,1.0,260.77,3,3 - Düşük Risk,8,Etkileşim Mesajı,Aksiyon Yok,False,True,Geçmiş şikâyetin durumu kontrol edilmeli,Pazarlama Mesajı Üretilmeyecek,False,False,Pazarlama mesajı gerekmiyor,65.0,57.99999999999999
282,52241,0,0,0.28077435,4.0,Mobile Phone,1,17.0,Credit Card,Male,3.0,3,Laptop & Accessory,5,Married,2,1,12.0,1.0,1.0,1.0,168.33,3,3 - Düşük Risk,8,Etkileşim Mesajı,Aksiyon Yok,False,True,Geçmiş şikâyetin durumu kontrol edilmeli,Pazarlama Mesajı Üretilmeyecek,False,False,Pazarlama mesajı gerekmiyor,65.0,57.99999999999999
283,51055,0,0,0.28082162,7.0,Mobile Phone,1,9.0,Debit Card,Female,3.0,3,Laptop & Accessory,4,Married,2,0,12.0,7.0,7.0,9.0,154.33,3,3 - Düşük Risk,8,Etkileşim Mesajı,Aksiyon Yok,False,False,Geçmiş şikâyet işareti yok,Pazarlama Mesajı Üretilmeyecek,False,False,Pazarlama mesajı gerekmiyor,65.0,57.99999999999999
284,50357,0,0,0.28191885,7.0,Phone,1,6.0,Debit Card,Male,2.0,4,Mobile Phone,2,Divorced,2,1,13.0,0.0,1.0,3.0,136.22,3,3 - Düşük Risk,8,Etkileşim Mesajı,Aksiyon Yok,False,True,Geçmiş şikâyetin durumu kontrol edilmeli,Pazarlama Mesajı Üretilmeyecek,False,False,Pazarlama mesajı gerekmiyor,65.0,57.99999999999999
285,54770,0,0,0.28265736,17.0,Mobile Phone,1,21.0,Debit Card,Male,4.0,4,Grocery,5,Married,8,0,,2.0,2.0,1.0,296.59,3,3 - Düşük Risk,8,Etkileşim Mesajı,Aksiyon Yok,False,False,Geçmiş şikâyet işareti yok,Pazarlama Mesajı Üretilmeyecek,False,False,Pazarlama mesajı gerekmiyor,65.0,57.99999999999999
286,54277,0,0,0.28307766,8.0,Mobile Phone,1,12.0,Credit Card,Female,3.0,5,Fashion,5,Single,4,0,13.0,3.0,,9.0,241.31,3,3 - Düşük Risk,8,Etkileşim Mesajı,Aksiyon Yok,False,False,Geçmiş şikâyet işareti yok,Pazarlama Mesajı Üretilmeyecek,False,False,Pazarlama mesajı gerekmiyor,65.0,57.99999999999999
287,53367,0,0,0.28551382,9.0,Mobile Phone,1,28.0,Debit Card,Female,3.0,4,Laptop & Accessory,2,Divorced,3,1,26.0,1.0,2.0,8.0,165.14,3,3 - Düşük Risk,8,Etkileşim Mesajı,Aksiyon Yok,False,True,Geçmiş şikâyetin durumu kontrol edilmeli,Pazarlama Mesajı Üretilmeyecek,False,False,Pazarlama mesajı gerekmiyor,65.0,57.99999999999999
288,53101,0,0,0.28931814,4.0,Mobile Phone,1,9.0,Debit Card,Female,3.0,6,Laptop & Accessory,2,Single,4,0,21.0,1.0,2.0,3.0,185.91,3,3 - Düşük Risk,8,Etkileşim Mesajı,Aksiyon Yok,False,False,Geçmiş şikâyet işareti yok,Pazarlama Mesajı Üretilmeyecek,False,False,Pazarlama mesajı gerekmiyor,65.0,57.99999999999999
289,52677,0,0,0.29229188,21.0,Mobile Phone,1,16.0,Debit Card,Male,3.0,4,Others,4,Married,5,0,,3.0,12.0,9.0,296.65,3,3 - Düşük Risk,8,Etkileşim Mesajı,Aksiyon Yok,False,False,Geçmiş şikâyet işareti yok,Pazarlama Mesajı Üretilmeyecek,False,False,Pazarlama mesajı gerekmiyor,65.0,57.99999999999999
290,53983,0,0,0.29347244,13.0,Computer,3,27.0,Debit Card,Male,3.0,4,Laptop & Accessory,1,Married,4,0,19.0,2.0,3.0,3.0,166.27,3,3 - Düşük Risk,8,Etkileşim Mesajı,Aksiyon Yok,False,False,Geçmiş şikâyet işareti yok,Pazarlama Mesajı Üretilmeyecek,False,False,Pazarlama mesajı gerekmiyor,65.0,57.99999999999999
291,50553,0,0,0.29446948,22.0,Mobile Phone,1,14.0,UPI,Female,2.0,3,Fashion,4,Divorced,5,0,11.0,0.0,1.0,7.0,174.03,3,3 - Düşük Risk,8,Etkileşim Mesajı,Aksiyon Yok,False,False,Geçmiş şikâyet işareti yok,Pazarlama Mesajı Üretilmeyecek,False,False,Pazarlama mesajı gerekmiyor,65.0,57.99999999999999
292,55189,0,0,0.29668897,15.0,Phone,1,12.0,Credit Card,Male,3.0,2,Mobile Phone,3,Married,4,1,13.0,1.0,2.0,4.0,146.27,3,3 - Düşük Risk,8,Etkileşim Mesajı,Aksiyon Yok,False,True,Geçmiş şikâyetin durumu kontrol edilmeli,Pazarlama Mesajı Üretilmeyecek,False,False,Pazarlama mesajı gerekmiyor,65.0,57.99999999999999
293,50187,0,0,0.29748175,18.0,Computer,1,13.0,Debit Card,Male,3.0,3,Fashion,5,Married,2,0,18.0,5.0,9.0,11.0,152.1,3,3 - Düşük Risk,8,Etkileşim Mesajı,Aksiyon Yok,False,False,Geçmiş şikâyet işareti yok,Pazarlama Mesajı Üretilmeyecek,False,False,Pazarlama mesajı gerekmiyor,65.0,57.99999999999999
294,53300,0,0,0.29765183,17.0,Mobile Phone,1,21.0,Debit Card,Male,4.0,4,Grocery,5,Divorced,8,0,,2.0,2.0,1.0,296.59,3,3 - Düşük Risk,8,Etkileşim Mesajı,Aksiyon Yok,False,False,Geçmiş şikâyet işareti yok,Pazarlama Mesajı Üretilmeyecek,False,False,Pazarlama mesajı gerekmiyor,65.0,57.99999999999999
295,52867,0,0,0.30025354,7.0,Mobile Phone,1,9.0,Debit Card,Male,3.0,4,Mobile Phone,2,Single,2,0,15.0,1.0,2.0,3.0,150.0,3,3 - Düşük Risk,8,Etkileşim Mesajı,Aksiyon Yok,False,False,Geçmiş şikâyet işareti yok,Pazarlama Mesajı Üretilmeyecek,False,False,Pazarlama mesajı gerekmiyor,65.0,57.99999999999999
296,51847,0,0,0.30178046,,Computer,1,9.0,CC,Female,3.0,3,Mobile,3,Married,2,0,20.0,1.0,1.0,0.0,120.83000000000001,3,3 - Düşük Risk,8,Etkileşim Mesajı,Aksiyon Yok,False,False,Geçmiş şikâyet işareti yok,Pazarlama Mesajı Üretilmeyecek,False,False,Pazarlama mesajı gerekmiyor,65.0,57.99999999999999
297,52766,0,0,0.30540615,14.0,Phone,1,7.0,Debit Card,Male,,3,Mobile,1,Married,4,0,22.0,0.0,1.0,0.0,127.82,3,3 - Düşük Risk,8,Etkileşim Mesajı,Aksiyon Yok,False,False,Geçmiş şikâyet işareti yok,Pazarlama Mesajı Üretilmeyecek,False,False,Pazarlama mesajı gerekmiyor,65.0,57.99999999999999
298,54982,0,0,0.30583373,23.0,Mobile Phone,3,15.0,Cash on Delivery,Male,3.0,5,Grocery,4,Married,8,0,18.0,2.0,,4.0,256.2,3,3 - Düşük Risk,8,Etkileşim Mesajı,Aksiyon Yok,False,False,Geçmiş şikâyet işareti yok,Pazarlama Mesajı Üretilmeyecek,False,False,Pazarlama mesajı gerekmiyor,65.0,57.99999999999999
299,55022,0,0,0.30947822,20.0,Mobile Phone,3,9.0,E wallet,Female,4.0,4,Grocery,5,Married,10,0,,7.0,16.0,10.0,295.48,3,3 - Düşük Risk,8,Etkileşim Mesajı,Aksiyon Yok,False,False,Geçmiş şikâyet işareti yok,Pazarlama Mesajı Üretilmeyecek,False,False,Pazarlama mesajı gerekmiyor,65.0,57.99999999999999
300,50218,0,0,0.310433,4.0,Mobile Phone,1,13.0,Credit Card,Female,2.0,3,Fashion,2,Single,2,1,14.0,2.0,4.0,10.0,171.43,3,3 - Düşük Risk,8,Etkileşim Mesajı,Aksiyon Yok,False,True,Geçmiş şikâyetin durumu kontrol edilmeli,Pazarlama Mesajı Üretilmeyecek,False,False,Pazarlama mesajı gerekmiyor,65.0,57.99999999999999
301,50756,0,0,0.31391346,5.0,Computer,1,19.0,UPI,Female,,4,Mobile,4,Divorced,2,0,20.0,0.0,2.0,2.0,127.43,3,3 - Düşük Risk,8,Etkileşim Mesajı,Aksiyon Yok,False,False,Geçmiş şikâyet işareti yok,Pazarlama Mesajı Üretilmeyecek,False,False,Pazarlama mesajı gerekmiyor,65.0,57.99999999999999
302,51407,0,0,0.31701773,11.0,Computer,1,,Debit Card,Female,2.0,3,Laptop & Accessory,1,Single,2,0,11.0,6.0,9.0,9.0,124.06,3,3 - Düşük Risk,8,Etkileşim Mesajı,Aksiyon Yok,False,False,Geçmiş şikâyet işareti yok,Pazarlama Mesajı Üretilmeyecek,False,False,Pazarlama mesajı gerekmiyor,65.0,57.99999999999999
303,52474,0,0,0.32089806,9.0,Computer,1,12.0,Debit Card,Male,3.0,1,Laptop & Accessory,5,Married,4,1,13.0,0.0,1.0,2.0,155.62,3,3 - Düşük Risk,8,Etkileşim Mesajı,Aksiyon Yok,False,True,Geçmiş şikâyetin durumu kontrol edilmeli,Pazarlama Mesajı Üretilmeyecek,False,False,Pazarlama mesajı gerekmiyor,65.0,57.99999999999999
304,50206,0,0,0.3220523,16.0,Computer,1,16.0,Debit Card,Female,2.0,4,Laptop & Accessory,3,Married,2,0,11.0,0.0,1.0,0.0,152.57,3,3 - Düşük Risk,8,Etkileşim Mesajı,Aksiyon Yok,False,False,Geçmiş şikâyet işareti yok,Pazarlama Mesajı Üretilmeyecek,False,False,Pazarlama mesajı gerekmiyor,65.0,57.99999999999999
305,51597,0,0,0.3233617,12.0,Computer,1,8.0,Cash on Delivery,Female,3.0,3,Fashion,3,Single,1,0,25.0,6.0,11.0,,209.38,3,3 - Düşük Risk,8,Etkileşim Mesajı,Aksiyon Yok,False,False,Geçmiş şikâyet işareti yok,Pazarlama Mesajı Üretilmeyecek,False,False,Pazarlama mesajı gerekmiyor,65.0,57.99999999999999
306,52877,0,0,0.32371432,14.0,Mobile Phone,1,11.0,Credit Card,Female,3.0,4,Others,3,Divorced,3,0,,1.0,10.0,10.0,315.33,3,3 - Düşük Risk,8,Etkileşim Mesajı,Aksiyon Yok,False,False,Geçmiş şikâyet işareti yok,Pazarlama Mesajı Üretilmeyecek,False,False,Pazarlama mesajı gerekmiyor,65.0,57.99999999999999
307,51296,0,0,0.32532352,14.0,Phone,1,6.0,Debit Card,Male,,3,Mobile,1,Married,4,0,22.0,0.0,1.0,0.0,127.82,3,3 - Düşük Risk,8,Etkileşim Mesajı,Aksiyon Yok,False,False,Geçmiş şikâyet işareti yok,Pazarlama Mesajı Üretilmeyecek,False,False,Pazarlama mesajı gerekmiyor,65.0,57.99999999999999
308,52797,0,0,0.3271354,11.0,Mobile Phone,3,16.0,Debit Card,Female,3.0,3,Laptop & Accessory,1,Married,2,0,11.0,0.0,1.0,9.0,153.43,3,3 - Düşük Risk,8,Etkileşim Mesajı,Aksiyon Yok,False,False,Geçmiş şikâyet işareti yok,Pazarlama Mesajı Üretilmeyecek,False,False,Pazarlama mesajı gerekmiyor,65.0,57.99999999999999
309,51651,0,0,0.32957304,9.0,Computer,1,30.0,Debit Card,Female,2.0,3,Laptop & Accessory,4,Married,8,0,15.0,1.0,1.0,8.0,156.74,3,3 - Düşük Risk,8,Etkileşim Mesajı,Aksiyon Yok,False,False,Geçmiş şikâyet işareti yok,Pazarlama Mesajı Üretilmeyecek,False,False,Pazarlama mesajı gerekmiyor,65.0,57.99999999999999
310,50675,0,0,0.3309318,15.0,Mobile Phone,1,8.0,Credit Card,Male,2.0,3,Grocery,5,Divorced,1,0,17.0,,13.0,7.0,276.65,3,3 - Düşük Risk,8,Etkileşim Mesajı,Aksiyon Yok,False,False,Geçmiş şikâyet işareti yok,Pazarlama Mesajı Üretilmeyecek,False,False,Pazarlama mesajı gerekmiyor,65.0,57.99999999999999
311,52280,0,0,0.33240354,,Phone,1,7.0,CC,Female,2.0,3,Mobile,4,Single,2,0,18.0,1.0,2.0,1.0,120.96000000000001,3,3 - Düşük Risk,8,Etkileşim Mesajı,Aksiyon Yok,False,False,Geçmiş şikâyet işareti yok,Pazarlama Mesajı Üretilmeyecek,False,False,Pazarlama mesajı gerekmiyor,65.0,57.99999999999999
312,50896,0,0,0.3331518,20.0,Phone,1,6.0,COD,Male,3.0,3,Mobile,2,Divorced,8,0,12.0,1.0,1.0,2.0,134.2,3,3 - Düşük Risk,8,Etkileşim Mesajı,Aksiyon Yok,False,False,Geçmiş şikâyet işareti yok,Pazarlama Mesajı Üretilmeyecek,False,False,Pazarlama mesajı gerekmiyor,65.0,57.99999999999999
313,54468,0,0,0.33726063,12.0,Mobile Phone,1,32.0,Debit Card,Female,3.0,5,Fashion,4,Married,5,0,18.0,1.0,,2.0,245.61,3,3 - Düşük Risk,8,Etkileşim Mesajı,Aksiyon Yok,False,False,Geçmiş şikâyet işareti yok,Pazarlama Mesajı Üretilmeyecek,False,False,Pazarlama mesajı gerekmiyor,65.0,57.99999999999999
314,53449,0,0,0.3374825,31.0,Mobile Phone,3,7.0,Cash on Delivery,Male,4.0,4,Fashion,2,Divorced,5,1,15.0,1.0,,5.0,244.04000000000002,3,3 - Düşük Risk,8,Etkileşim Mesajı,Aksiyon Yok,False,True,Geçmiş şikâyetin durumu kontrol edilmeli,Pazarlama Mesajı Üretilmeyecek,False,False,Pazarlama mesajı gerekmiyor,65.0,57.99999999999999
315,51095,0,0,0.33830196,2.0,Phone,1,15.0,CC,Female,,3,Mobile,3,Married,10,0,17.0,1.0,1.0,2.0,129.74,3,3 - Düşük Risk,8,Etkileşim Mesajı,Aksiyon Yok,False,False,Geçmiş şikâyet işareti yok,Pazarlama Mesajı Üretilmeyecek,False,False,Pazarlama mesajı gerekmiyor,65.0,57.99999999999999
316,53029,0,0,0.33889586,4.0,Mobile Phone,3,12.0,E wallet,Female,2.0,5,Laptop & Accessory,3,Married,3,0,14.0,1.0,2.0,3.0,186.18,3,3 - Düşük Risk,8,Etkileşim Mesajı,Aksiyon Yok,False,False,Geçmiş şikâyet işareti yok,Pazarlama Mesajı Üretilmeyecek,False,False,Pazarlama mesajı gerekmiyor,65.0,57.99999999999999
317,51544,0,0,0.34535202,11.0,Mobile Phone,1,8.0,Debit Card,Male,2.0,3,Laptop & Accessory,3,Married,10,0,14.0,1.0,1.0,0.0,165.53,3,3 - Düşük Risk,8,Etkileşim Mesajı,Aksiyon Yok,False,False,Geçmiş şikâyet işareti yok,Pazarlama Mesajı Üretilmeyecek,False,False,Pazarlama mesajı gerekmiyor,65.0,57.99999999999999
318,52145,0,0,0.34812915,15.0,Mobile Phone,1,8.0,Credit Card,Male,2.0,3,Grocery,5,Married,1,0,17.0,,13.0,7.0,276.65,3,3 - Düşük Risk,8,Etkileşim Mesajı,Aksiyon Yok,False,False,Geçmiş şikâyet işareti yok,Pazarlama Mesajı Üretilmeyecek,False,False,Pazarlama mesajı gerekmiyor,65.0,57.99999999999999
319,53514,0,0,0.34990147,3.0,Computer,1,17.0,Debit Card,Female,4.0,4,Mobile Phone,4,Married,2,0,15.0,2.0,2.0,2.0,157.91,3,3 - Düşük Risk,8,Etkileşim Mesajı,Aksiyon Yok,False,False,Geçmiş şikâyet işareti yok,Pazarlama Mesajı Üretilmeyecek,False,False,Pazarlama mesajı gerekmiyor,65.0,57.99999999999999
320,52128,0,0,0.3516606,3.0,Mobile Phone,1,26.0,UPI,Male,2.0,3,Laptop & Accessory,5,Married,1,0,15.0,0.0,1.0,2.0,199.57,3,3 - Düşük Risk,8,Etkileşim Mesajı,Aksiyon Yok,False,False,Geçmiş şikâyet işareti yok,Pazarlama Mesajı Üretilmeyecek,False,False,Pazarlama mesajı gerekmiyor,65.0,57.99999999999999
321,53432,0,0,0.351808,16.0,Mobile Phone,3,12.0,E wallet,Male,3.0,4,Others,3,Divorced,8,0,,1.0,2.0,1.0,308.03,3,3 - Düşük Risk,8,Etkileşim Mesajı,Aksiyon Yok,False,False,Geçmiş şikâyet işareti yok,Pazarlama Mesajı Üretilmeyecek,False,False,Pazarlama mesajı gerekmiyor,65.0,57.99999999999999
322,54455,0,0,0.35201553,11.0,Computer,1,16.0,Credit Card,Male,3.0,4,Mobile Phone,1,Married,3,1,13.0,1.0,2.0,3.0,148.26,3,3 - Düşük Risk,8,Etkileşim Mesajı,Aksiyon Yok,False,True,Geçmiş şikâyetin durumu kontrol edilmeli,Pazarlama Mesajı Üretilmeyecek,False,False,Pazarlama mesajı gerekmiyor,65.0,57.99999999999999
323,54512,0,0,0.3523663,6.0,Phone,1,9.0,Credit Card,Female,4.0,4,Mobile Phone,4,Married,3,0,14.0,1.0,2.0,8.0,148.7,3,3 - Düşük Risk,8,Etkileşim Mesajı,Aksiyon Yok,False,False,Geçmiş şikâyet işareti yok,Pazarlama Mesajı Üretilmeyecek,False,False,Pazarlama mesajı gerekmiyor,65.0,57.99999999999999
324,55541,0,0,0.35422948,9.0,Mobile Phone,3,25.0,Credit Card,Male,4.0,4,Laptop & Accessory,5,Married,2,0,17.0,2.0,2.0,5.0,180.61,3,3 - Düşük Risk,8,Etkileşim Mesajı,Aksiyon Yok,False,False,Geçmiş şikâyet işareti yok,Pazarlama Mesajı Üretilmeyecek,False,False,Pazarlama mesajı gerekmiyor,65.0,57.99999999999999
325,51773,0,0,0.35434678,30.0,Computer,3,34.0,E wallet,Female,3.0,4,Fashion,5,Married,5,0,19.0,3.0,13.0,11.0,202.66,3,3 - Düşük Risk,8,Etkileşim Mesajı,Aksiyon Yok,False,False,Geçmiş şikâyet işareti yok,Pazarlama Mesajı Üretilmeyecek,False,False,Pazarlama mesajı gerekmiyor,65.0,57.99999999999999
326,50247,0,0,0.35593942,,Phone,1,29.0,Debit Card,Male,2.0,3,Mobile,2,Single,10,0,16.0,1.0,1.0,2.0,122.00999999999999,3,3 - Düşük Risk,8,Etkileşim Mesajı,Aksiyon Yok,False,False,Geçmiş şikâyet işareti yok,Pazarlama Mesajı Üretilmeyecek,False,False,Pazarlama mesajı gerekmiyor,65.0,57.99999999999999
327,55437,0,0,0.3567279,11.0,Mobile Phone,3,16.0,E wallet,Male,3.0,5,Laptop & Accessory,4,Married,3,0,15.0,2.0,2.0,4.0,166.89,3,3 - Düşük Risk,8,Etkileşim Mesajı,Aksiyon Yok,False,False,Geçmiş şikâyet işareti yok,Pazarlama Mesajı Üretilmeyecek,False,False,Pazarlama mesajı gerekmiyor,65.0,57.99999999999999
328,52381,0,0,0.36479464,,Phone,2,14.0,CC,Female,3.0,1,Mobile,4,Single,10,0,18.0,1.0,1.0,2.0,121.09,3,3 - Düşük Risk,8,Etkileşim Mesajı,Aksiyon Yok,False,False,Geçmiş şikâyet işareti yok,Pazarlama Mesajı Üretilmeyecek,False,False,Pazarlama mesajı gerekmiyor,65.0,57.99999999999999
329,51476,0,0,0.36630872,16.0,Computer,1,34.0,Credit Card,Female,3.0,1,Mobile Phone,3,Single,5,0,12.0,0.0,1.0,2.0,147.39,3,3 - Düşük Risk,8,Etkileşim Mesajı,Aksiyon Yok,False,False,Geçmiş şikâyet işareti yok,Pazarlama Mesajı Üretilmeyecek,False,False,Pazarlama mesajı gerekmiyor,65.0,57.99999999999999
330,54499,0,0,0.367276,4.0,Mobile Phone,3,12.0,E wallet,Female,2.0,5,Laptop & Accessory,3,Married,3,0,14.0,2.0,2.0,3.0,186.18,3,3 - Düşük Risk,8,Etkileşim Mesajı,Aksiyon Yok,False,False,Geçmiş şikâyet işareti yok,Pazarlama Mesajı Üretilmeyecek,False,False,Pazarlama mesajı gerekmiyor,65.0,57.99999999999999
331,51968,0,0,0.36746174,5.0,Phone,3,19.0,Debit Card,Male,3.0,3,Laptop & Accessory,1,Married,3,0,11.0,0.0,1.0,3.0,144.03,3,3 - Düşük Risk,8,Etkileşim Mesajı,Aksiyon Yok,False,False,Geçmiş şikâyet işareti yok,Pazarlama Mesajı Üretilmeyecek,False,False,Pazarlama mesajı gerekmiyor,65.0,57.99999999999999
332,52565,0,0,0.37474263,2.0,Phone,1,15.0,CC,Female,,3,Mobile,3,Married,10,0,17.0,0.0,1.0,2.0,129.74,3,3 - Düşük Risk,8,Etkileşim Mesajı,Aksiyon Yok,False,False,Geçmiş şikâyet işareti yok,Pazarlama Mesajı Üretilmeyecek,False,False,Pazarlama mesajı gerekmiyor,65.0,57.99999999999999
333,50949,0,0,0.37534603,1.0,Mobile Phone,1,35.0,Debit Card,Male,3.0,5,Laptop & Accessory,4,Divorced,2,0,14.0,1.0,1.0,7.0,165.49,3,3 - Düşük Risk,8,Etkileşim Mesajı,Aksiyon Yok,False,False,Geçmiş şikâyet işareti yok,Pazarlama Mesajı Üretilmeyecek,False,False,Pazarlama mesajı gerekmiyor,65.0,57.99999999999999
334,51672,0,0,0.37594995,12.0,Computer,1,13.0,Credit Card,Male,2.0,4,Others,1,Married,2,0,,6.0,13.0,3.0,292.72,3,3 - Düşük Risk,8,Etkileşim Mesajı,Aksiyon Yok,False,False,Geçmiş şikâyet işareti yok,Pazarlama Mesajı Üretilmeyecek,False,False,Pazarlama mesajı gerekmiyor,65.0,57.99999999999999
335,52864,0,0,0.37977755,4.0,Computer,1,16.0,Credit Card,Male,4.0,4,Laptop & Accessory,5,Married,3,0,12.0,1.0,7.0,11.0,155.72,3,3 - Düşük Risk,8,Etkileşim Mesajı,Aksiyon Yok,False,False,Geçmiş şikâyet işareti yok,Pazarlama Mesajı Üretilmeyecek,False,False,Pazarlama mesajı gerekmiyor,65.0,57.99999999999999
336,54984,0,0,0.38130248,3.0,Computer,1,17.0,Debit Card,Female,4.0,4,Mobile Phone,4,Married,2,0,15.0,1.0,2.0,2.0,157.91,3,3 - Düşük Risk,8,Etkileşim Mesajı,Aksiyon Yok,False,False,Geçmiş şikâyet işareti yok,Pazarlama Mesajı Üretilmeyecek,False,False,Pazarlama mesajı gerekmiyor,65.0,57.99999999999999
337,54498,0,0,0.3844366,3.0,Mobile Phone,1,16.0,UPI,Male,2.0,5,Mobile Phone,1,Single,2,0,18.0,2.0,3.0,3.0,164.83,3,3 - Düşük Risk,8,Etkileşim Mesajı,Aksiyon Yok,False,False,Geçmiş şikâyet işareti yok,Pazarlama Mesajı Üretilmeyecek,False,False,Pazarlama mesajı gerekmiyor,65.0,57.99999999999999
338,55350,0,0,0.38459253,7.0,Mobile Phone,3,9.0,Credit Card,Male,4.0,4,Laptop & Accessory,1,Married,3,0,15.0,2.0,2.0,5.0,180.05,4,4 - Düşük-Orta Risk,7,Etkileşim Mesajı,Etkileşim Mesajı,True,False,Geçmiş şikâyet işareti yok,Yeniden Etkileşim,False,False,Genel iletişim taslağı hazırlanabilir,65.0,65.0
339,54532,0,0,0.38514045,3.0,Phone,1,30.0,Debit Card,Male,3.0,4,Mobile Phone,1,Single,11,0,17.0,1.0,2.0,3.0,147.01,4,4 - Düşük-Orta Risk,7,Etkileşim Mesajı,Etkileşim Mesajı,True,False,Geçmiş şikâyet işareti yok,Yeniden Etkileşim,False,False,Genel iletişim taslağı hazırlanabilir,65.0,65.0
340,53517,0,0,0.3882951,12.0,Mobile Phone,2,7.0,UPI,Male,3.0,2,Mobile Phone,3,Divorced,3,0,14.0,2.0,6.0,1.0,153.44,4,4 - Düşük-Orta Risk,7,Etkileşim Mesajı,Etkileşim Mesajı,True,False,Geçmiş şikâyet işareti yok,Yeniden Etkileşim,False,False,Genel iletişim taslağı hazırlanabilir,65.0,65.0
341,54320,0,0,0.3898773,8.0,Computer,3,9.0,E wallet,Female,4.0,4,Mobile Phone,3,Married,8,0,19.0,1.0,2.0,3.0,147.31,4,4 - Düşük-Orta Risk,7,Etkileşim Mesajı,Etkileşim Mesajı,True,False,Geçmiş şikâyet işareti yok,Yeniden Etkileşim,False,False,Genel iletişim taslağı hazırlanabilir,65.0,65.0
342,55143,0,0,0.39013174,12.0,Computer,1,14.0,Debit Card,Male,3.0,2,Mobile Phone,3,Married,3,0,12.0,1.0,2.0,4.0,151.1,4,4 - Düşük-Orta Risk,7,Etkileşim Mesajı,Etkileşim Mesajı,True,False,Geçmiş şikâyet işareti yok,Yeniden Etkileşim,False,False,Genel iletişim taslağı hazırlanabilir,65.0,65.0
343,53475,0,0,0.3944987,12.0,Mobile Phone,1,24.0,Debit Card,Female,4.0,5,Fashion,3,Divorced,2,0,19.0,1.0,2.0,,213.23,4,4 - Düşük-Orta Risk,7,Etkileşim Mesajı,Etkileşim Mesajı,True,False,Geçmiş şikâyet işareti yok,Yeniden Etkileşim,False,False,Genel iletişim taslağı hazırlanabilir,65.0,65.0
344,51658,0,0,0.3945347,4.0,Phone,1,8.0,Debit Card,Male,,3,Mobile,1,Married,1,1,18.0,2.0,2.0,2.0,126.94999999999999,4,4 - Düşük-Orta Risk,7,Etkileşim Mesajı,Etkileşim Mesajı,True,True,Geçmiş şikâyetin durumu kontrol edilmeli,Empatik Şikâyet Yaklaşımı,False,False,Genel iletişim taslağı hazırlanabilir,65.0,65.0
345,54778,0,0,0.3955781,18.0,Mobile Phone,1,11.0,Credit Card,Male,3.0,4,Laptop & Accessory,4,Single,11,0,13.0,2.0,3.0,4.0,184.33,4,4 - Düşük-Orta Risk,7,Etkileşim Mesajı,Etkileşim Mesajı,True,False,Geçmiş şikâyet işareti yok,Yeniden Etkileşim,False,False,Genel iletişim taslağı hazırlanabilir,65.0,65.0
346,53002,0,0,0.398203,19.0,Computer,1,14.0,Debit Card,Male,4.0,4,Fashion,5,Married,3,0,19.0,6.0,10.0,12.0,177.1,4,4 - Düşük-Orta Risk,7,Etkileşim Mesajı,Etkileşim Mesajı,True,False,Geçmiş şikâyet işareti yok,Yeniden Etkileşim,False,False,Genel iletişim taslağı hazırlanabilir,65.0,65.0
347,50516,0,0,0.4064675,0.0,Computer,1,10.0,Debit Card,Male,,4,Mobile,2,Divorced,1,0,17.0,0.0,3.0,4.0,131.62,4,4 - Düşük-Orta Risk,7,Etkileşim Mesajı,Etkileşim Mesajı,True,False,Geçmiş şikâyet işareti yok,Yeniden Etkileşim,False,False,Genel iletişim taslağı hazırlanabilir,65.0,65.0
348,52591,0,0,0.40758342,,Computer,2,16.0,CC,Male,2.0,3,Mobile,1,Married,1,0,14.0,0.0,2.0,1.0,121.44999999999999,4,4 - Düşük-Orta Risk,7,Etkileşim Mesajı,Etkileşim Mesajı,True,False,Geçmiş şikâyet işareti yok,Yeniden Etkileşim,False,False,Genel iletişim taslağı hazırlanabilir,65.0,65.0
349,52116,0,0,0.409404,19.0,Mobile Phone,1,6.0,Credit Card,Male,2.0,3,Others,1,Married,10,0,,1.0,2.0,2.0,296.27,4,4 - Düşük-Orta Risk,7,Etkileşim Mesajı,Etkileşim Mesajı,True,False,Geçmiş şikâyet işareti yok,Yeniden Etkileşim,False,False,Genel iletişim taslağı hazırlanabilir,65.0,65.0
350,51282,0,0,0.41079098,27.0,Phone,1,16.0,Credit Card,Female,3.0,3,Laptop & Accessory,5,Single,7,1,19.0,0.0,1.0,4.0,144.4,4,4 - Düşük-Orta Risk,7,Etkileşim Mesajı,Etkileşim Mesajı,True,True,Geçmiş şikâyetin durumu kontrol edilmeli,Empatik Şikâyet Yaklaşımı,False,False,Genel iletişim taslağı hazırlanabilir,65.0,65.0
351,52750,0,0,0.41084772,15.0,Computer,1,29.0,Debit Card,Male,2.0,4,Laptop & Accessory,3,Single,2,0,12.0,3.0,3.0,7.0,143.32,4,4 - Düşük-Orta Risk,7,Etkileşim Mesajı,Etkileşim Mesajı,True,False,Geçmiş şikâyet işareti yok,Yeniden Etkileşim,False,False,Genel iletişim taslağı hazırlanabilir,65.0,65.0
352,53992,0,0,0.41085207,31.0,Computer,3,9.0,Credit Card,Male,3.0,4,Grocery,4,Married,6,0,23.0,11.0,15.0,15.0,25.0,4,4 - Düşük-Orta Risk,7,Etkileşim Mesajı,Etkileşim Mesajı,True,False,Geçmiş şikâyet işareti yok,Yeniden Etkileşim,False,False,Genel iletişim taslağı hazırlanabilir,65.0,65.0
353,53889,0,0,0.42316616,7.0,Computer,3,23.0,Debit Card,Female,3.0,4,Laptop & Accessory,1,Married,3,1,26.0,1.0,2.0,3.0,178.68,4,4 - Düşük-Orta Risk,7,Etkileşim Mesajı,Etkileşim Mesajı,True,True,Geçmiş şikâyetin durumu kontrol edilmeli,Empatik Şikâyet Yaklaşımı,False,False,Genel iletişim taslağı hazırlanabilir,65.0,65.0
354,52922,0,0,0.42522302,16.0,Mobile Phone,1,11.0,Cash on Delivery,Male,3.0,4,Others,2,Divorced,3,0,,1.0,12.0,16.0,317.32,4,4 - Düşük-Orta Risk,7,Etkileşim Mesajı,Etkileşim Mesajı,True,False,Geçmiş şikâyet işareti yok,Yeniden Etkileşim,False,False,Genel iletişim taslağı hazırlanabilir,65.0,65.0
355,52489,0,0,0.4296927,18.0,Computer,3,32.0,E wallet,Male,2.0,4,Laptop & Accessory,5,Married,2,0,15.0,3.0,4.0,5.0,143.85,4,4 - Düşük-Orta Risk,7,Etkileşim Mesajı,Etkileşim Mesajı,True,False,Geçmiş şikâyet işareti yok,Yeniden Etkileşim,False,False,Genel iletişim taslağı hazırlanabilir,65.0,65.0
356,53031,0,0,0.43013278,11.0,Mobile Phone,1,12.0,Credit Card,Male,4.0,4,Laptop & Accessory,2,Married,9,0,17.0,1.0,2.0,5.0,188.47,4,4 - Düşük-Orta Risk,7,Etkileşim Mesajı,Etkileşim Mesajı,True,False,Geçmiş şikâyet işareti yok,Yeniden Etkileşim,False,False,Genel iletişim taslağı hazırlanabilir,65.0,65.0
357,52906,0,0,0.4333911,15.0,Mobile Phone,3,13.0,Debit Card,Female,4.0,4,Fashion,2,Single,5,1,19.0,1.0,2.0,1.0,260.91,4,4 - Düşük-Orta Risk,7,Etkileşim Mesajı,Etkileşim Mesajı,True,True,Geçmiş şikâyetin durumu kontrol edilmeli,Empatik Şikâyet Yaklaşımı,False,False,Genel iletişim taslağı hazırlanabilir,65.0,65.0
358,53777,0,0,0.4358819,24.0,Computer,1,29.0,Credit Card,Male,3.0,6,Grocery,1,Single,3,1,14.0,,14.0,10.0,269.11,4,4 - Düşük-Orta Risk,7,Etkileşim Mesajı,Etkileşim Mesajı,True,True,Geçmiş şikâyetin durumu kontrol edilmeli,Empatik Şikâyet Yaklaşımı,False,False,Genel iletişim taslağı hazırlanabilir,65.0,65.0
359,50263,0,0,0.43616077,13.0,Mobile Phone,3,8.0,E wallet,Female,2.0,3,Laptop & Accessory,4,Married,8,0,12.0,0.0,1.0,3.0,157.15,4,4 - Düşük-Orta Risk,7,Etkileşim Mesajı,Etkileşim Mesajı,True,False,Geçmiş şikâyet işareti yok,Yeniden Etkileşim,False,False,Genel iletişim taslağı hazırlanabilir,65.0,65.0
360,53549,0,0,0.43679503,27.0,Mobile Phone,1,14.0,Credit Card,Female,3.0,4,Others,3,Married,5,0,,5.0,5.0,8.0,311.06,4,4 - Düşük-Orta Risk,7,Etkileşim Mesajı,Etkileşim Mesajı,True,False,Geçmiş şikâyet işareti yok,Yeniden Etkileşim,False,False,Genel iletişim taslağı hazırlanabilir,65.0,65.0
361,54284,0,0,0.43942156,25.0,Mobile Phone,1,13.0,Debit Card,Male,3.0,4,Others,3,Single,9,0,,9.0,16.0,16.0,320.37,4,4 - Düşük-Orta Risk,7,Etkileşim Mesajı,Etkileşim Mesajı,True,False,Geçmiş şikâyet işareti yok,Yeniden Etkileşim,False,False,Genel iletişim taslağı hazırlanabilir,65.0,65.0
362,52789,0,0,0.44168302,15.0,Mobile Phone,1,8.0,Debit Card,Male,2.0,3,Others,3,Married,6,0,11.0,,4.0,14.0,288.8,4,4 - Düşük-Orta Risk,7,Etkileşim Mesajı,Etkileşim Mesajı,True,False,Geçmiş şikâyet işareti yok,Yeniden Etkileşim,False,False,Genel iletişim taslağı hazırlanabilir,65.0,65.0
363,53571,0,0,0.44494122,6.0,Computer,1,20.0,UPI,Female,4.0,5,Mobile Phone,4,Divorced,3,0,21.0,1.0,3.0,3.0,152.43,4,4 - Düşük-Orta Risk,7,Etkileşim Mesajı,Etkileşim Mesajı,True,False,Geçmiş şikâyet işareti yok,Yeniden Etkileşim,False,False,Genel iletişim taslağı hazırlanabilir,65.0,65.0
364,51049,0,0,0.44673914,9.0,Mobile Phone,1,11.0,Debit Card,Female,2.0,3,Fashion,5,Married,5,0,12.0,1.0,1.0,2.0,180.08,4,4 - Düşük-Orta Risk,7,Etkileşim Mesajı,Etkileşim Mesajı,True,False,Geçmiş şikâyet işareti yok,Yeniden Etkileşim,False,False,Genel iletişim taslağı hazırlanabilir,65.0,65.0
365,50970,0,0,0.4486472,13.0,Mobile Phone,3,15.0,Credit Card,Male,2.0,3,Laptop & Accessory,5,Married,1,0,12.0,2.0,7.0,1.0,154.73,4,4 - Düşük-Orta Risk,7,Etkileşim Mesajı,Etkileşim Mesajı,True,False,Geçmiş şikâyet işareti yok,Yeniden Etkileşim,False,False,Genel iletişim taslağı hazırlanabilir,65.0,65.0
366,50114,0,0,0.45273957,5.0,Phone,3,10.0,Debit Card,Female,2.0,3,Mobile Phone,4,Divorced,3,0,11.0,1.0,1.0,2.0,139.31,4,4 - Düşük-Orta Risk,7,Etkileşim Mesajı,Etkileşim Mesajı,True,False,Geçmiş şikâyet işareti yok,Yeniden Etkileşim,False,False,Genel iletişim taslağı hazırlanabilir,65.0,65.0
367,53705,0,0,0.45447332,5.0,Mobile Phone,1,15.0,Debit Card,Female,4.0,4,Grocery,4,Single,5,0,12.0,,2.0,1.0,289.22,4,4 - Düşük-Orta Risk,7,Etkileşim Mesajı,Etkileşim Mesajı,True,False,Geçmiş şikâyet işareti yok,Yeniden Etkileşim,False,False,Genel iletişim taslağı hazırlanabilir,65.0,65.0
368,54469,0,0,0.4626476,31.0,Computer,1,7.0,Debit Card,Male,3.0,6,Laptop & Accessory,3,Married,4,1,14.0,2.0,2.0,3.0,181.6,4,4 - Düşük-Orta Risk,7,Etkileşim Mesajı,Etkileşim Mesajı,True,True,Geçmiş şikâyetin durumu kontrol edilmeli,Empatik Şikâyet Yaklaşımı,False,False,Genel iletişim taslağı hazırlanabilir,65.0,65.0
369,50174,0,0,0.465424,9.0,Computer,1,24.0,Debit Card,Male,2.0,2,Mobile Phone,2,Divorced,5,0,18.0,0.0,1.0,0.0,136.88,4,4 - Düşük-Orta Risk,7,Etkileşim Mesajı,Etkileşim Mesajı,True,False,Geçmiş şikâyet işareti yok,Yeniden Etkileşim,False,False,Genel iletişim taslağı hazırlanabilir,65.0,65.0
370,52611,0,0,0.46730363,6.0,Computer,1,10.0,COD,Male,,3,Laptop & Accessory,4,Married,6,0,15.0,0.0,1.0,7.0,130.55,4,4 - Düşük-Orta Risk,7,Etkileşim Mesajı,Etkileşim Mesajı,True,False,Geçmiş şikâyet işareti yok,Yeniden Etkileşim,False,False,Genel iletişim taslağı hazırlanabilir,65.0,65.0
371,51981,0,0,0.47599977,8.0,Mobile Phone,1,15.0,Debit Card,Female,3.0,4,Fashion,3,Married,2,1,20.0,3.0,5.0,15.0,206.85000000000002,4,4 - Düşük-Orta Risk,7,Etkileşim Mesajı,Etkileşim Mesajı,True,True,Geçmiş şikâyetin durumu kontrol edilmeli,Empatik Şikâyet Yaklaşımı,False,False,Genel iletişim taslağı hazırlanabilir,65.0,65.0
372,54783,0,0,0.47628382,6.0,Mobile Phone,3,20.0,Debit Card,Male,4.0,4,Laptop & Accessory,1,Married,4,0,12.0,1.0,2.0,4.0,169.03,4,4 - Düşük-Orta Risk,7,Etkileşim Mesajı,Etkileşim Mesajı,True,False,Geçmiş şikâyet işareti yok,Yeniden Etkileşim,False,False,Genel iletişim taslağı hazırlanabilir,65.0,65.0
373,53005,0,0,0.47850427,13.0,Mobile Phone,1,17.0,Credit Card,Male,3.0,4,Grocery,5,Divorced,3,1,,12.0,12.0,11.0,295.68,4,4 - Düşük-Orta Risk,7,Etkileşim Mesajı,Etkileşim Mesajı,True,True,Geçmiş şikâyetin durumu kontrol edilmeli,Empatik Şikâyet Yaklaşımı,False,False,Genel iletişim taslağı hazırlanabilir,65.0,65.0
374,55116,0,0,0.49308607,29.0,Mobile Phone,1,9.0,Credit Card,Female,3.0,6,Others,3,Married,6,0,,5.0,10.0,12.0,316.87,4,4 - Düşük-Orta Risk,7,Etkileşim Mesajı,Etkileşim Mesajı,True,False,Geçmiş şikâyet işareti yok,Yeniden Etkileşim,False,False,Genel iletişim taslağı hazırlanabilir,65.0,65.0
375,54801,0,0,0.4936369,1.0,Computer,1,11.0,Debit Card,Male,3.0,5,Mobile Phone,1,Married,2,0,18.0,1.0,4.0,5.0,156.62,4,4 - Düşük-Orta Risk,7,Etkileşim Mesajı,Etkileşim Mesajı,True,False,Geçmiş şikâyet işareti yok,Yeniden Etkileşim,False,False,Genel iletişim taslağı hazırlanabilir,65.0,65.0
376,52026,0,0,0.4939926,9.0,Phone,1,13.0,UPI,Male,3.0,3,Mobile Phone,1,Single,3,0,18.0,1.0,1.0,1.0,146.78,4,4 - Düşük-Orta Risk,7,Etkileşim Mesajı,Etkileşim Mesajı,True,False,Geçmiş şikâyet işareti yok,Yeniden Etkileşim,False,False,Genel iletişim taslağı hazırlanabilir,65.0,65.0
377,54385,0,0,0.50116444,5.0,Computer,1,7.0,Credit Card,Male,3.0,6,Laptop & Accessory,3,Married,2,0,13.0,1.0,2.0,5.0,168.45,4,4 - Düşük-Orta Risk,7,Etkileşim Mesajı,Etkileşim Mesajı,True,False,Geçmiş şikâyet işareti yok,Yeniden Etkileşim,False,False,Genel iletişim taslağı hazırlanabilir,65.0,65.0
378,50382,0,0,0.5025304,10.0,Mobile Phone,1,9.0,UPI,Male,2.0,3,Fashion,3,Divorced,2,0,15.0,6.0,7.0,8.0,194.34,4,4 - Düşük-Orta Risk,7,Etkileşim Mesajı,Etkileşim Mesajı,True,False,Geçmiş şikâyet işareti yok,Yeniden Etkileşim,False,False,Genel iletişim taslağı hazırlanabilir,65.0,65.0
379,54535,0,0,0.5055307,2.0,Mobile Phone,3,16.0,Debit Card,Male,4.0,4,Laptop & Accessory,1,Single,3,0,17.0,2.0,2.0,8.0,177.53,4,4 - Düşük-Orta Risk,7,Etkileşim Mesajı,Etkileşim Mesajı,True,False,Geçmiş şikâyet işareti yok,Yeniden Etkileşim,False,False,Genel iletişim taslağı hazırlanabilir,65.0,65.0
380,54633,0,0,0.5056238,11.0,Mobile Phone,1,7.0,Debit Card,Female,4.0,4,Laptop & Accessory,4,Married,8,0,13.0,5.0,5.0,4.0,189.47,4,4 - Düşük-Orta Risk,7,Etkileşim Mesajı,Etkileşim Mesajı,True,False,Geçmiş şikâyet işareti yok,Yeniden Etkileşim,False,False,Genel iletişim taslağı hazırlanabilir,65.0,65.0
381,55268,0,0,0.5113511,12.0,Computer,2,17.0,UPI,Male,4.0,4,Laptop & Accessory,3,Married,5,0,12.0,1.0,2.0,3.0,185.77,4,4 - Düşük-Orta Risk,7,Etkileşim Mesajı,Etkileşim Mesajı,True,False,Geçmiş şikâyet işareti yok,Yeniden Etkileşim,False,False,Genel iletişim taslağı hazırlanabilir,65.0,65.0
382,50766,0,0,0.512255,27.0,Computer,1,6.0,Debit Card,Female,2.0,3,Fashion,3,Married,8,0,17.0,1.0,1.0,4.0,205.02,4,4 - Düşük-Orta Risk,7,Etkileşim Mesajı,Etkileşim Mesajı,True,False,Geçmiş şikâyet işareti yok,Yeniden Etkileşim,False,False,Genel iletişim taslağı hazırlanabilir,65.0,65.0
383,53035,0,0,0.5131866,9.0,Mobile Phone,1,12.0,Cash on Delivery,Male,4.0,4,Fashion,4,Single,2,0,14.0,1.0,2.0,14.0,205.95,4,4 - Düşük-Orta Risk,7,Etkileşim Mesajı,Etkileşim Mesajı,True,False,Geçmiş şikâyet işareti yok,Yeniden Etkileşim,False,False,Genel iletişim taslağı hazırlanabilir,65.0,65.0
384,51831,0,0,0.5137479,,Phone,1,12.0,CC,Female,3.0,4,Mobile,3,Married,1,0,12.0,0.0,1.0,3.0,121.87,4,4 - Düşük-Orta Risk,7,Etkileşim Mesajı,Etkileşim Mesajı,True,False,Geçmiş şikâyet işareti yok,Yeniden Etkileşim,False,False,Genel iletişim taslağı hazırlanabilir,65.0,65.0
385,50502,0,0,0.5147199,5.0,Mobile Phone,1,14.0,Credit Card,Female,3.0,1,Laptop & Accessory,3,Divorced,6,0,12.0,1.0,1.0,3.0,151.75,4,4 - Düşük-Orta Risk,7,Etkileşim Mesajı,Etkileşim Mesajı,True,False,Geçmiş şikâyet işareti yok,Yeniden Etkileşim,False,False,Genel iletişim taslağı hazırlanabilir,65.0,65.0
386,54538,0,0,0.5152533,10.0,Mobile Phone,1,9.0,Debit Card,Female,4.0,4,Mobile Phone,3,Married,6,0,14.0,3.0,3.0,3.0,150.43,4,4 - Düşük-Orta Risk,7,Etkileşim Mesajı,Etkileşim Mesajı,True,False,Geçmiş şikâyet işareti yok,Yeniden Etkileşim,False,False,Genel iletişim taslağı hazırlanabilir,65.0,65.0
387,53505,0,0,0.51641387,14.0,Mobile Phone,1,21.0,Credit Card,Male,3.0,5,Others,3,Single,3,0,,5.0,5.0,10.0,321.26,4,4 - Düşük-Orta Risk,7,Etkileşim Mesajı,Etkileşim Mesajı,True,False,Geçmiş şikâyet işareti yok,Yeniden Etkileşim,False,False,Genel iletişim taslağı hazırlanabilir,65.0,65.0
388,50296,0,0,0.51688343,2.0,Mobile Phone,1,9.0,Credit Card,Male,3.0,4,Fashion,3,Divorced,2,0,18.0,1.0,1.0,,219.35000000000002,4,4 - Düşük-Orta Risk,7,Etkileşim Mesajı,Etkileşim Mesajı,True,False,Geçmiş şikâyet işareti yok,Yeniden Etkileşim,False,False,Genel iletişim taslağı hazırlanabilir,65.0,65.0
389,55132,0,0,0.517193,25.0,Mobile Phone,1,18.0,Cash on Delivery,Female,3.0,5,Grocery,4,Single,5,0,17.0,1.0,,4.0,256.42,4,4 - Düşük-Orta Risk,7,Etkileşim Mesajı,Etkileşim Mesajı,True,False,Geçmiş şikâyet işareti yok,Yeniden Etkileşim,False,False,Genel iletişim taslağı hazırlanabilir,65.0,65.0
390,54652,0,0,0.5203569,17.0,Computer,1,16.0,Credit Card,Male,4.0,4,Laptop & Accessory,3,Married,5,1,14.0,2.0,5.0,8.0,181.79,4,4 - Düşük-Orta Risk,7,Etkileşim Mesajı,Etkileşim Mesajı,True,True,Geçmiş şikâyetin durumu kontrol edilmeli,Empatik Şikâyet Yaklaşımı,False,False,Genel iletişim taslağı hazırlanabilir,65.0,65.0
391,50758,0,0,0.52062505,9.0,Mobile Phone,1,6.0,Cash on Delivery,Female,3.0,5,Fashion,5,Married,3,1,21.0,5.0,7.0,7.0,202.52,4,4 - Düşük-Orta Risk,7,Etkileşim Mesajı,Etkileşim Mesajı,True,True,Geçmiş şikâyetin durumu kontrol edilmeli,Empatik Şikâyet Yaklaşımı,False,False,Genel iletişim taslağı hazırlanabilir,65.0,65.0
392,52007,0,0,0.52072656,16.0,Phone,1,14.0,Debit Card,Female,2.0,3,Laptop & Accessory,4,Married,5,0,21.0,1.0,1.0,0.0,147.65,4,4 - Düşük-Orta Risk,7,Etkileşim Mesajı,Etkileşim Mesajı,True,False,Geçmiş şikâyet işareti yok,Yeniden Etkileşim,False,False,Genel iletişim taslağı hazırlanabilir,65.0,65.0
393,50679,0,0,0.5228571,7.0,Computer,1,9.0,Debit Card,Male,,4,Mobile,2,Divorced,4,0,17.0,1.0,1.0,0.0,129.79,4,4 - Düşük-Orta Risk,7,Etkileşim Mesajı,Etkileşim Mesajı,True,False,Geçmiş şikâyet işareti yok,Yeniden Etkileşim,False,False,Genel iletişim taslağı hazırlanabilir,65.0,65.0
394,55531,0,0,0.52770346,21.0,Computer,1,21.0,COD,Male,4.0,4,Laptop & Accessory,4,Married,10,0,19.0,1.0,2.0,8.0,179.67,4,4 - Düşük-Orta Risk,7,Etkileşim Mesajı,Etkileşim Mesajı,True,False,Geçmiş şikâyet işareti yok,Yeniden Etkileşim,False,False,Genel iletişim taslağı hazırlanabilir,65.0,65.0
395,50320,0,0,0.5363653,21.0,Phone,3,8.0,E wallet,Female,2.0,3,Laptop & Accessory,2,Divorced,3,0,14.0,4.0,6.0,7.0,140.51,4,4 - Düşük-Orta Risk,7,Etkileşim Mesajı,Etkileşim Mesajı,True,False,Geçmiş şikâyet işareti yok,Yeniden Etkileşim,False,False,Genel iletişim taslağı hazırlanabilir,65.0,65.0
396,54291,0,0,0.5396798,17.0,Computer,1,35.0,Credit Card,Female,4.0,2,Mobile Phone,3,Single,6,0,13.0,1.0,2.0,3.0,172.39,4,4 - Düşük-Orta Risk,7,Etkileşim Mesajı,Etkileşim Mesajı,True,False,Geçmiş şikâyet işareti yok,Yeniden Etkileşim,False,False,Genel iletişim taslağı hazırlanabilir,65.0,65.0
397,53140,0,0,0.53990465,13.0,Computer,1,15.0,Debit Card,Female,3.0,4,Mobile Phone,3,Divorced,3,0,12.0,1.0,2.0,8.0,162.55,4,4 - Düşük-Orta Risk,7,Etkileşim Mesajı,Etkileşim Mesajı,True,False,Geçmiş şikâyet işareti yok,Yeniden Etkileşim,False,False,Genel iletişim taslağı hazırlanabilir,65.0,65.0
398,52368,0,0,0.5403311,10.0,Computer,1,11.0,COD,Male,2.0,1,Mobile,3,Single,1,0,14.0,0.0,1.0,3.0,135.0,4,4 - Düşük-Orta Risk,7,Etkileşim Mesajı,Etkileşim Mesajı,True,False,Geçmiş şikâyet işareti yok,Yeniden Etkileşim,False,False,Genel iletişim taslağı hazırlanabilir,65.0,65.0
399,51315,0,0,0.5410399,9.0,Mobile Phone,3,9.0,Credit Card,Female,3.0,4,Fashion,1,Married,1,0,19.0,3.0,3.0,4.0,176.44,4,4 - Düşük-Orta Risk,7,Etkileşim Mesajı,Etkileşim Mesajı,True,False,Geçmiş şikâyet işareti yok,Yeniden Etkileşim,False,False,Genel iletişim taslağı hazırlanabilir,65.0,65.0
400,55520,0,0,0.5412603,8.0,Mobile Phone,3,10.0,Credit Card,Female,4.0,5,Laptop & Accessory,1,Married,5,1,13.0,1.0,2.0,2.0,206.03,4,4 - Düşük-Orta Risk,7,Etkileşim Mesajı,Etkileşim Mesajı,True,True,Geçmiş şikâyetin durumu kontrol edilmeli,Empatik Şikâyet Yaklaşımı,False,False,Genel iletişim taslağı hazırlanabilir,65.0,65.0
401,53162,0,0,0.5442299,12.0,Mobile Phone,1,17.0,Credit Card,Female,4.0,4,Laptop & Accessory,3,Divorced,5,0,20.0,2.0,2.0,,223.24,4,4 - Düşük-Orta Risk,7,Etkileşim Mesajı,Etkileşim Mesajı,True,False,Geçmiş şikâyet işareti yok,Yeniden Etkileşim,False,False,Genel iletişim taslağı hazırlanabilir,65.0,65.0
402,51637,0,0,0.547272,9.0,Phone,1,9.0,COD,Male,1.0,3,Laptop & Accessory,4,Single,5,0,12.0,2.0,7.0,7.0,144.85,4,4 - Düşük-Orta Risk,7,Etkileşim Mesajı,Etkileşim Mesajı,True,False,Geçmiş şikâyet işareti yok,Yeniden Etkileşim,False,False,Genel iletişim taslağı hazırlanabilir,65.0,65.0
403,54918,0,0,0.5479457,8.0,Mobile Phone,3,7.0,E wallet,Male,4.0,2,Laptop & Accessory,1,Married,2,0,12.0,1.0,2.0,,222.25,4,4 - Düşük-Orta Risk,7,Etkileşim Mesajı,Etkileşim Mesajı,True,False,Geçmiş şikâyet işareti yok,Yeniden Etkileşim,False,False,Genel iletişim taslağı hazırlanabilir,65.0,65.0
404,51649,0,0,0.55417746,4.0,Mobile Phone,3,13.0,COD,Male,3.0,1,Laptop & Accessory,1,Married,5,0,11.0,3.0,7.0,7.0,169.29,4,4 - Düşük-Orta Risk,7,Etkileşim Mesajı,Etkileşim Mesajı,True,False,Geçmiş şikâyet işareti yok,Yeniden Etkileşim,False,False,Genel iletişim taslağı hazırlanabilir,65.0,65.0
405,53910,0,0,0.55422556,3.0,Mobile Phone,1,16.0,Credit Card,Female,3.0,4,Mobile Phone,3,Married,11,0,18.0,2.0,2.0,3.0,154.74,4,4 - Düşük-Orta Risk,7,Etkileşim Mesajı,Etkileşim Mesajı,True,False,Geçmiş şikâyet işareti yok,Yeniden Etkileşim,False,False,Genel iletişim taslağı hazırlanabilir,65.0,65.0
406,54973,0,0,0.5563983,17.0,Computer,1,34.0,Debit Card,Female,3.0,4,Fashion,5,Married,10,0,12.0,2.0,,2.0,233.2,4,4 - Düşük-Orta Risk,7,Etkileşim Mesajı,Etkileşim Mesajı,True,False,Geçmiş şikâyet işareti yok,Yeniden Etkileşim,False,False,Genel iletişim taslağı hazırlanabilir,65.0,65.0
407,54392,0,0,0.56621975,16.0,Mobile Phone,1,11.0,Cash on Delivery,Male,3.0,4,Others,1,Married,3,0,,1.0,12.0,16.0,317.32,4,4 - Düşük-Orta Risk,7,Etkileşim Mesajı,Etkileşim Mesajı,True,False,Geçmiş şikâyet işareti yok,Yeniden Etkileşim,False,False,Genel iletişim taslağı hazırlanabilir,65.0,65.0
408,53188,0,0,0.5690713,18.0,Mobile Phone,1,10.0,UPI,Male,3.0,4,Others,2,Divorced,6,1,,2.0,2.0,2.0,320.13,4,4 - Düşük-Orta Risk,7,Etkileşim Mesajı,Etkileşim Mesajı,True,True,Geçmiş şikâyetin durumu kontrol edilmeli,Empatik Şikâyet Yaklaşımı,False,False,Genel iletişim taslağı hazırlanabilir,65.0,65.0
409,53473,0,0,0.569632,4.0,Mobile Phone,1,27.0,UPI,Male,3.0,4,Laptop & Accessory,5,Divorced,2,0,16.0,2.0,2.0,,224.57,4,4 - Düşük-Orta Risk,7,Etkileşim Mesajı,Etkileşim Mesajı,True,False,Geçmiş şikâyet işareti yok,Yeniden Etkileşim,False,False,Genel iletişim taslağı hazırlanabilir,65.0,65.0
410,54927,0,0,0.57368684,24.0,Mobile Phone,1,9.0,Credit Card,Male,4.0,4,Others,3,Married,4,1,,5.0,8.0,8.0,317.37,4,4 - Düşük-Orta Risk,7,Etkileşim Mesajı,Etkileşim Mesajı,True,True,Geçmiş şikâyetin durumu kontrol edilmeli,Empatik Şikâyet Yaklaşımı,False,False,Genel iletişim taslağı hazırlanabilir,65.0,65.0
411,50179,0,0,0.5751607,4.0,Mobile Phone,3,13.0,COD,Male,3.0,2,Laptop & Accessory,2,Divorced,5,0,11.0,3.0,7.0,7.0,169.29,4,4 - Düşük-Orta Risk,7,Etkileşim Mesajı,Etkileşim Mesajı,True,False,Geçmiş şikâyet işareti yok,Yeniden Etkileşim,False,False,Genel iletişim taslağı hazırlanabilir,65.0,65.0
412,52449,0,0,0.57846653,21.0,Mobile Phone,3,22.0,Debit Card,Female,3.0,3,Laptop & Accessory,3,Married,9,0,14.0,7.0,7.0,7.0,164.39,4,4 - Düşük-Orta Risk,7,Etkileşim Mesajı,Etkileşim Mesajı,True,False,Geçmiş şikâyet işareti yok,Yeniden Etkileşim,False,False,Genel iletişim taslağı hazırlanabilir,65.0,65.0
413,52383,0,0,0.5799078,18.0,Mobile Phone,1,35.0,Cash on Delivery,Male,2.0,3,Fashion,1,Married,5,1,18.0,1.0,1.0,2.0,193.8,4,4 - Düşük-Orta Risk,7,Etkileşim Mesajı,Etkileşim Mesajı,True,True,Geçmiş şikâyetin durumu kontrol edilmeli,Empatik Şikâyet Yaklaşımı,False,False,Genel iletişim taslağı hazırlanabilir,65.0,65.0
414,54240,0,0,0.5805264,20.0,Mobile Phone,2,12.0,Credit Card,Male,4.0,4,Laptop & Accessory,4,Married,3,1,23.0,2.0,2.0,3.0,175.21,4,4 - Düşük-Orta Risk,7,Etkileşim Mesajı,Etkileşim Mesajı,True,True,Geçmiş şikâyetin durumu kontrol edilmeli,Empatik Şikâyet Yaklaşımı,False,False,Genel iletişim taslağı hazırlanabilir,65.0,65.0
415,54995,0,0,0.58054185,8.0,Mobile Phone,3,16.0,Debit Card,Female,4.0,4,Laptop & Accessory,3,Married,3,0,21.0,1.0,2.0,4.0,182.14,4,4 - Düşük-Orta Risk,7,Etkileşim Mesajı,Etkileşim Mesajı,True,False,Geçmiş şikâyet işareti yok,Yeniden Etkileşim,False,False,Genel iletişim taslağı hazırlanabilir,65.0,65.0
416,54007,0,0,0.5857017,17.0,Computer,3,9.0,Debit Card,Male,4.0,4,Laptop & Accessory,1,Married,3,0,21.0,6.0,8.0,8.0,181.75,4,4 - Düşük-Orta Risk,7,Etkileşim Mesajı,Etkileşim Mesajı,True,False,Geçmiş şikâyet işareti yok,Yeniden Etkileşim,False,False,Genel iletişim taslağı hazırlanabilir,65.0,65.0
417,54642,0,0,0.59287673,8.0,Mobile Phone,1,7.0,Debit Card,Male,3.0,5,Mobile Phone,1,Married,3,1,14.0,2.0,2.0,4.0,161.22,4,4 - Düşük-Orta Risk,7,Etkileşim Mesajı,Etkileşim Mesajı,True,True,Geçmiş şikâyetin durumu kontrol edilmeli,Empatik Şikâyet Yaklaşımı,False,False,Genel iletişim taslağı hazırlanabilir,65.0,65.0
418,52602,0,0,0.59513456,11.0,Computer,1,,CC,Female,3.0,4,Mobile,4,Married,5,0,14.0,0.0,1.0,5.0,124.68,4,4 - Düşük-Orta Risk,7,Etkileşim Mesajı,Etkileşim Mesajı,True,False,Geçmiş şikâyet işareti yok,Yeniden Etkileşim,False,False,Genel iletişim taslağı hazırlanabilir,65.0,65.0
419,53739,0,0,0.5978287,8.0,Mobile Phone,3,10.0,UPI,Male,3.0,6,Laptop & Accessory,5,Single,5,0,19.0,3.0,4.0,13.0,172.59,4,4 - Düşük-Orta Risk,7,Etkileşim Mesajı,Etkileşim Mesajı,True,False,Geçmiş şikâyet işareti yok,Yeniden Etkileşim,False,False,Genel iletişim taslağı hazırlanabilir,65.0,65.0
420,53508,0,0,0.60545,10.0,Computer,1,25.0,Debit Card,Male,4.0,4,Laptop & Accessory,2,Single,4,0,21.0,2.0,2.0,10.0,202.79,4,4 - Düşük-Orta Risk,7,Etkileşim Mesajı,Etkileşim Mesajı,True,False,Geçmiş şikâyet işareti yok,Yeniden Etkileşim,False,False,Genel iletişim taslağı hazırlanabilir,65.0,65.0
421,54048,0,0,0.6100228,16.0,Mobile Phone,1,13.0,Credit Card,Male,3.0,4,Fashion,5,Married,11,0,14.0,4.0,,8.0,258.48,4,4 - Düşük-Orta Risk,7,Etkileşim Mesajı,Etkileşim Mesajı,True,False,Geçmiş şikâyet işareti yok,Yeniden Etkileşim,False,False,Genel iletişim taslağı hazırlanabilir,65.0,65.0
422,51519,0,0,0.6113425,3.0,Computer,1,15.0,CC,Male,,3,Laptop & Accessory,5,Married,2,0,11.0,5.0,6.0,10.0,130.72,4,4 - Düşük-Orta Risk,7,Etkileşim Mesajı,Etkileşim Mesajı,True,False,Geçmiş şikâyet işareti yok,Yeniden Etkileşim,False,False,Genel iletişim taslağı hazırlanabilir,65.0,65.0
423,55396,0,0,0.62200224,20.0,Mobile Phone,3,9.0,Debit Card,Male,4.0,4,Fashion,1,Married,6,1,13.0,1.0,2.0,,228.68,4,4 - Düşük-Orta Risk,7,Etkileşim Mesajı,Etkileşim Mesajı,True,True,Geçmiş şikâyetin durumu kontrol edilmeli,Empatik Şikâyet Yaklaşımı,False,False,Genel iletişim taslağı hazırlanabilir,65.0,65.0
424,54092,0,0,0.624115,29.0,Mobile Phone,2,33.0,UPI,Male,4.0,2,Others,4,Married,6,1,,2.0,2.0,5.0,321.36,4,4 - Düşük-Orta Risk,7,Etkileşim Mesajı,Etkileşim Mesajı,True,True,Geçmiş şikâyetin durumu kontrol edilmeli,Empatik Şikâyet Yaklaşımı,False,False,Genel iletişim taslağı hazırlanabilir,65.0,65.0
425,52770,0,0,0.6295499,8.0,Mobile Phone,1,15.0,Credit Card,Male,2.0,3,Laptop & Accessory,3,Single,2,0,19.0,0.0,1.0,8.0,150.98,4,4 - Düşük-Orta Risk,7,Etkileşim Mesajı,Etkileşim Mesajı,True,False,Geçmiş şikâyet işareti yok,Yeniden Etkileşim,False,False,Genel iletişim taslağı hazırlanabilir,65.0,65.0
426,53719,0,0,0.6324629,15.0,Phone,1,12.0,Credit Card,Male,3.0,2,Mobile Phone,3,Divorced,4,1,13.0,2.0,2.0,4.0,146.27,4,4 - Düşük-Orta Risk,7,Etkileşim Mesajı,Etkileşim Mesajı,True,True,Geçmiş şikâyetin durumu kontrol edilmeli,Empatik Şikâyet Yaklaşımı,False,False,Genel iletişim taslağı hazırlanabilir,65.0,65.0
427,51590,0,0,0.6335402,18.0,Mobile Phone,1,6.0,UPI,Male,3.0,1,Others,1,Married,1,0,,1.0,1.0,7.0,292.02,4,4 - Düşük-Orta Risk,7,Etkileşim Mesajı,Etkileşim Mesajı,True,False,Geçmiş şikâyet işareti yok,Yeniden Etkileşim,False,False,Genel iletişim taslağı hazırlanabilir,65.0,65.0
428,55124,0,0,0.6374313,12.0,Mobile Phone,3,9.0,Debit Card,Female,3.0,4,Laptop & Accessory,5,Married,5,0,16.0,1.0,2.0,8.0,193.93,4,4 - Düşük-Orta Risk,7,Etkileşim Mesajı,Etkileşim Mesajı,True,False,Geçmiş şikâyet işareti yok,Yeniden Etkileşim,False,False,Genel iletişim taslağı hazırlanabilir,65.0,65.0
429,54101,0,0,0.64066553,14.0,Mobile Phone,3,9.0,E wallet,Female,4.0,4,Laptop & Accessory,4,Married,5,0,15.0,2.0,6.0,11.0,181.77,4,4 - Düşük-Orta Risk,7,Etkileşim Mesajı,Etkileşim Mesajı,True,False,Geçmiş şikâyet işareti yok,Yeniden Etkileşim,False,False,Genel iletişim taslağı hazırlanabilir,65.0,65.0
430,50827,0,0,0.64116687,14.0,Computer,3,16.0,Credit Card,Male,2.0,5,Laptop & Accessory,4,Single,2,0,13.0,3.0,11.0,9.0,161.51,4,4 - Düşük-Orta Risk,7,Etkileşim Mesajı,Etkileşim Mesajı,True,False,Geçmiş şikâyet işareti yok,Yeniden Etkileşim,False,False,Genel iletişim taslağı hazırlanabilir,65.0,65.0
431,54473,0,0,0.64397496,5.0,Mobile Phone,1,9.0,Debit Card,Male,3.0,4,Mobile Phone,1,Married,2,1,19.0,3.0,3.0,3.0,151.95,4,4 - Düşük-Orta Risk,7,Etkileşim Mesajı,Etkileşim Mesajı,True,True,Geçmiş şikâyetin durumu kontrol edilmeli,Empatik Şikâyet Yaklaşımı,False,False,Genel iletişim taslağı hazırlanabilir,65.0,65.0
432,52228,0,0,0.6512027,9.0,Mobile Phone,1,7.0,Cash on Delivery,Female,3.0,5,Fashion,5,Married,3,1,21.0,7.0,7.0,7.0,202.52,4,4 - Düşük-Orta Risk,7,Etkileşim Mesajı,Etkileşim Mesajı,True,True,Geçmiş şikâyetin durumu kontrol edilmeli,Empatik Şikâyet Yaklaşımı,False,False,Genel iletişim taslağı hazırlanabilir,65.0,65.0
433,53808,0,0,0.65942496,8.0,Mobile Phone,1,7.0,Debit Card,Male,3.0,4,Laptop & Accessory,1,Married,11,0,18.0,2.0,3.0,2.0,179.84,4,4 - Düşük-Orta Risk,7,Etkileşim Mesajı,Etkileşim Mesajı,True,False,Geçmiş şikâyet işareti yok,Yeniden Etkileşim,False,False,Genel iletişim taslağı hazırlanabilir,65.0,65.0
434,52558,0,0,0.6597296,7.0,Phone,1,25.0,Debit Card,Female,,4,Mobile,1,Married,2,0,12.0,1.0,8.0,7.0,129.29,4,4 - Düşük-Orta Risk,7,Etkileşim Mesajı,Etkileşim Mesajı,True,False,Geçmiş şikâyet işareti yok,Yeniden Etkileşim,False,False,Genel iletişim taslağı hazırlanabilir,65.0,65.0
435,55202,0,0,0.67240816,2.0,Mobile Phone,3,12.0,Credit Card,Male,3.0,4,Laptop & Accessory,5,Single,2,0,19.0,1.0,2.0,,209.63,4,4 - Düşük-Orta Risk,7,Etkileşim Mesajı,Etkileşim Mesajı,True,False,Geçmiş şikâyet işareti yok,Yeniden Etkileşim,False,False,Genel iletişim taslağı hazırlanabilir,65.0,65.0
436,50176,0,0,0.6753365,14.0,Mobile Phone,3,8.0,Debit Card,Male,2.0,3,Grocery,4,Single,2,0,19.0,1.0,,4.0,260.15,4,4 - Düşük-Orta Risk,7,Etkileşim Mesajı,Etkileşim Mesajı,True,False,Geçmiş şikâyet işareti yok,Yeniden Etkileşim,False,False,Genel iletişim taslağı hazırlanabilir,65.0,65.0
437,55447,0,0,0.67577225,14.0,Mobile Phone,1,9.0,Debit Card,Female,4.0,4,Mobile Phone,5,Married,6,0,18.0,2.0,2.0,3.0,158.77,4,4 - Düşük-Orta Risk,7,Etkileşim Mesajı,Etkileşim Mesajı,True,False,Geçmiş şikâyet işareti yok,Yeniden Etkileşim,False,False,Genel iletişim taslağı hazırlanabilir,65.0,65.0
438,51039,0,0,0.6931538,10.0,Phone,1,16.0,Credit Card,Female,3.0,3,Mobile Phone,4,Married,2,0,11.0,1.0,7.0,7.0,139.36,4,4 - Düşük-Orta Risk,7,Etkileşim Mesajı,Etkileşim Mesajı,True,False,Geçmiş şikâyet işareti yok,Yeniden Etkileşim,False,False,Genel iletişim taslağı hazırlanabilir,65.0,65.0
439,50103,0,0,0.6935419,2.0,Computer,3,6.0,Credit Card,Female,2.0,3,Fashion,2,Divorced,2,0,14.0,4.0,4.0,1.0,179.18,4,4 - Düşük-Orta Risk,7,Etkileşim Mesajı,Etkileşim Mesajı,True,False,Geçmiş şikâyet işareti yok,Yeniden Etkileşim,False,False,Genel iletişim taslağı hazırlanabilir,65.0,65.0
440,54625,0,0,0.69514143,11.0,Mobile Phone,1,7.0,Cash on Delivery,Female,3.0,4,Fashion,1,Single,6,0,18.0,2.0,2.0,3.0,199.91,4,4 - Düşük-Orta Risk,7,Etkileşim Mesajı,Etkileşim Mesajı,True,False,Geçmiş şikâyet işareti yok,Yeniden Etkileşim,False,False,Genel iletişim taslağı hazırlanabilir,65.0,65.0
441,51190,0,0,0.70747095,18.0,Computer,3,8.0,Debit Card,Female,3.0,3,Laptop & Accessory,3,Married,5,0,22.0,3.0,5.0,7.0,151.54,4,4 - Düşük-Orta Risk,7,Etkileşim Mesajı,Etkileşim Mesajı,True,False,Geçmiş şikâyet işareti yok,Yeniden Etkileşim,False,False,Genel iletişim taslağı hazırlanabilir,65.0,65.0
442,53645,0,0,0.7095266,16.0,Computer,1,9.0,Debit Card,Male,3.0,4,Grocery,3,Divorced,2,1,,1.0,3.0,11.0,303.61,4,4 - Düşük-Orta Risk,7,Etkileşim Mesajı,Etkileşim Mesajı,True,True,Geçmiş şikâyetin durumu kontrol edilmeli,Empatik Şikâyet Yaklaşımı,False,False,Genel iletişim taslağı hazırlanabilir,65.0,65.0
443,54866,0,0,0.7177065,13.0,Mobile Phone,3,9.0,Debit Card,Male,3.0,2,Fashion,3,Single,2,0,19.0,1.0,2.0,8.0,203.8,4,4 - Düşük-Orta Risk,7,Etkileşim Mesajı,Etkileşim Mesajı,True,False,Geçmiş şikâyet işareti yok,Yeniden Etkileşim,False,False,Genel iletişim taslağı hazırlanabilir,65.0,65.0
444,50750,0,0,0.72099656,3.0,Phone,1,13.0,Debit Card,Male,2.0,3,Laptop & Accessory,3,Married,2,0,13.0,8.0,8.0,9.0,134.91,4,4 - Düşük-Orta Risk,7,Etkileşim Mesajı,Etkileşim Mesajı,True,False,Geçmiş şikâyet işareti yok,Yeniden Etkileşim,False,False,Genel iletişim taslağı hazırlanabilir,65.0,65.0
445,53622,0,0,0.72413456,4.0,Computer,1,16.0,Credit Card,Female,4.0,4,Laptop & Accessory,3,Single,9,1,19.0,2.0,2.0,8.0,171.95,4,4 - Düşük-Orta Risk,7,Etkileşim Mesajı,Etkileşim Mesajı,True,True,Geçmiş şikâyetin durumu kontrol edilmeli,Empatik Şikâyet Yaklaşımı,False,False,Genel iletişim taslağı hazırlanabilir,65.0,65.0
446,53095,0,0,0.7335674,2.0,Mobile Phone,1,24.0,Credit Card,Male,4.0,4,Laptop & Accessory,5,Married,3,0,13.0,1.0,2.0,9.0,170.58,4,4 - Düşük-Orta Risk,7,Etkileşim Mesajı,Etkileşim Mesajı,True,False,Geçmiş şikâyet işareti yok,Yeniden Etkileşim,False,False,Genel iletişim taslağı hazırlanabilir,65.0,65.0
447,54803,0,0,0.73702717,12.0,Mobile Phone,3,16.0,E wallet,Male,4.0,5,Mobile Phone,4,Married,2,0,20.0,1.0,2.0,3.0,153.99,4,4 - Düşük-Orta Risk,7,Etkileşim Mesajı,Etkileşim Mesajı,True,False,Geçmiş şikâyet işareti yok,Yeniden Etkileşim,False,False,Genel iletişim taslağı hazırlanabilir,65.0,65.0
448,52581,0,0,0.7385896,19.0,Mobile Phone,3,8.0,Debit Card,Male,3.0,3,Fashion,1,Married,5,1,12.0,0.0,1.0,3.0,203.68,4,4 - Düşük-Orta Risk,7,Etkileşim Mesajı,Etkileşim Mesajı,True,True,Geçmiş şikâyetin durumu kontrol edilmeli,Empatik Şikâyet Yaklaşımı,False,False,Genel iletişim taslağı hazırlanabilir,65.0,65.0
449,50073,0,0,0.7421162,15.0,Computer,1,27.0,Credit Card,Female,2.0,3,Laptop & Accessory,3,Married,3,0,16.0,0.0,1.0,2.0,152.65,4,4 - Düşük-Orta Risk,7,Etkileşim Mesajı,Etkileşim Mesajı,True,False,Geçmiş şikâyet işareti yok,Yeniden Etkileşim,False,False,Genel iletişim taslağı hazırlanabilir,65.0,65.0
450,51543,0,0,0.7421162,15.0,Computer,1,27.0,Credit Card,Female,2.0,3,Laptop & Accessory,3,Married,3,0,16.0,0.0,1.0,2.0,152.65,4,4 - Düşük-Orta Risk,7,Etkileşim Mesajı,Etkileşim Mesajı,True,False,Geçmiş şikâyet işareti yok,Yeniden Etkileşim,False,False,Genel iletişim taslağı hazırlanabilir,65.0,65.0
451,51005,0,0,0.743697,15.0,Mobile Phone,1,15.0,UPI,Male,3.0,4,Others,1,Single,9,0,,1.0,1.0,1.0,296.13,5,5 - Orta Altı Risk,6,Sadakat Teklifi,Sadakat Teklifi,True,False,Geçmiş şikâyet işareti yok,Sadakat ve Teşekkür,True,False,Teklif için onaylı kampanya bilgisi gerekli,65.0,65.0
452,52475,0,0,0.743697,15.0,Mobile Phone,1,15.0,UPI,Male,3.0,4,Others,1,Single,9,0,,1.0,1.0,1.0,296.13,5,5 - Orta Altı Risk,6,Sadakat Teklifi,Sadakat Teklifi,True,False,Geçmiş şikâyet işareti yok,Sadakat ve Teşekkür,True,False,Teklif için onaylı kampanya bilgisi gerekli,65.0,65.0
453,53172,0,0,0.74800146,8.0,Mobile Phone,1,7.0,Debit Card,Male,3.0,5,Mobile Phone,2,Divorced,3,1,14.0,1.0,2.0,4.0,161.22,5,5 - Orta Altı Risk,6,Sadakat Teklifi,Sadakat Teklifi,True,True,Geçmiş şikâyetin durumu kontrol edilmeli,Empatik Şikâyet Yaklaşımı,True,False,Teklif için onaylı kampanya bilgisi gerekli,65.0,65.0
454,50563,0,0,0.7503923,9.0,Phone,1,,CC,Male,3.0,3,Mobile,3,Single,5,0,21.0,2.0,3.0,9.0,125.19,5,5 - Orta Altı Risk,6,Sadakat Teklifi,Sadakat Teklifi,True,False,Geçmiş şikâyet işareti yok,Sadakat ve Teşekkür,True,False,Teklif için onaylı kampanya bilgisi gerekli,65.0,65.0
455,55450,0,0,0.7610863,12.0,Computer,2,9.0,UPI,Male,4.0,4,Mobile Phone,4,Married,7,0,14.0,3.0,4.0,9.0,150.92,5,5 - Orta Altı Risk,6,Sadakat Teklifi,Sadakat Teklifi,True,False,Geçmiş şikâyet işareti yok,Sadakat ve Teşekkür,True,False,Teklif için onaylı kampanya bilgisi gerekli,65.0,65.0
456,51199,0,0,0.7622581,1.0,Computer,2,6.0,Debit Card,Male,,3,Mobile,1,Married,2,0,15.0,0.0,2.0,2.0,127.06,5,5 - Orta Altı Risk,6,Sadakat Teklifi,Sadakat Teklifi,True,False,Geçmiş şikâyet işareti yok,Sadakat ve Teşekkür,True,False,Teklif için onaylı kampanya bilgisi gerekli,65.0,65.0
457,54257,0,0,0.76347065,1.0,Mobile Phone,3,10.0,UPI,Female,3.0,4,Laptop & Accessory,3,Married,2,0,22.0,1.0,2.0,3.0,174.99,5,5 - Orta Altı Risk,6,Sadakat Teklifi,Sadakat Teklifi,True,False,Geçmiş şikâyet işareti yok,Sadakat ve Teşekkür,True,False,Teklif için onaylı kampanya bilgisi gerekli,65.0,65.0
458,54871,0,0,0.77646935,7.0,Computer,3,24.0,Debit Card,Male,3.0,4,Grocery,3,Single,3,0,,6.0,7.0,1.0,299.44,5,5 - Orta Altı Risk,6,Sadakat Teklifi,Sadakat Teklifi,True,False,Geçmiş şikâyet işareti yok,Sadakat ve Teşekkür,True,False,Teklif için onaylı kampanya bilgisi gerekli,65.0,65.0
459,50036,0,0,0.7811848,0.0,Phone,1,,CC,Male,3.0,3,Mobile,2,Divorced,2,0,24.0,0.0,2.0,2.0,123.22999999999999,5,5 - Orta Altı Risk,6,Sadakat Teklifi,Sadakat Teklifi,True,False,Geçmiş şikâyet işareti yok,Sadakat ve Teşekkür,True,False,Teklif için onaylı kampanya bilgisi gerekli,65.0,65.0
460,52865,0,0,0.78476465,19.0,Mobile Phone,3,11.0,Debit Card,Female,2.0,4,Laptop & Accessory,5,Married,6,1,12.0,1.0,2.0,4.0,175.06,5,5 - Orta Altı Risk,6,Sadakat Teklifi,Sadakat Teklifi,True,True,Geçmiş şikâyetin durumu kontrol edilmeli,Empatik Şikâyet Yaklaşımı,True,False,Teklif için onaylı kampanya bilgisi gerekli,65.0,65.0
461,54335,0,0,0.78476465,19.0,Mobile Phone,3,11.0,Debit Card,Female,2.0,4,Laptop & Accessory,5,Married,6,1,12.0,1.0,2.0,4.0,175.06,5,5 - Orta Altı Risk,6,Sadakat Teklifi,Sadakat Teklifi,True,True,Geçmiş şikâyetin durumu kontrol edilmeli,Empatik Şikâyet Yaklaşımı,True,False,Teklif için onaylı kampanya bilgisi gerekli,65.0,65.0
462,52266,0,0,0.7919739,7.0,Computer,1,25.0,Credit Card,Female,2.0,3,Laptop & Accessory,4,Married,5,0,13.0,0.0,5.0,10.0,144.44,5,5 - Orta Altı Risk,6,Sadakat Teklifi,Sadakat Teklifi,True,False,Geçmiş şikâyet işareti yok,Sadakat ve Teşekkür,True,False,Teklif için onaylı kampanya bilgisi gerekli,65.0,65.0
463,52444,0,0,0.79413486,13.0,Computer,1,14.0,Debit Card,Male,3.0,3,Laptop & Accessory,1,Married,4,1,18.0,1.0,2.0,2.0,140.69,5,5 - Orta Altı Risk,6,Sadakat Teklifi,Sadakat Teklifi,True,True,Geçmiş şikâyetin durumu kontrol edilmeli,Empatik Şikâyet Yaklaşımı,True,False,Teklif için onaylı kampanya bilgisi gerekli,65.0,65.0
464,53569,0,0,0.79820037,16.0,Computer,2,9.0,Credit Card,Male,4.0,2,Laptop & Accessory,5,Divorced,9,0,17.0,1.0,2.0,4.0,187.72,5,5 - Orta Altı Risk,6,Sadakat Teklifi,Sadakat Teklifi,True,False,Geçmiş şikâyet işareti yok,Sadakat ve Teşekkür,True,False,Teklif için onaylı kampanya bilgisi gerekli,65.0,65.0
465,51924,0,0,0.80023885,11.0,Computer,1,8.0,Debit Card,Female,3.0,1,Laptop & Accessory,5,Single,7,1,12.0,0.0,4.0,12.0,159.8,5,5 - Orta Altı Risk,6,Sadakat Teklifi,Sadakat Teklifi,True,True,Geçmiş şikâyetin durumu kontrol edilmeli,Empatik Şikâyet Yaklaşımı,True,False,Teklif için onaylı kampanya bilgisi gerekli,65.0,65.0
466,50248,0,0,0.8187244,8.0,Mobile Phone,1,15.0,Debit Card,Male,3.0,4,Laptop & Accessory,4,Single,10,0,19.0,1.0,1.0,0.0,165.4,5,5 - Orta Altı Risk,6,Sadakat Teklifi,Sadakat Teklifi,True,False,Geçmiş şikâyet işareti yok,Sadakat ve Teşekkür,True,False,Teklif için onaylı kampanya bilgisi gerekli,65.0,65.0
467,51339,0,0,0.8187635,4.0,Computer,1,11.0,Credit Card,Male,3.0,3,Laptop & Accessory,5,Single,1,0,19.0,0.0,1.0,7.0,199.36,5,5 - Orta Altı Risk,6,Sadakat Teklifi,Sadakat Teklifi,True,False,Geçmiş şikâyet işareti yok,Sadakat ve Teşekkür,True,False,Teklif için onaylı kampanya bilgisi gerekli,65.0,65.0
468,51279,0,0,0.81930923,12.0,Mobile Phone,3,21.0,E wallet,Male,3.0,3,Grocery,5,Single,1,0,12.0,4.0,,10.0,233.41000000000003,5,5 - Orta Altı Risk,6,Sadakat Teklifi,Sadakat Teklifi,True,False,Geçmiş şikâyet işareti yok,Sadakat ve Teşekkür,True,False,Teklif için onaylı kampanya bilgisi gerekli,65.0,65.0
469,50403,0,0,0.82081324,5.0,Mobile Phone,3,16.0,E wallet,Male,2.0,3,Laptop & Accessory,2,Single,2,0,12.0,0.0,1.0,8.0,153.96,5,5 - Orta Altı Risk,6,Sadakat Teklifi,Sadakat Teklifi,True,False,Geçmiş şikâyet işareti yok,Sadakat ve Teşekkür,True,False,Teklif için onaylı kampanya bilgisi gerekli,65.0,65.0
470,55260,0,0,0.8225347,19.0,Mobile Phone,1,8.0,Cash on Delivery,Male,4.0,4,Fashion,4,Married,3,0,13.0,4.0,8.0,8.0,199.41,5,5 - Orta Altı Risk,6,Sadakat Teklifi,Sadakat Teklifi,True,False,Geçmiş şikâyet işareti yok,Sadakat ve Teşekkür,True,False,Teklif için onaylı kampanya bilgisi gerekli,65.0,65.0
471,52413,0,0,0.8234458,20.0,Phone,3,20.0,Credit Card,Female,3.0,3,Laptop & Accessory,3,Married,4,1,17.0,1.0,1.0,2.0,145.91,5,5 - Orta Altı Risk,6,Sadakat Teklifi,Sadakat Teklifi,True,True,Geçmiş şikâyetin durumu kontrol edilmeli,Empatik Şikâyet Yaklaşımı,True,False,Teklif için onaylı kampanya bilgisi gerekli,65.0,65.0
472,50773,0,0,0.82479,30.0,Mobile Phone,3,9.0,Debit Card,Female,2.0,4,Laptop & Accessory,2,Single,6,0,17.0,0.0,1.0,5.0,151.71,5,5 - Orta Altı Risk,6,Sadakat Teklifi,Sadakat Teklifi,True,False,Geçmiş şikâyet işareti yok,Sadakat ve Teşekkür,True,False,Teklif için onaylı kampanya bilgisi gerekli,65.0,65.0
473,51603,0,0,0.8322148,13.0,Mobile Phone,1,8.0,Credit Card,Male,2.0,3,Others,3,Married,1,0,,3.0,3.0,9.0,294.36,5,5 - Orta Altı Risk,6,Sadakat Teklifi,Sadakat Teklifi,True,False,Geçmiş şikâyet işareti yok,Sadakat ve Teşekkür,True,False,Teklif için onaylı kampanya bilgisi gerekli,65.0,65.0
474,54709,0,0,0.84315145,17.0,Computer,3,22.0,Debit Card,Male,3.0,5,Laptop & Accessory,1,Married,5,0,19.0,2.0,3.0,3.0,193.04,5,5 - Orta Altı Risk,6,Sadakat Teklifi,Sadakat Teklifi,True,False,Geçmiş şikâyet işareti yok,Sadakat ve Teşekkür,True,False,Teklif için onaylı kampanya bilgisi gerekli,65.0,65.0
475,52032,0,0,0.8538399,14.0,Phone,1,12.0,Credit Card,Male,2.0,3,Mobile Phone,5,Single,3,1,13.0,1.0,2.0,17.0,147.21,5,5 - Orta Altı Risk,6,Sadakat Teklifi,Sadakat Teklifi,True,True,Geçmiş şikâyetin durumu kontrol edilmeli,Empatik Şikâyet Yaklaşımı,True,False,Teklif için onaylı kampanya bilgisi gerekli,65.0,65.0
476,54986,0,0,0.8614322,3.0,Mobile Phone,1,15.0,Credit Card,Male,4.0,5,Laptop & Accessory,1,Married,3,1,16.0,2.0,2.0,3.0,175.56,5,5 - Orta Altı Risk,6,Sadakat Teklifi,Sadakat Teklifi,True,True,Geçmiş şikâyetin durumu kontrol edilmeli,Empatik Şikâyet Yaklaşımı,True,False,Teklif için onaylı kampanya bilgisi gerekli,65.0,65.0
477,52943,0,0,0.86234117,3.0,Phone,1,22.0,Debit Card,Male,3.0,4,Mobile Phone,2,Single,3,0,20.0,1.0,2.0,6.0,148.4,5,5 - Orta Altı Risk,6,Sadakat Teklifi,Sadakat Teklifi,True,False,Geçmiş şikâyet işareti yok,Sadakat ve Teşekkür,True,False,Teklif için onaylı kampanya bilgisi gerekli,65.0,65.0
478,52745,0,0,0.86837125,16.0,Mobile Phone,1,17.0,Debit Card,Male,1.0,3,Fashion,3,Married,2,0,17.0,1.0,1.0,9.0,175.1,5,5 - Orta Altı Risk,6,Sadakat Teklifi,Sadakat Teklifi,True,False,Geçmiş şikâyet işareti yok,Sadakat ve Teşekkür,True,False,Teklif için onaylı kampanya bilgisi gerekli,65.0,65.0
479,50940,0,0,0.8733347,,Phone,2,6.0,Debit Card,Male,2.0,3,Mobile,3,Married,1,0,21.0,0.0,1.0,3.0,120.63999999999999,5,5 - Orta Altı Risk,6,Sadakat Teklifi,Sadakat Teklifi,True,False,Geçmiş şikâyet işareti yok,Sadakat ve Teşekkür,True,False,Teklif için onaylı kampanya bilgisi gerekli,65.0,65.0
480,50454,0,0,0.8761566,11.0,Computer,1,8.0,Debit Card,Female,3.0,1,Laptop & Accessory,5,Single,7,1,12.0,4.0,4.0,12.0,159.8,5,5 - Orta Altı Risk,6,Sadakat Teklifi,Sadakat Teklifi,True,True,Geçmiş şikâyetin durumu kontrol edilmeli,Empatik Şikâyet Yaklaşımı,True,False,Teklif için onaylı kampanya bilgisi gerekli,65.0,65.0
481,53586,0,0,0.8791092,5.0,Mobile Phone,1,18.0,Credit Card,Male,4.0,4,Laptop & Accessory,5,Divorced,3,1,13.0,1.0,2.0,2.0,193.33,5,5 - Orta Altı Risk,6,Sadakat Teklifi,Sadakat Teklifi,True,True,Geçmiş şikâyetin durumu kontrol edilmeli,Empatik Şikâyet Yaklaşımı,True,False,Teklif için onaylı kampanya bilgisi gerekli,65.0,65.0
482,50213,0,0,0.882757,2.0,Phone,1,15.0,UPI,Male,1.0,4,Mobile Phone,2,Single,1,0,17.0,2.0,2.0,2.0,139.83,5,5 - Orta Altı Risk,6,Sadakat Teklifi,Sadakat Teklifi,True,False,Geçmiş şikâyet işareti yok,Sadakat ve Teşekkür,True,False,Teklif için onaylı kampanya bilgisi gerekli,65.0,65.0
483,54100,0,0,0.88869864,14.0,Computer,1,18.0,COD,Female,4.0,4,Laptop & Accessory,3,Married,3,0,12.0,3.0,10.0,5.0,188.23,5,5 - Orta Altı Risk,6,Sadakat Teklifi,Sadakat Teklifi,True,False,Geçmiş şikâyet işareti yok,Sadakat ve Teşekkür,True,False,Teklif için onaylı kampanya bilgisi gerekli,65.0,65.0
484,54336,0,0,0.8966646,30.0,Mobile Phone,1,15.0,Debit Card,Female,4.0,4,Mobile Phone,5,Married,6,1,19.0,3.0,3.0,3.0,167.57,5,5 - Orta Altı Risk,6,Sadakat Teklifi,Sadakat Teklifi,True,True,Geçmiş şikâyetin durumu kontrol edilmeli,Empatik Şikâyet Yaklaşımı,True,False,Teklif için onaylı kampanya bilgisi gerekli,65.0,65.0
485,53836,0,0,0.9010967,10.0,Mobile Phone,1,19.0,Debit Card,Female,4.0,4,Laptop & Accessory,3,Married,11,1,13.0,1.0,2.0,2.0,171.63,5,5 - Orta Altı Risk,6,Sadakat Teklifi,Sadakat Teklifi,True,True,Geçmiş şikâyetin durumu kontrol edilmeli,Empatik Şikâyet Yaklaşımı,True,False,Teklif için onaylı kampanya bilgisi gerekli,65.0,65.0
486,55306,0,0,0.9010967,10.0,Mobile Phone,1,19.0,Debit Card,Female,4.0,4,Laptop & Accessory,3,Married,11,1,13.0,1.0,2.0,2.0,171.63,5,5 - Orta Altı Risk,6,Sadakat Teklifi,Sadakat Teklifi,True,True,Geçmiş şikâyetin durumu kontrol edilmeli,Empatik Şikâyet Yaklaşımı,True,False,Teklif için onaylı kampanya bilgisi gerekli,65.0,65.0
487,51930,0,0,0.90228885,15.0,Computer,1,14.0,Debit Card,Male,3.0,3,Others,1,Married,2,0,13.0,,14.0,9.0,284.3,5,5 - Orta Altı Risk,6,Sadakat Teklifi,Sadakat Teklifi,True,False,Geçmiş şikâyet işareti yok,Sadakat ve Teşekkür,True,False,Teklif için onaylı kampanya bilgisi gerekli,65.0,65.0
488,52074,0,0,0.90374386,27.0,Mobile Phone,1,23.0,Cash on Delivery,Female,2.0,3,Fashion,3,Married,9,0,11.0,0.0,1.0,8.0,207.39,5,5 - Orta Altı Risk,6,Sadakat Teklifi,Sadakat Teklifi,True,False,Geçmiş şikâyet işareti yok,Sadakat ve Teşekkür,True,False,Teklif için onaylı kampanya bilgisi gerekli,65.0,65.0
489,54879,0,0,0.90787673,19.0,Computer,1,30.0,Debit Card,Male,3.0,4,Laptop & Accessory,5,Married,3,1,16.0,2.0,2.0,9.0,161.33,5,5 - Orta Altı Risk,6,Sadakat Teklifi,Sadakat Teklifi,True,True,Geçmiş şikâyetin durumu kontrol edilmeli,Empatik Şikâyet Yaklaşımı,True,False,Teklif için onaylı kampanya bilgisi gerekli,65.0,65.0
490,50579,0,0,0.91081274,11.0,Computer,3,16.0,COD,Female,2.0,3,Laptop & Accessory,2,Single,2,1,13.0,0.0,1.0,3.0,156.66,5,5 - Orta Altı Risk,6,Sadakat Teklifi,Sadakat Teklifi,True,True,Geçmiş şikâyetin durumu kontrol edilmeli,Empatik Şikâyet Yaklaşımı,True,False,Teklif için onaylı kampanya bilgisi gerekli,65.0,65.0
491,55068,0,0,0.92377204,18.0,Mobile Phone,3,12.0,E wallet,Male,3.0,4,Others,4,Married,9,0,,2.0,4.0,11.0,307.13,5,5 - Orta Altı Risk,6,Sadakat Teklifi,Sadakat Teklifi,True,False,Geçmiş şikâyet işareti yok,Sadakat ve Teşekkür,True,False,Teklif için onaylı kampanya bilgisi gerekli,65.0,65.0
492,53302,0,0,0.9537952,9.0,Mobile Phone,1,14.0,UPI,Male,3.0,4,Fashion,3,Single,5,0,22.0,1.0,2.0,,227.21,5,5 - Orta Altı Risk,6,Sadakat Teklifi,Sadakat Teklifi,True,False,Geçmiş şikâyet işareti yok,Sadakat ve Teşekkür,True,False,Teklif için onaylı kampanya bilgisi gerekli,65.0,65.0
493,54427,0,0,0.9696697,5.0,Mobile Phone,1,30.0,Credit Card,Male,4.0,5,Laptop & Accessory,1,Married,2,0,22.0,1.0,8.0,9.0,180.82,5,5 - Orta Altı Risk,6,Sadakat Teklifi,Sadakat Teklifi,True,False,Geçmiş şikâyet işareti yok,Sadakat ve Teşekkür,True,False,Teklif için onaylı kampanya bilgisi gerekli,65.0,65.0
494,51295,0,0,0.9720688,15.0,Mobile Phone,1,24.0,Debit Card,Male,2.0,3,Laptop & Accessory,5,Married,7,1,17.0,0.0,1.0,2.0,154.1,5,5 - Orta Altı Risk,6,Sadakat Teklifi,Sadakat Teklifi,True,True,Geçmiş şikâyetin durumu kontrol edilmeli,Empatik Şikâyet Yaklaşımı,True,False,Teklif için onaylı kampanya bilgisi gerekli,65.0,65.0
495,51894,0,0,0.9724062,16.0,Computer,3,21.0,Debit Card,Male,2.0,4,Laptop & Accessory,1,Married,4,0,18.0,1.0,2.0,2.0,168.04,5,5 - Orta Altı Risk,6,Sadakat Teklifi,Sadakat Teklifi,True,False,Geçmiş şikâyet işareti yok,Sadakat ve Teşekkür,True,False,Teklif için onaylı kampanya bilgisi gerekli,65.0,65.0
496,51723,0,0,0.97972965,9.0,Phone,1,,Debit Card,Female,3.0,3,Mobile,3,Married,5,0,13.0,2.0,2.0,2.0,125.43,5,5 - Orta Altı Risk,6,Sadakat Teklifi,Sadakat Teklifi,True,False,Geçmiş şikâyet işareti yok,Sadakat ve Teşekkür,True,False,Teklif için onaylı kampanya bilgisi gerekli,65.0,65.0
497,55581,0,0,0.9820082,15.0,Mobile Phone,1,8.0,Debit Card,Male,4.0,4,Mobile Phone,1,Married,5,0,23.0,1.0,2.0,1.0,152.82,5,5 - Orta Altı Risk,6,Sadakat Teklifi,Sadakat Teklifi,True,False,Geçmiş şikâyet işareti yok,Sadakat ve Teşekkür,True,False,Teklif için onaylı kampanya bilgisi gerekli,65.0,65.0
498,51765,0,0,0.9882697,,Computer,1,9.0,Debit Card,Male,2.0,3,Mobile,1,Married,5,0,15.0,1.0,1.0,4.0,120.97,5,5 - Orta Altı Risk,6,Sadakat Teklifi,Sadakat Teklifi,True,False,Geçmiş şikâyet işareti yok,Sadakat ve Teşekkür,True,False,Teklif için onaylı kampanya bilgisi gerekli,65.0,65.0
499,53738,0,0,0.9891762,7.0,Computer,3,14.0,Credit Card,Male,3.0,4,Laptop & Accessory,5,Divorced,2,0,15.0,1.0,2.0,4.0,168.73,5,5 - Orta Altı Risk,6,Sadakat Teklifi,Sadakat Teklifi,True,False,Geçmiş şikâyet işareti yok,Sadakat ve Teşekkür,True,False,Teklif için onaylı kampanya bilgisi gerekli,65.0,65.0
500,51598,0,0,0.9973018,2.0,Phone,1,,Debit Card,Male,2.0,3,Mobile,1,Single,2,0,19.0,1.0,1.0,5.0,123.4,5,5 - Orta Altı Risk,6,Sadakat Teklifi,Sadakat Teklifi,True,False,Geçmiş şikâyet işareti yok,Sadakat ve Teşekkür,True,False,Teklif için onaylı kampanya bilgisi gerekli,65.0,65.0
501,52844,0,0,1.0006534,19.0,Phone,1,16.0,Debit Card,Male,3.0,4,Laptop & Accessory,4,Married,10,0,19.0,2.0,2.0,16.0,148.48,5,5 - Orta Altı Risk,6,Sadakat Teklifi,Sadakat Teklifi,True,False,Geçmiş şikâyet işareti yok,Sadakat ve Teşekkür,True,False,Teklif için onaylı kampanya bilgisi gerekli,65.0,65.0
502,52317,0,0,1.0035257,24.0,Mobile Phone,1,17.0,Cash on Delivery,Female,2.0,4,Grocery,4,Single,4,0,16.0,0.0,1.0,3.0,231.42000000000002,5,5 - Orta Altı Risk,6,Sadakat Teklifi,Sadakat Teklifi,True,False,Geçmiş şikâyet işareti yok,Sadakat ve Teşekkür,True,False,Teklif için onaylı kampanya bilgisi gerekli,65.0,65.0
503,54787,0,0,1.004615,6.0,Mobile Phone,1,15.0,Credit Card,Female,4.0,2,Laptop & Accessory,3,Married,7,0,13.0,2.0,2.0,4.0,176.75,5,5 - Orta Altı Risk,6,Sadakat Teklifi,Sadakat Teklifi,True,False,Geçmiş şikâyet işareti yok,Sadakat ve Teşekkür,True,False,Teklif için onaylı kampanya bilgisi gerekli,65.0,65.0
504,54329,0,0,1.0162935,12.0,Mobile Phone,3,7.0,Debit Card,Female,3.0,5,Laptop & Accessory,1,Single,6,0,23.0,1.0,2.0,,211.86,5,5 - Orta Altı Risk,6,Sadakat Teklifi,Sadakat Teklifi,True,False,Geçmiş şikâyet işareti yok,Sadakat ve Teşekkür,True,False,Teklif için onaylı kampanya bilgisi gerekli,65.0,65.0
505,54180,0,0,1.0214033,12.0,Mobile Phone,1,9.0,Debit Card,Male,3.0,4,Mobile Phone,1,Single,7,1,12.0,1.0,2.0,3.0,164.44,5,5 - Orta Altı Risk,6,Sadakat Teklifi,Sadakat Teklifi,True,True,Geçmiş şikâyetin durumu kontrol edilmeli,Empatik Şikâyet Yaklaşımı,True,False,Teklif için onaylı kampanya bilgisi gerekli,65.0,65.0
506,51802,0,0,1.026679,4.0,Mobile Phone,3,13.0,Debit Card,Male,2.0,4,Fashion,1,Married,10,0,21.0,1.0,1.0,,215.57,5,5 - Orta Altı Risk,6,Sadakat Teklifi,Sadakat Teklifi,True,False,Geçmiş şikâyet işareti yok,Sadakat ve Teşekkür,True,False,Teklif için onaylı kampanya bilgisi gerekli,65.0,65.0
507,53610,0,0,1.0280938,31.0,Mobile Phone,1,25.0,Credit Card,Male,4.0,4,Fashion,2,Single,8,0,13.0,2.0,6.0,,230.12,5,5 - Orta Altı Risk,6,Sadakat Teklifi,Sadakat Teklifi,True,False,Geçmiş şikâyet işareti yok,Sadakat ve Teşekkür,True,False,Teklif için onaylı kampanya bilgisi gerekli,65.0,65.0
508,50448,0,0,1.0309716,2.0,Phone,1,33.0,Credit Card,Female,3.0,3,Laptop & Accessory,3,Divorced,5,0,12.0,1.0,1.0,1.0,143.35,5,5 - Orta Altı Risk,6,Sadakat Teklifi,Sadakat Teklifi,True,False,Geçmiş şikâyet işareti yok,Sadakat ve Teşekkür,True,False,Teklif için onaylı kampanya bilgisi gerekli,65.0,65.0
509,52149,0,0,1.0383216,7.0,Computer,1,9.0,Debit Card,Male,,4,Mobile,1,Married,4,0,17.0,0.0,1.0,0.0,129.79,5,5 - Orta Altı Risk,6,Sadakat Teklifi,Sadakat Teklifi,True,False,Geçmiş şikâyet işareti yok,Sadakat ve Teşekkür,True,False,Teklif için onaylı kampanya bilgisi gerekli,65.0,65.0
510,50918,0,0,1.0394174,17.0,Computer,1,11.0,Debit Card,Male,,4,Mobile,3,Single,4,0,14.0,0.0,1.0,3.0,131.62,5,5 - Orta Altı Risk,6,Sadakat Teklifi,Sadakat Teklifi,True,False,Geçmiş şikâyet işareti yok,Sadakat ve Teşekkür,True,False,Teklif için onaylı kampanya bilgisi gerekli,65.0,65.0
511,54209,0,0,1.059214,20.0,Computer,3,12.0,E wallet,Male,4.0,4,Laptop & Accessory,1,Single,6,1,22.0,2.0,2.0,9.0,182.72,5,5 - Orta Altı Risk,6,Sadakat Teklifi,Sadakat Teklifi,True,True,Geçmiş şikâyetin durumu kontrol edilmeli,Empatik Şikâyet Yaklaşımı,True,False,Teklif için onaylı kampanya bilgisi gerekli,65.0,65.0
512,51394,0,0,1.0596888,19.0,Computer,3,11.0,E wallet,Male,3.0,3,Laptop & Accessory,1,Single,5,1,21.0,1.0,1.0,8.0,157.72,5,5 - Orta Altı Risk,6,Sadakat Teklifi,Sadakat Teklifi,True,True,Geçmiş şikâyetin durumu kontrol edilmeli,Empatik Şikâyet Yaklaşımı,True,False,Teklif için onaylı kampanya bilgisi gerekli,65.0,65.0
513,53908,0,0,1.0604265,1.0,Mobile Phone,1,16.0,Credit Card,Male,4.0,2,Mobile Phone,3,Married,3,0,17.0,1.0,2.0,5.0,169.01,5,5 - Orta Altı Risk,6,Sadakat Teklifi,Sadakat Teklifi,True,False,Geçmiş şikâyet işareti yok,Sadakat ve Teşekkür,True,False,Teklif için onaylı kampanya bilgisi gerekli,65.0,65.0
514,55047,0,0,1.068386,4.0,Mobile Phone,1,8.0,Credit Card,Male,4.0,4,Mobile Phone,4,Married,2,1,22.0,4.0,6.0,8.0,160.79,5,5 - Orta Altı Risk,6,Sadakat Teklifi,Sadakat Teklifi,True,True,Geçmiş şikâyetin durumu kontrol edilmeli,Empatik Şikâyet Yaklaşımı,True,False,Teklif için onaylı kampanya bilgisi gerekli,65.0,65.0
515,53317,0,0,1.0954317,6.0,Mobile Phone,1,15.0,Credit Card,Female,4.0,2,Laptop & Accessory,3,Divorced,7,0,13.0,2.0,2.0,4.0,176.75,5,5 - Orta Altı Risk,6,Sadakat Teklifi,Sadakat Teklifi,True,False,Geçmiş şikâyet işareti yok,Sadakat ve Teşekkür,True,False,Teklif için onaylı kampanya bilgisi gerekli,65.0,65.0
516,54342,0,0,1.1070964,8.0,Phone,1,34.0,Credit Card,Female,4.0,4,Mobile Phone,4,Single,4,0,16.0,1.0,2.0,3.0,148.11,5,5 - Orta Altı Risk,6,Sadakat Teklifi,Sadakat Teklifi,True,False,Geçmiş şikâyet işareti yok,Sadakat ve Teşekkür,True,False,Teklif için onaylı kampanya bilgisi gerekli,65.0,65.0
517,55519,0,0,1.1095717,5.0,Mobile Phone,3,17.0,Credit Card,Female,3.0,4,Laptop & Accessory,1,Married,4,1,12.0,2.0,2.0,5.0,190.83,5,5 - Orta Altı Risk,6,Sadakat Teklifi,Sadakat Teklifi,True,True,Geçmiş şikâyetin durumu kontrol edilmeli,Empatik Şikâyet Yaklaşımı,True,False,Teklif için onaylı kampanya bilgisi gerekli,65.0,65.0
518,52069,0,0,1.1119082,19.0,Mobile Phone,1,13.0,Credit Card,Male,3.0,3,Fashion,3,Married,7,0,13.0,1.0,1.0,7.0,208.45,5,5 - Orta Altı Risk,6,Sadakat Teklifi,Sadakat Teklifi,True,False,Geçmiş şikâyet işareti yok,Sadakat ve Teşekkür,True,False,Teklif için onaylı kampanya bilgisi gerekli,65.0,65.0
519,54718,0,0,1.1182053,9.0,Computer,1,9.0,Debit Card,Female,4.0,4,Laptop & Accessory,5,Married,4,0,12.0,2.0,2.0,1.0,175.93,5,5 - Orta Altı Risk,6,Sadakat Teklifi,Sadakat Teklifi,True,False,Geçmiş şikâyet işareti yok,Sadakat ve Teşekkür,True,False,Teklif için onaylı kampanya bilgisi gerekli,65.0,65.0
520,54298,0,0,1.1340679,13.0,Mobile Phone,3,11.0,Debit Card,Female,3.0,5,Laptop & Accessory,3,Married,6,0,15.0,6.0,6.0,10.0,184.02,5,5 - Orta Altı Risk,6,Sadakat Teklifi,Sadakat Teklifi,True,False,Geçmiş şikâyet işareti yok,Sadakat ve Teşekkür,True,False,Teklif için onaylı kampanya bilgisi gerekli,65.0,65.0
521,50983,0,0,1.1387044,11.0,Computer,2,16.0,UPI,Male,3.0,3,Laptop & Accessory,3,Married,4,0,11.0,0.0,1.0,2.0,160.77,5,5 - Orta Altı Risk,6,Sadakat Teklifi,Sadakat Teklifi,True,False,Geçmiş şikâyet işareti yok,Sadakat ve Teşekkür,True,False,Teklif için onaylı kampanya bilgisi gerekli,65.0,65.0
522,53796,0,0,1.1397635,7.0,Mobile Phone,3,15.0,Debit Card,Male,3.0,4,Laptop & Accessory,5,Married,4,0,14.0,3.0,3.0,3.0,188.92,5,5 - Orta Altı Risk,6,Sadakat Teklifi,Sadakat Teklifi,True,False,Geçmiş şikâyet işareti yok,Sadakat ve Teşekkür,True,False,Teklif için onaylı kampanya bilgisi gerekli,65.0,65.0
523,53229,0,0,1.1444997,15.0,Mobile Phone,2,7.0,UPI,Male,3.0,5,Others,3,Divorced,3,0,,3.0,3.0,11.0,316.89,5,5 - Orta Altı Risk,6,Sadakat Teklifi,Sadakat Teklifi,True,False,Geçmiş şikâyet işareti yok,Sadakat ve Teşekkür,True,False,Teklif için onaylı kampanya bilgisi gerekli,65.0,65.0
524,52230,0,0,1.1726974,13.0,Mobile Phone,3,16.0,COD,Female,2.0,4,Laptop & Accessory,4,Married,8,0,12.0,1.0,1.0,3.0,168.52,5,5 - Orta Altı Risk,6,Sadakat Teklifi,Sadakat Teklifi,True,False,Geçmiş şikâyet işareti yok,Sadakat ve Teşekkür,True,False,Teklif için onaylı kampanya bilgisi gerekli,65.0,65.0
525,54054,0,0,1.1830808,7.0,Mobile Phone,3,17.0,E wallet,Male,3.0,4,Laptop & Accessory,3,Single,3,0,15.0,1.0,2.0,10.0,179.87,5,5 - Orta Altı Risk,6,Sadakat Teklifi,Sadakat Teklifi,True,False,Geçmiş şikâyet işareti yok,Sadakat ve Teşekkür,True,False,Teklif için onaylı kampanya bilgisi gerekli,65.0,65.0
526,53349,0,0,1.1878564,18.0,Mobile Phone,1,16.0,Debit Card,Male,4.0,4,Mobile Phone,5,Divorced,3,1,14.0,3.0,8.0,2.0,150.59,5,5 - Orta Altı Risk,6,Sadakat Teklifi,Sadakat Teklifi,True,True,Geçmiş şikâyetin durumu kontrol edilmeli,Empatik Şikâyet Yaklaşımı,True,False,Teklif için onaylı kampanya bilgisi gerekli,65.0,65.0
527,51514,0,0,1.1949658,11.0,Mobile Phone,3,6.0,Debit Card,Female,2.0,4,Laptop & Accessory,1,Single,5,0,22.0,0.0,1.0,7.0,186.86,5,5 - Orta Altı Risk,6,Sadakat Teklifi,Sadakat Teklifi,True,False,Geçmiş şikâyet işareti yok,Sadakat ve Teşekkür,True,False,Teklif için onaylı kampanya bilgisi gerekli,65.0,65.0
528,51776,0,0,1.1974868,8.0,Phone,1,28.0,Debit Card,Male,2.0,5,Mobile Phone,3,Single,1,0,15.0,1.0,4.0,3.0,142.3,5,5 - Orta Altı Risk,6,Sadakat Teklifi,Sadakat Teklifi,True,False,Geçmiş şikâyet işareti yok,Sadakat ve Teşekkür,True,False,Teklif için onaylı kampanya bilgisi gerekli,65.0,65.0
529,53377,0,0,1.2015928,15.0,Mobile Phone,1,13.0,Credit Card,Male,3.0,4,Mobile Phone,5,Single,4,1,14.0,2.0,3.0,18.0,172.21,5,5 - Orta Altı Risk,6,Sadakat Teklifi,Sadakat Teklifi,True,True,Geçmiş şikâyetin durumu kontrol edilmeli,Empatik Şikâyet Yaklaşımı,True,False,Teklif için onaylı kampanya bilgisi gerekli,65.0,65.0
530,52396,0,0,1.2113063,15.0,Computer,1,15.0,Credit Card,Female,3.0,3,Mobile Phone,1,Single,2,0,13.0,0.0,5.0,8.0,136.73,5,5 - Orta Altı Risk,6,Sadakat Teklifi,Sadakat Teklifi,True,False,Geçmiş şikâyet işareti yok,Sadakat ve Teşekkür,True,False,Teklif için onaylı kampanya bilgisi gerekli,65.0,65.0
531,53811,0,0,1.2123339,12.0,Mobile Phone,3,23.0,Debit Card,Female,3.0,4,Laptop & Accessory,4,Single,4,0,13.0,1.0,2.0,3.0,166.98,5,5 - Orta Altı Risk,6,Sadakat Teklifi,Sadakat Teklifi,True,False,Geçmiş şikâyet işareti yok,Sadakat ve Teşekkür,True,False,Teklif için onaylı kampanya bilgisi gerekli,65.0,65.0
532,50285,0,0,1.2175221,15.0,Computer,1,35.0,Debit Card,Female,3.0,3,Laptop & Accessory,3,Married,3,0,11.0,1.0,1.0,2.0,145.56,5,5 - Orta Altı Risk,6,Sadakat Teklifi,Sadakat Teklifi,True,False,Geçmiş şikâyet işareti yok,Sadakat ve Teşekkür,True,False,Teklif için onaylı kampanya bilgisi gerekli,65.0,65.0
533,53947,0,0,1.2186192,12.0,Computer,1,9.0,Credit Card,Female,4.0,5,Mobile Phone,4,Married,6,0,15.0,1.0,2.0,6.0,149.68,5,5 - Orta Altı Risk,6,Sadakat Teklifi,Sadakat Teklifi,True,False,Geçmiş şikâyet işareti yok,Sadakat ve Teşekkür,True,False,Teklif için onaylı kampanya bilgisi gerekli,65.0,65.0
534,51581,0,0,1.2267507,16.0,Mobile Phone,3,22.0,E wallet,Female,3.0,3,Grocery,1,Married,6,1,22.0,0.0,,9.0,260.64,5,5 - Orta Altı Risk,6,Sadakat Teklifi,Sadakat Teklifi,True,True,Geçmiş şikâyetin durumu kontrol edilmeli,Empatik Şikâyet Yaklaşımı,True,False,Teklif için onaylı kampanya bilgisi gerekli,65.0,65.0
535,51247,0,0,1.2297155,29.0,Mobile Phone,3,17.0,E wallet,Female,2.0,4,Laptop & Accessory,5,Married,5,0,16.0,0.0,1.0,0.0,153.8,5,5 - Orta Altı Risk,6,Sadakat Teklifi,Sadakat Teklifi,True,False,Geçmiş şikâyet işareti yok,Sadakat ve Teşekkür,True,False,Teklif için onaylı kampanya bilgisi gerekli,65.0,65.0
536,51966,0,0,1.2483202,8.0,Phone,1,,CC,Female,2.0,4,Mobile,5,Single,2,0,11.0,0.0,1.0,1.0,125.59,5,5 - Orta Altı Risk,6,Sadakat Teklifi,Sadakat Teklifi,True,False,Geçmiş şikâyet işareti yok,Sadakat ve Teşekkür,True,False,Teklif için onaylı kampanya bilgisi gerekli,65.0,65.0
537,53093,0,0,1.2497431,4.0,Mobile Phone,3,19.0,COD,Female,3.0,4,Laptop & Accessory,3,Single,2,0,12.0,4.0,5.0,5.0,190.77,5,5 - Orta Altı Risk,6,Sadakat Teklifi,Sadakat Teklifi,True,False,Geçmiş şikâyet işareti yok,Sadakat ve Teşekkür,True,False,Teklif için onaylı kampanya bilgisi gerekli,65.0,65.0
538,54563,0,0,1.2497431,4.0,Mobile Phone,3,19.0,COD,Female,3.0,4,Laptop & Accessory,3,Single,2,0,12.0,4.0,5.0,5.0,190.77,5,5 - Orta Altı Risk,6,Sadakat Teklifi,Sadakat Teklifi,True,False,Geçmiş şikâyet işareti yok,Sadakat ve Teşekkür,True,False,Teklif için onaylı kampanya bilgisi gerekli,65.0,65.0
539,55485,0,0,1.2499408,3.0,Mobile Phone,1,36.0,Debit Card,Male,4.0,6,Laptop & Accessory,3,Married,10,0,18.0,1.0,2.0,7.0,188.84,5,5 - Orta Altı Risk,6,Sadakat Teklifi,Sadakat Teklifi,True,False,Geçmiş şikâyet işareti yok,Sadakat ve Teşekkür,True,False,Teklif için onaylı kampanya bilgisi gerekli,65.0,65.0
540,53445,0,0,1.2565985,7.0,Computer,3,15.0,Debit Card,Female,3.0,5,Mobile Phone,2,Single,2,0,20.0,3.0,3.0,3.0,148.42,5,5 - Orta Altı Risk,6,Sadakat Teklifi,Sadakat Teklifi,True,False,Geçmiş şikâyet işareti yok,Sadakat ve Teşekkür,True,False,Teklif için onaylı kampanya bilgisi gerekli,65.0,65.0
541,50186,0,0,1.2715062,4.0,Mobile Phone,2,8.0,UPI,Male,3.0,4,Laptop & Accessory,5,Divorced,4,0,12.0,0.0,1.0,0.0,164.1,5,5 - Orta Altı Risk,6,Sadakat Teklifi,Sadakat Teklifi,True,False,Geçmiş şikâyet işareti yok,Sadakat ve Teşekkür,True,False,Teklif için onaylı kampanya bilgisi gerekli,65.0,65.0
542,51316,0,0,1.2748519,9.0,Computer,1,10.0,Debit Card,Female,3.0,3,Laptop & Accessory,4,Married,8,0,13.0,1.0,1.0,2.0,151.31,5,5 - Orta Altı Risk,6,Sadakat Teklifi,Sadakat Teklifi,True,False,Geçmiş şikâyet işareti yok,Sadakat ve Teşekkür,True,False,Teklif için onaylı kampanya bilgisi gerekli,65.0,65.0
543,52290,0,0,1.2753736,1.0,Computer,1,7.0,Debit Card,Female,2.0,5,Laptop & Accessory,1,Married,1,0,11.0,7.0,7.0,5.0,166.74,5,5 - Orta Altı Risk,6,Sadakat Teklifi,Sadakat Teklifi,True,False,Geçmiş şikâyet işareti yok,Sadakat ve Teşekkür,True,False,Teklif için onaylı kampanya bilgisi gerekli,65.0,65.0
544,54589,0,0,1.275502,21.0,Mobile Phone,1,9.0,Credit Card,Female,4.0,4,Laptop & Accessory,1,Married,7,0,14.0,1.0,2.0,5.0,175.7,5,5 - Orta Altı Risk,6,Sadakat Teklifi,Sadakat Teklifi,True,False,Geçmiş şikâyet işareti yok,Sadakat ve Teşekkür,True,False,Teklif için onaylı kampanya bilgisi gerekli,65.0,65.0
545,50753,0,0,1.276382,19.0,Mobile Phone,1,8.0,COD,Male,2.0,3,Laptop & Accessory,2,Married,3,0,11.0,1.0,1.0,4.0,173.79,5,5 - Orta Altı Risk,6,Sadakat Teklifi,Sadakat Teklifi,True,False,Geçmiş şikâyet işareti yok,Sadakat ve Teşekkür,True,False,Teklif için onaylı kampanya bilgisi gerekli,65.0,65.0
546,52243,0,0,1.2765749,30.0,Mobile Phone,3,9.0,Debit Card,Female,2.0,4,Laptop & Accessory,1,Single,6,0,17.0,0.0,1.0,5.0,151.71,5,5 - Orta Altı Risk,6,Sadakat Teklifi,Sadakat Teklifi,True,False,Geçmiş şikâyet işareti yok,Sadakat ve Teşekkür,True,False,Teklif için onaylı kampanya bilgisi gerekli,65.0,65.0
547,52498,0,0,1.299808,0.0,Phone,1,11.0,CC,Male,,3,Mobile,1,Single,2,0,18.0,0.0,2.0,2.0,131.17,5,5 - Orta Altı Risk,6,Sadakat Teklifi,Sadakat Teklifi,True,False,Geçmiş şikâyet işareti yok,Sadakat ve Teşekkür,True,False,Teklif için onaylı kampanya bilgisi gerekli,65.0,65.0
548,50584,0,0,1.3009562,9.0,Computer,3,14.0,COD,Male,2.0,3,Laptop & Accessory,2,Married,5,0,13.0,1.0,1.0,7.0,150.79,5,5 - Orta Altı Risk,6,Sadakat Teklifi,Sadakat Teklifi,True,False,Geçmiş şikâyet işareti yok,Sadakat ve Teşekkür,True,False,Teklif için onaylı kampanya bilgisi gerekli,65.0,65.0
549,54981,0,0,1.3029925,9.0,Computer,3,18.0,E wallet,Male,3.0,4,Laptop & Accessory,1,Married,3,0,12.0,2.0,2.0,3.0,174.68,5,5 - Orta Altı Risk,6,Sadakat Teklifi,Sadakat Teklifi,True,False,Geçmiş şikâyet işareti yok,Sadakat ve Teşekkür,True,False,Teklif için onaylı kampanya bilgisi gerekli,65.0,65.0
550,51256,0,0,1.3075024,8.0,Mobile Phone,3,24.0,Credit Card,Male,3.0,3,Laptop & Accessory,5,Married,1,0,16.0,0.0,1.0,4.0,0.0,5,5 - Orta Altı Risk,6,Sadakat Teklifi,Sadakat Teklifi,True,False,Geçmiş şikâyet işareti yok,Sadakat ve Teşekkür,True,False,Teklif için onaylı kampanya bilgisi gerekli,65.0,65.0
551,52024,0,0,1.3140315,,Phone,1,26.0,CC,Male,2.0,3,Mobile,3,Married,5,0,17.0,1.0,1.0,0.0,122.59,5,5 - Orta Altı Risk,6,Sadakat Teklifi,Sadakat Teklifi,True,False,Geçmiş şikâyet işareti yok,Sadakat ve Teşekkür,True,False,Teklif için onaylı kampanya bilgisi gerekli,65.0,65.0
552,51624,0,0,1.3168572,0.0,Computer,1,6.0,Debit Card,Female,2.0,3,Laptop & Accessory,4,Married,2,0,20.0,1.0,1.0,4.0,163.97,5,5 - Orta Altı Risk,6,Sadakat Teklifi,Sadakat Teklifi,True,False,Geçmiş şikâyet işareti yok,Sadakat ve Teşekkür,True,False,Teklif için onaylı kampanya bilgisi gerekli,65.0,65.0
553,54190,0,0,1.318326,20.0,Mobile Phone,3,9.0,E wallet,Female,3.0,4,Others,5,Single,5,0,,3.0,3.0,2.0,314.47,5,5 - Orta Altı Risk,6,Sadakat Teklifi,Sadakat Teklifi,True,False,Geçmiş şikâyet işareti yok,Sadakat ve Teşekkür,True,False,Teklif için onaylı kampanya bilgisi gerekli,65.0,65.0
554,52801,0,0,1.3320214,13.0,Phone,1,8.0,Debit Card,Male,,4,Mobile,3,Single,3,0,14.0,0.0,2.0,2.0,128.09,5,5 - Orta Altı Risk,6,Sadakat Teklifi,Sadakat Teklifi,True,False,Geçmiş şikâyet işareti yok,Sadakat ve Teşekkür,True,False,Teklif için onaylı kampanya bilgisi gerekli,65.0,65.0
555,55507,0,0,1.342876,19.0,Mobile Phone,1,32.0,Debit Card,Female,4.0,5,Laptop & Accessory,1,Married,2,0,14.0,1.0,4.0,9.0,184.06,5,5 - Orta Altı Risk,6,Sadakat Teklifi,Sadakat Teklifi,True,False,Geçmiş şikâyet işareti yok,Sadakat ve Teşekkür,True,False,Teklif için onaylı kampanya bilgisi gerekli,65.0,65.0
556,54739,0,0,1.3571588,12.0,Computer,1,9.0,Debit Card,Female,4.0,2,Laptop & Accessory,5,Single,8,1,13.0,1.0,5.0,13.0,184.8,5,5 - Orta Altı Risk,6,Sadakat Teklifi,Sadakat Teklifi,True,True,Geçmiş şikâyetin durumu kontrol edilmeli,Empatik Şikâyet Yaklaşımı,True,False,Teklif için onaylı kampanya bilgisi gerekli,65.0,65.0
557,54158,0,0,1.3591142,1.0,Mobile Phone,1,11.0,Debit Card,Male,3.0,2,Laptop & Accessory,4,Married,3,1,21.0,2.0,2.0,4.0,186.42,5,5 - Orta Altı Risk,6,Sadakat Teklifi,Sadakat Teklifi,True,True,Geçmiş şikâyetin durumu kontrol edilmeli,Empatik Şikâyet Yaklaşımı,True,False,Teklif için onaylı kampanya bilgisi gerekli,65.0,65.0
558,50984,0,0,1.360961,8.0,Phone,1,,CC,Male,3.0,4,Mobile,5,Single,2,0,19.0,0.0,1.0,2.0,124.5,5,5 - Orta Altı Risk,6,Sadakat Teklifi,Sadakat Teklifi,True,False,Geçmiş şikâyet işareti yok,Sadakat ve Teşekkür,True,False,Teklif için onaylı kampanya bilgisi gerekli,65.0,65.0
559,53784,0,0,1.3628801,16.0,Computer,1,9.0,Debit Card,Male,3.0,4,Fashion,1,Married,4,1,15.0,13.0,14.0,,226.24,5,5 - Orta Altı Risk,6,Sadakat Teklifi,Sadakat Teklifi,True,True,Geçmiş şikâyetin durumu kontrol edilmeli,Empatik Şikâyet Yaklaşımı,True,False,Teklif için onaylı kampanya bilgisi gerekli,65.0,65.0
560,55090,0,0,1.3774666,2.0,Computer,1,9.0,Debit Card,Male,3.0,5,Mobile Phone,1,Married,3,1,13.0,1.0,3.0,3.0,163.67,5,5 - Orta Altı Risk,6,Sadakat Teklifi,Sadakat Teklifi,True,True,Geçmiş şikâyetin durumu kontrol edilmeli,Empatik Şikâyet Yaklaşımı,True,False,Teklif için onaylı kampanya bilgisi gerekli,65.0,65.0
561,51811,0,0,1.3953165,19.0,Computer,1,24.0,Credit Card,Female,2.0,3,Fashion,3,Married,6,0,11.0,0.0,1.0,2.0,205.27,5,5 - Orta Altı Risk,6,Sadakat Teklifi,Sadakat Teklifi,True,False,Geçmiş şikâyet işareti yok,Sadakat ve Teşekkür,True,False,Teklif için onaylı kampanya bilgisi gerekli,65.0,65.0
562,51521,0,0,1.4052807,29.0,Phone,1,14.0,Debit Card,Female,3.0,3,Mobile Phone,5,Married,5,1,18.0,2.0,2.0,2.0,142.57,5,5 - Orta Altı Risk,6,Sadakat Teklifi,Sadakat Teklifi,True,True,Geçmiş şikâyetin durumu kontrol edilmeli,Empatik Şikâyet Yaklaşımı,True,False,Teklif için onaylı kampanya bilgisi gerekli,65.0,65.0
563,54964,0,0,1.4075779,8.0,Computer,1,10.0,Debit Card,Male,3.0,5,Mobile Phone,1,Married,5,0,18.0,1.0,2.0,1.0,154.79,6,6 - Orta Risk,5,Sadakat Teklifi,Sadakat Teklifi,True,False,Geçmiş şikâyet işareti yok,Sadakat ve Teşekkür,True,False,Teklif için onaylı kampanya bilgisi gerekli,70.0,70.0
564,52397,0,0,1.4115524,17.0,Computer,3,7.0,E wallet,Female,3.0,3,Laptop & Accessory,3,Married,8,0,12.0,0.0,1.0,0.0,147.68,6,6 - Orta Risk,5,Sadakat Teklifi,Sadakat Teklifi,True,False,Geçmiş şikâyet işareti yok,Sadakat ve Teşekkür,True,False,Teklif için onaylı kampanya bilgisi gerekli,70.0,70.0
565,53436,0,0,1.4153657,29.0,Computer,1,25.0,Credit Card,Male,4.0,4,Laptop & Accessory,4,Divorced,5,1,15.0,7.0,7.0,8.0,188.85,6,6 - Orta Risk,5,Sadakat Teklifi,Sadakat Teklifi,True,True,Geçmiş şikâyetin durumu kontrol edilmeli,Empatik Şikâyet Yaklaşımı,True,False,Teklif için onaylı kampanya bilgisi gerekli,70.0,70.0
566,52223,0,0,1.422758,19.0,Mobile Phone,1,8.0,COD,Male,2.0,3,Laptop & Accessory,1,Married,3,0,11.0,0.0,1.0,4.0,173.79,6,6 - Orta Risk,5,Sadakat Teklifi,Sadakat Teklifi,True,False,Geçmiş şikâyet işareti yok,Sadakat ve Teşekkür,True,False,Teklif için onaylı kampanya bilgisi gerekli,70.0,70.0
567,52440,0,0,1.4337145,13.0,Mobile Phone,3,15.0,Credit Card,Male,2.0,3,Laptop & Accessory,5,Married,1,0,12.0,7.0,7.0,1.0,154.73,6,6 - Orta Risk,5,Sadakat Teklifi,Sadakat Teklifi,True,False,Geçmiş şikâyet işareti yok,Sadakat ve Teşekkür,True,False,Teklif için onaylı kampanya bilgisi gerekli,70.0,70.0
568,50166,0,0,1.4512653,22.0,Computer,1,16.0,Debit Card,Female,2.0,3,Others,5,Single,10,1,11.0,,1.0,2.0,286.65,6,6 - Orta Risk,5,Sadakat Teklifi,Sadakat Teklifi,True,True,Geçmiş şikâyetin durumu kontrol edilmeli,Empatik Şikâyet Yaklaşımı,True,False,Teklif için onaylı kampanya bilgisi gerekli,70.0,70.0
569,50881,0,0,1.467802,2.0,Mobile Phone,2,23.0,UPI,Male,2.0,4,Fashion,5,Single,2,0,13.0,0.0,1.0,9.0,179.88,6,6 - Orta Risk,5,Sadakat Teklifi,Sadakat Teklifi,True,False,Geçmiş şikâyet işareti yok,Sadakat ve Teşekkür,True,False,Teklif için onaylı kampanya bilgisi gerekli,70.0,70.0
570,53804,0,0,1.4699496,6.0,Computer,1,7.0,COD,Male,4.0,4,Laptop & Accessory,5,Married,6,0,15.0,2.0,2.0,3.0,165.87,6,6 - Orta Risk,5,Sadakat Teklifi,Sadakat Teklifi,True,False,Geçmiş şikâyet işareti yok,Sadakat ve Teşekkür,True,False,Teklif için onaylı kampanya bilgisi gerekli,70.0,70.0
571,52465,0,0,1.4834074,11.0,Mobile Phone,3,20.0,Debit Card,Male,3.0,3,Laptop & Accessory,4,Married,1,0,11.0,3.0,7.0,7.0,199.24,6,6 - Orta Risk,5,Sadakat Teklifi,Sadakat Teklifi,True,False,Geçmiş şikâyet işareti yok,Sadakat ve Teşekkür,True,False,Teklif için onaylı kampanya bilgisi gerekli,70.0,70.0
572,51583,0,0,1.4835726,25.0,Computer,3,8.0,Debit Card,Male,3.0,4,Others,3,Single,2,1,18.0,,15.0,12.0,290.68,6,6 - Orta Risk,5,Sadakat Teklifi,Sadakat Teklifi,True,True,Geçmiş şikâyetin durumu kontrol edilmeli,Empatik Şikâyet Yaklaşımı,True,False,Teklif için onaylı kampanya bilgisi gerekli,70.0,70.0
573,51101,0,0,1.488212,18.0,Mobile Phone,1,34.0,Cash on Delivery,Female,2.0,4,Grocery,4,Single,2,0,11.0,,8.0,6.0,267.04,6,6 - Orta Risk,5,Sadakat Teklifi,Sadakat Teklifi,True,False,Geçmiş şikâyet işareti yok,Sadakat ve Teşekkür,True,False,Teklif için onaylı kampanya bilgisi gerekli,70.0,70.0
574,53629,0,0,1.5050749,31.0,Phone,1,30.0,Debit Card,Male,3.0,4,Mobile Phone,3,Married,3,0,13.0,3.0,3.0,3.0,148.72,6,6 - Orta Risk,5,Sadakat Teklifi,Sadakat Teklifi,True,False,Geçmiş şikâyet işareti yok,Sadakat ve Teşekkür,True,False,Teklif için onaylı kampanya bilgisi gerekli,70.0,70.0
575,53399,0,0,1.5082783,10.0,Computer,3,15.0,COD,Male,3.0,4,Laptop & Accessory,2,Married,6,0,14.0,2.0,2.0,8.0,175.79,6,6 - Orta Risk,5,Sadakat Teklifi,Sadakat Teklifi,True,False,Geçmiş şikâyet işareti yok,Sadakat ve Teşekkür,True,False,Teklif için onaylı kampanya bilgisi gerekli,70.0,70.0
576,52450,0,0,1.5160631,2.0,Phone,1,,Debit Card,Male,3.0,1,Mobile,3,Married,7,0,18.0,0.0,1.0,0.0,124.50999999999999,6,6 - Orta Risk,5,Sadakat Teklifi,Sadakat Teklifi,True,False,Geçmiş şikâyet işareti yok,Sadakat ve Teşekkür,True,False,Teklif için onaylı kampanya bilgisi gerekli,70.0,70.0
577,51909,0,0,1.5161505,0.0,Mobile Phone,3,32.0,Credit Card,Female,2.0,3,Laptop & Accessory,1,Single,2,0,23.0,0.0,1.0,4.0,161.8,6,6 - Orta Risk,5,Sadakat Teklifi,Sadakat Teklifi,True,False,Geçmiş şikâyet işareti yok,Sadakat ve Teşekkür,True,False,Teklif için onaylı kampanya bilgisi gerekli,70.0,70.0
578,52283,0,0,1.5291456,12.0,Mobile Phone,1,19.0,Credit Card,Female,3.0,4,Grocery,4,Married,7,1,13.0,,15.0,2.0,271.23,6,6 - Orta Risk,5,Sadakat Teklifi,Sadakat Teklifi,True,True,Geçmiş şikâyetin durumu kontrol edilmeli,Empatik Şikâyet Yaklaşımı,True,False,Teklif için onaylı kampanya bilgisi gerekli,70.0,70.0
579,54128,0,0,1.5348022,13.0,Computer,1,16.0,Debit Card,Male,3.0,4,Others,1,Single,4,0,,1.0,2.0,4.0,319.31,6,6 - Orta Risk,5,Sadakat Teklifi,Sadakat Teklifi,True,False,Geçmiş şikâyet işareti yok,Sadakat ve Teşekkür,True,False,Teklif için onaylı kampanya bilgisi gerekli,70.0,70.0
580,54899,0,0,1.5355532,13.0,Mobile Phone,1,7.0,Debit Card,Female,4.0,5,Grocery,1,Married,3,0,17.0,10.0,,9.0,252.42000000000002,6,6 - Orta Risk,5,Sadakat Teklifi,Sadakat Teklifi,True,False,Geçmiş şikâyet işareti yok,Sadakat ve Teşekkür,True,False,Teklif için onaylı kampanya bilgisi gerekli,70.0,70.0
581,51792,0,0,1.5435374,14.0,Computer,3,16.0,Debit Card,Male,2.0,3,Laptop & Accessory,1,Single,8,0,14.0,0.0,1.0,10.0,162.3,6,6 - Orta Risk,5,Sadakat Teklifi,Sadakat Teklifi,True,False,Geçmiş şikâyet işareti yok,Sadakat ve Teşekkür,True,False,Teklif için onaylı kampanya bilgisi gerekli,70.0,70.0
582,51609,0,0,1.544387,19.0,Mobile Phone,3,8.0,Cash on Delivery,Female,3.0,5,Grocery,4,Married,4,1,12.0,,7.0,7.0,268.72,6,6 - Orta Risk,5,Sadakat Teklifi,Sadakat Teklifi,True,True,Geçmiş şikâyetin durumu kontrol edilmeli,Empatik Şikâyet Yaklaşımı,True,False,Teklif için onaylı kampanya bilgisi gerekli,70.0,70.0
583,54808,0,0,1.5466646,9.0,Mobile Phone,1,32.0,Cash on Delivery,Male,4.0,5,Fashion,4,Married,5,0,17.0,3.0,,9.0,234.02999999999997,6,6 - Orta Risk,5,Sadakat Teklifi,Sadakat Teklifi,True,False,Geçmiş şikâyet işareti yok,Sadakat ve Teşekkür,True,False,Teklif için onaylı kampanya bilgisi gerekli,70.0,70.0
584,50800,0,0,1.5812714,8.0,Phone,1,12.0,Debit Card,Male,3.0,3,Mobile,3,Divorced,1,1,14.0,1.0,2.0,2.0,135.06,6,6 - Orta Risk,5,Sadakat Teklifi,Sadakat Teklifi,True,True,Geçmiş şikâyetin durumu kontrol edilmeli,Empatik Şikâyet Yaklaşımı,True,False,Teklif için onaylı kampanya bilgisi gerekli,70.0,70.0
585,55421,0,0,1.6101416,6.0,Computer,1,12.0,COD,Male,4.0,4,Mobile Phone,4,Single,4,0,15.0,2.0,2.0,8.0,152.18,6,6 - Orta Risk,5,Sadakat Teklifi,Sadakat Teklifi,True,False,Geçmiş şikâyet işareti yok,Sadakat ve Teşekkür,True,False,Teklif için onaylı kampanya bilgisi gerekli,70.0,70.0
586,55456,0,0,1.6227921,15.0,Mobile Phone,3,11.0,E wallet,Female,3.0,4,Fashion,3,Married,2,1,14.0,6.0,14.0,,229.47,6,6 - Orta Risk,5,Sadakat Teklifi,Sadakat Teklifi,True,True,Geçmiş şikâyetin durumu kontrol edilmeli,Empatik Şikâyet Yaklaşımı,True,False,Teklif için onaylı kampanya bilgisi gerekli,70.0,70.0
587,55616,0,0,1.6228173,14.0,Mobile Phone,1,9.0,Debit Card,Male,1.0,5,Mobile Phone,3,Single,4,0,15.0,1.0,3.0,3.0,153.09,6,6 - Orta Risk,5,Sadakat Teklifi,Sadakat Teklifi,True,False,Geçmiş şikâyet işareti yok,Sadakat ve Teşekkür,True,False,Teklif için onaylı kampanya bilgisi gerekli,70.0,70.0
588,53778,0,0,1.6265943,8.0,Phone,3,14.0,COD,Male,3.0,4,Mobile Phone,3,Married,2,1,26.0,1.0,6.0,8.0,148.08,6,6 - Orta Risk,5,Sadakat Teklifi,Sadakat Teklifi,True,True,Geçmiş şikâyetin durumu kontrol edilmeli,Empatik Şikâyet Yaklaşımı,True,False,Teklif için onaylı kampanya bilgisi gerekli,70.0,70.0
589,53805,0,0,1.6474185,22.0,Phone,1,22.0,UPI,Female,4.0,4,Mobile Phone,5,Married,10,0,13.0,8.0,8.0,7.0,148.67,6,6 - Orta Risk,5,Sadakat Teklifi,Sadakat Teklifi,True,False,Geçmiş şikâyet işareti yok,Sadakat ve Teşekkür,True,False,Teklif için onaylı kampanya bilgisi gerekli,70.0,70.0
590,53993,0,0,1.6477392,9.0,Mobile Phone,1,30.0,Credit Card,Male,4.0,6,Mobile Phone,3,Married,2,0,17.0,2.0,2.0,4.0,152.05,6,6 - Orta Risk,5,Sadakat Teklifi,Sadakat Teklifi,True,False,Geçmiş şikâyet işareti yok,Sadakat ve Teşekkür,True,False,Teklif için onaylı kampanya bilgisi gerekli,70.0,70.0
591,50661,0,0,1.6788629,13.0,Mobile Phone,1,26.0,Cash on Delivery,Male,3.0,3,Fashion,2,Divorced,5,0,20.0,4.0,11.0,1.0,203.22,6,6 - Orta Risk,5,Sadakat Teklifi,Sadakat Teklifi,True,False,Geçmiş şikâyet işareti yok,Sadakat ve Teşekkür,True,False,Teklif için onaylı kampanya bilgisi gerekli,70.0,70.0
592,50335,0,0,1.6813252,14.0,Computer,1,8.0,UPI,Female,3.0,4,Laptop & Accessory,3,Single,3,1,17.0,0.0,1.0,7.0,168.11,6,6 - Orta Risk,5,Sadakat Teklifi,Sadakat Teklifi,True,True,Geçmiş şikâyetin durumu kontrol edilmeli,Empatik Şikâyet Yaklaşımı,True,False,Teklif için onaylı kampanya bilgisi gerekli,70.0,70.0
593,51805,0,0,1.6813252,14.0,Computer,1,8.0,UPI,Female,3.0,4,Laptop & Accessory,3,Single,3,1,17.0,0.0,1.0,7.0,168.11,6,6 - Orta Risk,5,Sadakat Teklifi,Sadakat Teklifi,True,True,Geçmiş şikâyetin durumu kontrol edilmeli,Empatik Şikâyet Yaklaşımı,True,False,Teklif için onaylı kampanya bilgisi gerekli,70.0,70.0
594,54384,0,0,1.6881777,12.0,Mobile Phone,3,10.0,Debit Card,Male,4.0,4,Fashion,3,Married,2,0,13.0,2.0,6.0,,231.08999999999997,6,6 - Orta Risk,5,Sadakat Teklifi,Sadakat Teklifi,True,False,Geçmiş şikâyet işareti yok,Sadakat ve Teşekkür,True,False,Teklif için onaylı kampanya bilgisi gerekli,70.0,70.0
595,52575,0,0,1.6915183,13.0,Mobile Phone,1,14.0,Debit Card,Female,3.0,3,Laptop & Accessory,5,Married,3,1,16.0,1.0,1.0,0.0,165.16,6,6 - Orta Risk,5,Sadakat Teklifi,Sadakat Teklifi,True,True,Geçmiş şikâyetin durumu kontrol edilmeli,Empatik Şikâyet Yaklaşımı,True,False,Teklif için onaylı kampanya bilgisi gerekli,70.0,70.0
596,53949,0,0,1.7070006,3.0,Phone,1,11.0,COD,Female,4.0,5,Mobile Phone,5,Married,3,0,14.0,1.0,2.0,1.0,146.09,6,6 - Orta Risk,5,Sadakat Teklifi,Sadakat Teklifi,True,False,Geçmiş şikâyet işareti yok,Sadakat ve Teşekkür,True,False,Teklif için onaylı kampanya bilgisi gerekli,70.0,70.0
597,54508,0,0,1.7092894,21.0,Computer,3,11.0,Credit Card,Male,4.0,4,Laptop & Accessory,3,Single,5,0,20.0,1.0,2.0,1.0,154.76,6,6 - Orta Risk,5,Sadakat Teklifi,Sadakat Teklifi,True,False,Geçmiş şikâyet işareti yok,Sadakat ve Teşekkür,True,False,Teklif için onaylı kampanya bilgisi gerekli,70.0,70.0
598,52670,0,0,1.7227159,2.0,Mobile Phone,1,35.0,Debit Card,Male,3.0,5,Laptop & Accessory,3,Married,9,0,17.0,0.0,1.0,6.0,163.84,6,6 - Orta Risk,5,Sadakat Teklifi,Sadakat Teklifi,True,False,Geçmiş şikâyet işareti yok,Sadakat ve Teşekkür,True,False,Teklif için onaylı kampanya bilgisi gerekli,70.0,70.0
599,55084,0,0,1.7326055,8.0,Computer,2,18.0,Debit Card,Male,3.0,5,Laptop & Accessory,4,Married,6,0,12.0,1.0,2.0,9.0,169.9,6,6 - Orta Risk,5,Sadakat Teklifi,Sadakat Teklifi,True,False,Geçmiş şikâyet işareti yok,Sadakat ve Teşekkür,True,False,Teklif için onaylı kampanya bilgisi gerekli,70.0,70.0
600,55103,0,0,1.7463926,10.0,Mobile Phone,1,17.0,Cash on Delivery,Female,4.0,4,Fashion,3,Married,5,0,13.0,2.0,2.0,8.0,195.94,6,6 - Orta Risk,5,Sadakat Teklifi,Sadakat Teklifi,True,False,Geçmiş şikâyet işareti yok,Sadakat ve Teşekkür,True,False,Teklif için onaylı kampanya bilgisi gerekli,70.0,70.0
601,55481,0,0,1.7479675,16.0,Computer,1,17.0,COD,Male,3.0,4,Mobile Phone,3,Married,5,0,23.0,4.0,4.0,4.0,154.36,6,6 - Orta Risk,5,Sadakat Teklifi,Sadakat Teklifi,True,False,Geçmiş şikâyet işareti yok,Sadakat ve Teşekkür,True,False,Teklif için onaylı kampanya bilgisi gerekli,70.0,70.0
602,52092,0,0,1.7519271,14.0,Computer,1,13.0,Debit Card,Female,2.0,5,Others,3,Married,2,0,,5.0,5.0,10.0,299.73,6,6 - Orta Risk,5,Sadakat Teklifi,Sadakat Teklifi,True,False,Geçmiş şikâyet işareti yok,Sadakat ve Teşekkür,True,False,Teklif için onaylı kampanya bilgisi gerekli,70.0,70.0
603,55001,0,0,1.7699543,9.0,Phone,1,7.0,Credit Card,Male,3.0,5,Mobile Phone,3,Married,8,0,13.0,2.0,2.0,8.0,147.58,6,6 - Orta Risk,5,Sadakat Teklifi,Sadakat Teklifi,True,False,Geçmiş şikâyet işareti yok,Sadakat ve Teşekkür,True,False,Teklif için onaylı kampanya bilgisi gerekli,70.0,70.0
604,55029,0,0,1.7715709,2.0,Mobile Phone,1,26.0,Credit Card,Male,4.0,5,Mobile Phone,5,Married,3,0,13.0,2.0,4.0,4.0,156.96,6,6 - Orta Risk,5,Sadakat Teklifi,Sadakat Teklifi,True,False,Geçmiş şikâyet işareti yok,Sadakat ve Teşekkür,True,False,Teklif için onaylı kampanya bilgisi gerekli,70.0,70.0
605,50097,0,0,1.771712,6.0,Phone,1,,CC,Female,2.0,4,Mobile,4,Divorced,7,0,21.0,0.0,1.0,1.0,126.22,6,6 - Orta Risk,5,Sadakat Teklifi,Sadakat Teklifi,True,False,Geçmiş şikâyet işareti yok,Sadakat ve Teşekkür,True,False,Teklif için onaylı kampanya bilgisi gerekli,70.0,70.0
606,51136,0,0,1.7722772,5.0,Computer,1,11.0,COD,Male,,3,Mobile,4,Single,3,0,14.0,1.0,1.0,7.0,127.18,6,6 - Orta Risk,5,Sadakat Teklifi,Sadakat Teklifi,True,False,Geçmiş şikâyet işareti yok,Sadakat ve Teşekkür,True,False,Teklif için onaylı kampanya bilgisi gerekli,70.0,70.0
607,51730,0,0,1.7729098,9.0,Mobile Phone,3,8.0,Credit Card,Male,3.0,4,Fashion,3,Married,2,0,13.0,8.0,9.0,0.0,175.96,6,6 - Orta Risk,5,Sadakat Teklifi,Sadakat Teklifi,True,False,Geçmiş şikâyet işareti yok,Sadakat ve Teşekkür,True,False,Teklif için onaylı kampanya bilgisi gerekli,70.0,70.0
608,53485,0,0,1.7770059,8.0,Computer,1,10.0,Debit Card,Male,3.0,4,Laptop & Accessory,2,Single,2,0,18.0,2.0,2.0,5.0,202.56,6,6 - Orta Risk,5,Sadakat Teklifi,Sadakat Teklifi,True,False,Geçmiş şikâyet işareti yok,Sadakat ve Teşekkür,True,False,Teklif için onaylı kampanya bilgisi gerekli,70.0,70.0
609,53138,0,0,1.7851657,9.0,Mobile Phone,3,7.0,E wallet,Male,3.0,4,Laptop & Accessory,3,Divorced,11,0,12.0,4.0,7.0,10.0,172.17,6,6 - Orta Risk,5,Sadakat Teklifi,Sadakat Teklifi,True,False,Geçmiş şikâyet işareti yok,Sadakat ve Teşekkür,True,False,Teklif için onaylı kampanya bilgisi gerekli,70.0,70.0
610,53601,0,0,1.8062413,1.0,Phone,1,7.0,Debit Card,Male,3.0,4,Mobile Phone,3,Divorced,3,0,23.0,1.0,2.0,2.0,137.23,6,6 - Orta Risk,5,Sadakat Teklifi,Sadakat Teklifi,True,False,Geçmiş şikâyet işareti yok,Sadakat ve Teşekkür,True,False,Teklif için onaylı kampanya bilgisi gerekli,70.0,70.0
611,52538,0,0,1.8271257,22.0,Phone,1,,CC,Female,3.0,3,Mobile,5,Married,5,1,16.0,0.0,2.0,2.0,125.87,6,6 - Orta Risk,5,Sadakat Teklifi,Sadakat Teklifi,True,True,Geçmiş şikâyetin durumu kontrol edilmeli,Empatik Şikâyet Yaklaşımı,True,False,Teklif için onaylı kampanya bilgisi gerekli,70.0,70.0
612,54832,0,0,1.8392937,8.0,Phone,1,17.0,Debit Card,Male,3.0,4,Mobile Phone,4,Married,3,0,15.0,2.0,2.0,1.0,145.08,6,6 - Orta Risk,5,Sadakat Teklifi,Sadakat Teklifi,True,False,Geçmiş şikâyet işareti yok,Sadakat ve Teşekkür,True,False,Teklif için onaylı kampanya bilgisi gerekli,70.0,70.0
613,53782,0,0,1.8431239,7.0,Mobile Phone,1,32.0,Debit Card,Male,3.0,5,Laptop & Accessory,4,Single,3,0,14.0,1.0,2.0,3.0,168.2,6,6 - Orta Risk,5,Sadakat Teklifi,Sadakat Teklifi,True,False,Geçmiş şikâyet işareti yok,Sadakat ve Teşekkür,True,False,Teklif için onaylı kampanya bilgisi gerekli,70.0,70.0
614,50192,0,0,1.8583181,22.0,Mobile Phone,1,6.0,Cash on Delivery,Female,2.0,4,Grocery,3,Single,8,1,12.0,1.0,,7.0,239.64,6,6 - Orta Risk,5,Sadakat Teklifi,Sadakat Teklifi,True,True,Geçmiş şikâyetin durumu kontrol edilmeli,Empatik Şikâyet Yaklaşımı,True,False,Teklif için onaylı kampanya bilgisi gerekli,70.0,70.0
615,50308,0,0,1.8596461,7.0,Phone,1,8.0,Debit Card,Male,,4,Mobile,3,Married,4,0,12.0,5.0,5.0,7.0,127.68,6,6 - Orta Risk,5,Sadakat Teklifi,Sadakat Teklifi,True,False,Geçmiş şikâyet işareti yok,Sadakat ve Teşekkür,True,False,Teklif için onaylı kampanya bilgisi gerekli,70.0,70.0
616,55523,0,0,1.8694084,19.0,Computer,1,8.0,Credit Card,Male,3.0,4,Laptop & Accessory,3,Single,6,0,13.0,1.0,2.0,4.0,178.99,6,6 - Orta Risk,5,Sadakat Teklifi,Sadakat Teklifi,True,False,Geçmiş şikâyet işareti yok,Sadakat ve Teşekkür,True,False,Teklif için onaylı kampanya bilgisi gerekli,70.0,70.0
617,53655,0,0,1.8694503,8.0,Mobile Phone,3,22.0,Credit Card,Female,4.0,4,Laptop & Accessory,5,Single,3,0,13.0,2.0,10.0,7.0,186.25,6,6 - Orta Risk,5,Sadakat Teklifi,Sadakat Teklifi,True,False,Geçmiş şikâyet işareti yok,Sadakat ve Teşekkür,True,False,Teklif için onaylı kampanya bilgisi gerekli,70.0,70.0
618,50799,0,0,1.8780059,7.0,Computer,2,17.0,Debit Card,Male,2.0,4,Laptop & Accessory,4,Divorced,5,0,11.0,0.0,1.0,8.0,144.9,6,6 - Orta Risk,5,Sadakat Teklifi,Sadakat Teklifi,True,False,Geçmiş şikâyet işareti yok,Sadakat ve Teşekkür,True,False,Teklif için onaylı kampanya bilgisi gerekli,70.0,70.0
619,54041,0,0,1.8855201,1.0,Mobile Phone,3,9.0,Credit Card,Female,3.0,2,Laptop & Accessory,3,Single,2,0,15.0,1.0,2.0,8.0,190.0,6,6 - Orta Risk,5,Sadakat Teklifi,Sadakat Teklifi,True,False,Geçmiş şikâyet işareti yok,Sadakat ve Teşekkür,True,False,Teklif için onaylı kampanya bilgisi gerekli,70.0,70.0
620,50786,0,0,1.8884648,,Mobile Phone,1,6.0,Debit Card,Male,2.0,3,Mobile Phone,3,Divorced,2,0,22.0,0.0,1.0,1.0,112.22999999999999,6,6 - Orta Risk,5,Sadakat Teklifi,Sadakat Teklifi,True,False,Geçmiş şikâyet işareti yok,Sadakat ve Teşekkür,True,False,Teklif için onaylı kampanya bilgisi gerekli,70.0,70.0
621,51169,0,0,1.9058638,16.0,Computer,1,,Debit Card,Male,2.0,3,Mobile,3,Single,5,0,13.0,0.0,1.0,2.0,124.38,6,6 - Orta Risk,5,Sadakat Teklifi,Sadakat Teklifi,True,False,Geçmiş şikâyet işareti yok,Sadakat ve Teşekkür,True,False,Teklif için onaylı kampanya bilgisi gerekli,70.0,70.0
622,50265,0,0,1.911032,10.0,Phone,1,16.0,Debit Card,Male,2.0,3,Laptop & Accessory,4,Single,3,1,12.0,0.0,1.0,1.0,141.97,6,6 - Orta Risk,5,Sadakat Teklifi,Sadakat Teklifi,True,True,Geçmiş şikâyetin durumu kontrol edilmeli,Empatik Şikâyet Yaklaşımı,True,False,Teklif için onaylı kampanya bilgisi gerekli,70.0,70.0
623,50260,0,0,1.9126134,9.0,Mobile Phone,3,8.0,Credit Card,Male,3.0,4,Fashion,3,Divorced,2,0,13.0,9.0,9.0,0.0,175.96,6,6 - Orta Risk,5,Sadakat Teklifi,Sadakat Teklifi,True,False,Geçmiş şikâyet işareti yok,Sadakat ve Teşekkür,True,False,Teklif için onaylı kampanya bilgisi gerekli,70.0,70.0
624,55104,0,0,1.9409444,20.0,Mobile Phone,2,8.0,Debit Card,Female,3.0,4,Mobile Phone,5,Single,8,0,13.0,3.0,6.0,8.0,159.23,6,6 - Orta Risk,5,Sadakat Teklifi,Sadakat Teklifi,True,False,Geçmiş şikâyet işareti yok,Sadakat ve Teşekkür,True,False,Teklif için onaylı kampanya bilgisi gerekli,70.0,70.0
625,53511,0,0,1.9692751,9.0,Computer,3,18.0,E wallet,Male,3.0,4,Laptop & Accessory,2,Married,3,0,12.0,1.0,2.0,3.0,174.68,6,6 - Orta Risk,5,Sadakat Teklifi,Sadakat Teklifi,True,False,Geçmiş şikâyet işareti yok,Sadakat ve Teşekkür,True,False,Teklif için onaylı kampanya bilgisi gerekli,70.0,70.0
626,51021,0,0,1.9783772,9.0,Phone,1,18.0,Debit Card,Female,3.0,3,Laptop & Accessory,3,Married,10,1,12.0,0.0,1.0,1.0,146.63,6,6 - Orta Risk,5,Sadakat Teklifi,Sadakat Teklifi,True,True,Geçmiş şikâyetin durumu kontrol edilmeli,Empatik Şikâyet Yaklaşımı,True,False,Teklif için onaylı kampanya bilgisi gerekli,70.0,70.0
627,52952,0,0,2.0063071,12.0,Computer,3,9.0,Debit Card,Male,3.0,5,Laptop & Accessory,2,Divorced,5,0,19.0,7.0,8.0,6.0,177.49,6,6 - Orta Risk,5,Sadakat Teklifi,Sadakat Teklifi,True,False,Geçmiş şikâyet işareti yok,Sadakat ve Teşekkür,True,False,Teklif için onaylı kampanya bilgisi gerekli,70.0,70.0
628,55615,0,0,2.0110457,19.0,Mobile Phone,3,27.0,Debit Card,Female,3.0,4,Laptop & Accessory,3,Single,10,0,16.0,1.0,2.0,2.0,173.5,6,6 - Orta Risk,5,Sadakat Teklifi,Sadakat Teklifi,True,False,Geçmiş şikâyet işareti yok,Sadakat ve Teşekkür,True,False,Teklif için onaylı kampanya bilgisi gerekli,70.0,70.0
629,55290,0,0,2.0110533,16.0,Mobile Phone,1,16.0,UPI,Male,4.0,5,Others,1,Single,10,0,,2.0,2.0,2.0,321.13,6,6 - Orta Risk,5,Sadakat Teklifi,Sadakat Teklifi,True,False,Geçmiş şikâyet işareti yok,Sadakat ve Teşekkür,True,False,Teklif için onaylı kampanya bilgisi gerekli,70.0,70.0
630,53038,0,0,2.0356293,21.0,Computer,3,11.0,Credit Card,Male,3.0,4,Laptop & Accessory,3,Single,5,0,20.0,1.0,2.0,1.0,154.76,6,6 - Orta Risk,5,Sadakat Teklifi,Sadakat Teklifi,True,False,Geçmiş şikâyet işareti yok,Sadakat ve Teşekkür,True,False,Teklif için onaylı kampanya bilgisi gerekli,70.0,70.0
631,50118,0,0,2.0464985,14.0,Phone,1,25.0,Debit Card,Male,,3,Laptop & Accessory,5,Married,3,0,16.0,1.0,1.0,0.0,130.72,6,6 - Orta Risk,5,Sadakat Teklifi,Sadakat Teklifi,True,False,Geçmiş şikâyet işareti yok,Sadakat ve Teşekkür,True,False,Teklif için onaylı kampanya bilgisi gerekli,70.0,70.0
632,55463,0,0,2.0625746,9.0,Mobile Phone,1,30.0,Credit Card,Male,4.0,6,Mobile Phone,3,Married,2,0,17.0,1.0,2.0,4.0,152.05,6,6 - Orta Risk,5,Sadakat Teklifi,Sadakat Teklifi,True,False,Geçmiş şikâyet işareti yok,Sadakat ve Teşekkür,True,False,Teklif için onaylı kampanya bilgisi gerekli,70.0,70.0
633,52580,0,0,2.0644908,20.0,Computer,3,8.0,E wallet,Male,2.0,3,Laptop & Accessory,4,Married,8,0,11.0,0.0,1.0,0.0,149.78,6,6 - Orta Risk,5,Sadakat Teklifi,Sadakat Teklifi,True,False,Geçmiş şikâyet işareti yok,Sadakat ve Teşekkür,True,False,Teklif için onaylı kampanya bilgisi gerekli,70.0,70.0
634,54848,0,0,2.0705426,10.0,Mobile Phone,1,9.0,Credit Card,Male,4.0,4,Mobile Phone,3,Single,6,0,22.0,2.0,4.0,10.0,150.19,6,6 - Orta Risk,5,Sadakat Teklifi,Sadakat Teklifi,True,False,Geçmiş şikâyet işareti yok,Sadakat ve Teşekkür,True,False,Teklif için onaylı kampanya bilgisi gerekli,70.0,70.0
635,55390,0,0,2.08118,14.0,Mobile Phone,1,15.0,Debit Card,Female,4.0,4,Laptop & Accessory,5,Married,4,1,17.0,2.0,2.0,1.0,190.16,6,6 - Orta Risk,5,Sadakat Teklifi,Sadakat Teklifi,True,True,Geçmiş şikâyetin durumu kontrol edilmeli,Empatik Şikâyet Yaklaşımı,True,False,Teklif için onaylı kampanya bilgisi gerekli,70.0,70.0
636,51159,0,0,2.1129644,,Phone,1,6.0,Debit Card,Male,2.0,3,Mobile,1,Married,2,0,11.0,0.0,1.0,3.0,120.44,6,6 - Orta Risk,5,Sadakat Teklifi,Sadakat Teklifi,True,False,Geçmiş şikâyet işareti yok,Sadakat ve Teşekkür,True,False,Teklif için onaylı kampanya bilgisi gerekli,70.0,70.0
637,55064,0,0,2.1246119,3.0,Mobile Phone,1,14.0,Debit Card,Male,3.0,4,Laptop & Accessory,1,Married,3,1,12.0,2.0,2.0,1.0,191.23,6,6 - Orta Risk,5,Sadakat Teklifi,Sadakat Teklifi,True,True,Geçmiş şikâyetin durumu kontrol edilmeli,Empatik Şikâyet Yaklaşımı,True,False,Teklif için onaylı kampanya bilgisi gerekli,70.0,70.0
638,55046,0,0,2.1282425,1.0,Mobile Phone,3,17.0,Debit Card,Male,3.0,4,Laptop & Accessory,1,Single,2,0,15.0,2.0,2.0,2.0,174.5,6,6 - Orta Risk,5,Sadakat Teklifi,Sadakat Teklifi,True,False,Geçmiş şikâyet işareti yok,Sadakat ve Teşekkür,True,False,Teklif için onaylı kampanya bilgisi gerekli,70.0,70.0
639,52776,0,0,2.128309,11.0,Mobile Phone,1,16.0,Credit Card,Female,3.0,5,Fashion,3,Married,4,0,12.0,0.0,,11.0,232.06,6,6 - Orta Risk,5,Sadakat Teklifi,Sadakat Teklifi,True,False,Geçmiş şikâyet işareti yok,Sadakat ve Teşekkür,True,False,Teklif için onaylı kampanya bilgisi gerekli,70.0,70.0
640,54969,0,0,2.1337907,3.0,Mobile Phone,1,35.0,Debit Card,Female,4.0,4,Mobile Phone,1,Married,6,0,23.0,2.0,2.0,8.0,150.14,6,6 - Orta Risk,5,Sadakat Teklifi,Sadakat Teklifi,True,False,Geçmiş şikâyet işareti yok,Sadakat ve Teşekkür,True,False,Teklif için onaylı kampanya bilgisi gerekli,70.0,70.0
641,54021,0,0,2.1459153,17.0,Mobile Phone,1,13.0,Credit Card,Female,3.0,5,Others,3,Married,9,0,,4.0,7.0,15.0,318.92,6,6 - Orta Risk,5,Sadakat Teklifi,Sadakat Teklifi,True,False,Geçmiş şikâyet işareti yok,Sadakat ve Teşekkür,True,False,Teklif için onaylı kampanya bilgisi gerekli,70.0,70.0
642,52479,0,0,2.145925,16.0,Phone,1,33.0,COD,Male,2.0,1,Mobile Phone,4,Married,6,0,12.0,1.0,1.0,2.0,148.76,6,6 - Orta Risk,5,Sadakat Teklifi,Sadakat Teklifi,True,False,Geçmiş şikâyet işareti yok,Sadakat ve Teşekkür,True,False,Teklif için onaylı kampanya bilgisi gerekli,70.0,70.0
643,54382,0,0,2.1825202,7.0,Mobile Phone,1,11.0,Credit Card,Female,3.0,5,Mobile Phone,4,Married,8,0,22.0,1.0,2.0,2.0,151.22,6,6 - Orta Risk,5,Sadakat Teklifi,Sadakat Teklifi,True,False,Geçmiş şikâyet işareti yok,Sadakat ve Teşekkür,True,False,Teklif için onaylı kampanya bilgisi gerekli,70.0,70.0
644,52676,0,0,2.212107,16.0,Mobile Phone,1,12.0,Credit Card,Female,2.0,4,Others,3,Married,8,0,,6.0,6.0,14.0,293.92,6,6 - Orta Risk,5,Sadakat Teklifi,Sadakat Teklifi,True,False,Geçmiş şikâyet işareti yok,Sadakat ve Teşekkür,True,False,Teklif için onaylı kampanya bilgisi gerekli,70.0,70.0
645,53319,0,0,2.215685,11.0,Mobile Phone,3,23.0,E wallet,Male,4.0,5,Laptop & Accessory,3,Married,6,0,20.0,2.0,2.0,1.0,188.34,6,6 - Orta Risk,5,Sadakat Teklifi,Sadakat Teklifi,True,False,Geçmiş şikâyet işareti yok,Sadakat ve Teşekkür,True,False,Teklif için onaylı kampanya bilgisi gerekli,70.0,70.0
646,51260,0,0,2.250124,7.0,Mobile Phone,3,6.0,E wallet,Male,2.0,3,Fashion,1,Single,2,0,21.0,1.0,2.0,1.0,198.88,6,6 - Orta Risk,5,Sadakat Teklifi,Sadakat Teklifi,True,False,Geçmiş şikâyet işareti yok,Sadakat ve Teşekkür,True,False,Teklif için onaylı kampanya bilgisi gerekli,70.0,70.0
647,55147,0,0,2.2755578,13.0,Mobile Phone,3,28.0,Debit Card,Male,3.0,5,Laptop & Accessory,1,Married,5,1,13.0,1.0,2.0,5.0,186.2,6,6 - Orta Risk,5,Sadakat Teklifi,Sadakat Teklifi,True,True,Geçmiş şikâyetin durumu kontrol edilmeli,Empatik Şikâyet Yaklaşımı,True,False,Teklif için onaylı kampanya bilgisi gerekli,70.0,70.0
648,55387,0,0,2.2871232,6.0,Computer,1,17.0,Debit Card,Male,3.0,4,Mobile Phone,3,Married,8,0,14.0,1.0,2.0,4.0,159.33,6,6 - Orta Risk,5,Sadakat Teklifi,Sadakat Teklifi,True,False,Geçmiş şikâyet işareti yok,Sadakat ve Teşekkür,True,False,Teklif için onaylı kampanya bilgisi gerekli,70.0,70.0
649,52192,0,0,2.2970884,8.0,Mobile Phone,1,8.0,Debit Card,Male,2.0,4,Fashion,4,Married,3,0,18.0,2.0,6.0,4.0,202.74,6,6 - Orta Risk,5,Sadakat Teklifi,Sadakat Teklifi,True,False,Geçmiş şikâyet işareti yok,Sadakat ve Teşekkür,True,False,Teklif için onaylı kampanya bilgisi gerekli,70.0,70.0
650,51068,0,0,2.3089468,22.0,Phone,1,,CC,Female,3.0,3,Mobile,5,Married,5,1,16.0,1.0,2.0,2.0,125.87,6,6 - Orta Risk,5,Sadakat Teklifi,Sadakat Teklifi,True,True,Geçmiş şikâyetin durumu kontrol edilmeli,Empatik Şikâyet Yaklaşımı,True,False,Teklif için onaylı kampanya bilgisi gerekli,70.0,70.0
651,51242,0,0,2.3724823,12.0,Computer,3,27.0,Debit Card,Female,2.0,5,Laptop & Accessory,3,Married,7,0,19.0,0.0,1.0,2.0,157.36,6,6 - Orta Risk,5,Sadakat Teklifi,Sadakat Teklifi,True,False,Geçmiş şikâyet işareti yok,Sadakat ve Teşekkür,True,False,Teklif için onaylı kampanya bilgisi gerekli,70.0,70.0
652,53693,0,0,2.3997927,9.0,Computer,1,25.0,Debit Card,Male,3.0,4,Fashion,2,Single,4,0,12.0,1.0,3.0,,218.62,6,6 - Orta Risk,5,Sadakat Teklifi,Sadakat Teklifi,True,False,Geçmiş şikâyet işareti yok,Sadakat ve Teşekkür,True,False,Teklif için onaylı kampanya bilgisi gerekli,70.0,70.0
653,53871,0,0,2.463479,10.0,Phone,1,14.0,Debit Card,Male,4.0,4,Mobile Phone,4,Single,4,0,12.0,1.0,2.0,4.0,145.13,6,6 - Orta Risk,5,Sadakat Teklifi,Sadakat Teklifi,True,False,Geçmiş şikâyet işareti yok,Sadakat ve Teşekkür,True,False,Teklif için onaylı kampanya bilgisi gerekli,70.0,70.0
654,53696,0,0,2.4731872,3.0,Mobile Phone,2,24.0,UPI,Male,3.0,5,Fashion,5,Single,3,0,14.0,1.0,2.0,10.0,204.88,6,6 - Orta Risk,5,Sadakat Teklifi,Sadakat Teklifi,True,False,Geçmiş şikâyet işareti yok,Sadakat ve Teşekkür,True,False,Teklif için onaylı kampanya bilgisi gerekli,70.0,70.0
655,53780,0,0,2.4798243,11.0,Mobile Phone,1,20.0,Credit Card,Male,3.0,4,Laptop & Accessory,1,Married,3,0,18.0,1.0,4.0,8.0,167.85,6,6 - Orta Risk,5,Sadakat Teklifi,Sadakat Teklifi,True,False,Geçmiş şikâyet işareti yok,Sadakat ve Teşekkür,True,False,Teklif için onaylı kampanya bilgisi gerekli,70.0,70.0
656,53293,0,0,2.4867616,4.0,Mobile Phone,1,9.0,Credit Card,Female,3.0,5,Laptop & Accessory,2,Single,7,1,25.0,2.0,2.0,1.0,193.77,6,6 - Orta Risk,5,Sadakat Teklifi,Sadakat Teklifi,True,True,Geçmiş şikâyetin durumu kontrol edilmeli,Empatik Şikâyet Yaklaşımı,True,False,Teklif için onaylı kampanya bilgisi gerekli,70.0,70.0
657,52348,0,0,2.5489666,8.0,Computer,1,24.0,Debit Card,Male,2.0,3,Fashion,1,Single,3,0,11.0,2.0,2.0,2.0,193.62,6,6 - Orta Risk,5,Sadakat Teklifi,Sadakat Teklifi,True,False,Geçmiş şikâyet işareti yok,Sadakat ve Teşekkür,True,False,Teklif için onaylı kampanya bilgisi gerekli,70.0,70.0
658,50698,0,0,2.5892987,7.0,Computer,1,8.0,Debit Card,Male,3.0,3,Laptop & Accessory,3,Single,3,0,11.0,1.0,1.0,2.0,140.33,6,6 - Orta Risk,5,Sadakat Teklifi,Sadakat Teklifi,True,False,Geçmiş şikâyet işareti yok,Sadakat ve Teşekkür,True,False,Teklif için onaylı kampanya bilgisi gerekli,70.0,70.0
659,53500,0,0,2.59292,2.0,Mobile Phone,1,10.0,Credit Card,Female,4.0,4,Fashion,4,Married,2,0,18.0,1.0,2.0,8.0,201.55,6,6 - Orta Risk,5,Sadakat Teklifi,Sadakat Teklifi,True,False,Geçmiş şikâyet işareti yok,Sadakat ve Teşekkür,True,False,Teklif için onaylı kampanya bilgisi gerekli,70.0,70.0
660,52391,0,0,2.612117,13.0,Phone,1,,CC,Male,3.0,3,Mobile,3,Married,3,0,14.0,1.0,1.0,2.0,123.44999999999999,6,6 - Orta Risk,5,Sadakat Teklifi,Sadakat Teklifi,True,False,Geçmiş şikâyet işareti yok,Sadakat ve Teşekkür,True,False,Teklif için onaylı kampanya bilgisi gerekli,70.0,70.0
661,50161,0,0,2.6453354,,Phone,1,6.0,Debit Card,Female,2.0,3,Mobile,2,Single,2,0,12.0,1.0,5.0,7.0,121.15,6,6 - Orta Risk,5,Sadakat Teklifi,Sadakat Teklifi,True,False,Geçmiş şikâyet işareti yok,Sadakat ve Teşekkür,True,False,Teklif için onaylı kampanya bilgisi gerekli,70.0,70.0
662,51574,0,0,2.6795642,8.0,Computer,3,6.0,E wallet,Female,3.0,3,Fashion,3,Single,2,0,14.0,1.0,1.0,8.0,187.89,6,6 - Orta Risk,5,Sadakat Teklifi,Sadakat Teklifi,True,False,Geçmiş şikâyet işareti yok,Sadakat ve Teşekkür,True,False,Teklif için onaylı kampanya bilgisi gerekli,70.0,70.0
663,50089,0,0,2.7196386,24.0,Mobile Phone,1,14.0,Debit Card,Male,2.0,4,Fashion,4,Divorced,6,0,16.0,1.0,4.0,,224.89999999999998,6,6 - Orta Risk,5,Sadakat Teklifi,Sadakat Teklifi,True,False,Geçmiş şikâyet işareti yok,Sadakat ve Teşekkür,True,False,Teklif için onaylı kampanya bilgisi gerekli,70.0,70.0
664,51418,0,0,2.7233102,4.0,Phone,1,,CC,Male,2.0,3,Mobile,4,Single,2,0,17.0,1.0,1.0,0.0,125.00999999999999,6,6 - Orta Risk,5,Sadakat Teklifi,Sadakat Teklifi,True,False,Geçmiş şikâyet işareti yok,Sadakat ve Teşekkür,True,False,Teklif için onaylı kampanya bilgisi gerekli,70.0,70.0
665,52339,0,0,2.7249963,0.0,Mobile Phone,3,24.0,Debit Card,Male,3.0,1,Laptop & Accessory,3,Married,3,0,11.0,1.0,1.0,2.0,162.32,6,6 - Orta Risk,5,Sadakat Teklifi,Sadakat Teklifi,True,False,Geçmiş şikâyet işareti yok,Sadakat ve Teşekkür,True,False,Teklif için onaylı kampanya bilgisi gerekli,70.0,70.0
666,53447,0,0,2.72621,6.0,Computer,1,36.0,Credit Card,Female,4.0,4,Mobile Phone,3,Single,11,0,13.0,6.0,8.0,8.0,165.25,6,6 - Orta Risk,5,Sadakat Teklifi,Sadakat Teklifi,True,False,Geçmiş şikâyet işareti yok,Sadakat ve Teşekkür,True,False,Teklif için onaylı kampanya bilgisi gerekli,70.0,70.0
667,53433,0,0,2.7567441,24.0,Phone,1,16.0,Debit Card,Male,4.0,4,Mobile Phone,2,Divorced,6,0,19.0,2.0,2.0,1.0,148.8,6,6 - Orta Risk,5,Sadakat Teklifi,Sadakat Teklifi,True,False,Geçmiş şikâyet işareti yok,Sadakat ve Teşekkür,True,False,Teklif için onaylı kampanya bilgisi gerekli,70.0,70.0
668,54075,0,0,2.8196533,8.0,Mobile Phone,3,7.0,E wallet,Male,3.0,4,Fashion,1,Single,3,0,22.0,2.0,3.0,,223.88,6,6 - Orta Risk,5,Sadakat Teklifi,Sadakat Teklifi,True,False,Geçmiş şikâyet işareti yok,Sadakat ve Teşekkür,True,False,Teklif için onaylı kampanya bilgisi gerekli,70.0,70.0
669,55274,0,0,2.8230348,6.0,Computer,1,8.0,COD,Male,4.0,4,Laptop & Accessory,5,Married,6,0,15.0,1.0,2.0,3.0,165.87,6,6 - Orta Risk,5,Sadakat Teklifi,Sadakat Teklifi,True,False,Geçmiş şikâyet işareti yok,Sadakat ve Teşekkür,True,False,Teklif için onaylı kampanya bilgisi gerekli,70.0,70.0
670,54147,0,0,2.90127,9.0,Computer,1,25.0,Debit Card,Male,4.0,4,Laptop & Accessory,3,Married,3,1,15.0,2.0,2.0,3.0,181.89,6,6 - Orta Risk,5,Sadakat Teklifi,Sadakat Teklifi,True,True,Geçmiş şikâyetin durumu kontrol edilmeli,Empatik Şikâyet Yaklaşımı,True,False,Teklif için onaylı kampanya bilgisi gerekli,70.0,70.0
671,50931,0,0,2.9330492,7.0,Computer,1,21.0,Credit Card,Male,3.0,3,Grocery,5,Married,8,0,14.0,,6.0,9.0,270.07,6,6 - Orta Risk,5,Sadakat Teklifi,Sadakat Teklifi,True,False,Geçmiş şikâyet işareti yok,Sadakat ve Teşekkür,True,False,Teklif için onaylı kampanya bilgisi gerekli,70.0,70.0
672,52401,0,0,2.9330492,7.0,Computer,1,21.0,Credit Card,Male,3.0,3,Grocery,5,Married,8,0,14.0,,6.0,9.0,270.07,6,6 - Orta Risk,5,Sadakat Teklifi,Sadakat Teklifi,True,False,Geçmiş şikâyet işareti yok,Sadakat ve Teşekkür,True,False,Teklif için onaylı kampanya bilgisi gerekli,70.0,70.0
673,51398,0,0,2.9371774,17.0,Mobile Phone,3,6.0,E wallet,Female,3.0,3,Laptop & Accessory,5,Married,6,1,21.0,1.0,1.0,3.0,154.54,6,6 - Orta Risk,5,Sadakat Teklifi,Sadakat Teklifi,True,True,Geçmiş şikâyetin durumu kontrol edilmeli,Empatik Şikâyet Yaklaşımı,True,False,Teklif için onaylı kampanya bilgisi gerekli,70.0,70.0
674,50418,0,0,2.9599876,11.0,Mobile Phone,1,6.0,Debit Card,Female,2.0,3,Fashion,3,Single,5,1,14.0,0.0,1.0,0.0,178.61,6,6 - Orta Risk,5,Sadakat Teklifi,Sadakat Teklifi,True,True,Geçmiş şikâyetin durumu kontrol edilmeli,Empatik Şikâyet Yaklaşımı,True,False,Teklif için onaylı kampanya bilgisi gerekli,70.0,70.0
675,55067,0,0,2.9670117,8.0,Mobile Phone,1,27.0,COD,Female,3.0,2,Mobile Phone,3,Married,2,0,18.0,2.0,2.0,1.0,150.85,6,6 - Orta Risk,5,Sadakat Teklifi,Sadakat Teklifi,True,False,Geçmiş şikâyet işareti yok,Sadakat ve Teşekkür,True,False,Teklif için onaylı kampanya bilgisi gerekli,70.0,70.0
676,52562,0,0,2.9749267,16.0,Mobile Phone,3,8.0,Credit Card,Male,3.0,3,Laptop & Accessory,1,Married,2,1,17.0,3.0,8.0,8.0,178.47,7,7 - Orta-Yüksek Risk,4,İndirim Teklifi,İndirim Teklifi,True,True,Geçmiş şikâyetin durumu kontrol edilmeli,Empatik Şikâyet Yaklaşımı,True,False,Teklif için onaylı kampanya bilgisi gerekli,72.0,72.0
677,52000,0,0,3.055331,12.0,Mobile Phone,2,8.0,Debit Card,Female,2.0,4,Laptop & Accessory,1,Married,9,0,11.0,1.0,1.0,4.0,152.04,7,7 - Orta-Yüksek Risk,4,İndirim Teklifi,İndirim Teklifi,True,False,Geçmiş şikâyet işareti yok,Teklif Bilgisi Bekleniyor,True,False,Teklif için onaylı kampanya bilgisi gerekli,72.0,72.0
678,50866,0,0,3.0581214,6.0,Computer,3,11.0,Debit Card,Male,3.0,3,Laptop & Accessory,2,Divorced,7,0,13.0,1.0,1.0,2.0,199.98,7,7 - Orta-Yüksek Risk,4,İndirim Teklifi,İndirim Teklifi,True,False,Geçmiş şikâyet işareti yok,Teklif Bilgisi Bekleniyor,True,False,Teklif için onaylı kampanya bilgisi gerekli,72.0,72.0
679,52968,0,0,3.0720286,12.0,Mobile Phone,3,14.0,Credit Card,Female,3.0,3,Laptop & Accessory,5,Married,3,1,25.0,1.0,8.0,8.0,181.05,7,7 - Orta-Yüksek Risk,4,İndirim Teklifi,İndirim Teklifi,True,True,Geçmiş şikâyetin durumu kontrol edilmeli,Empatik Şikâyet Yaklaşımı,True,False,Teklif için onaylı kampanya bilgisi gerekli,72.0,72.0
680,50043,0,0,3.079007,3.0,Mobile Phone,3,11.0,Debit Card,Female,2.0,3,Fashion,2,Divorced,3,0,12.0,2.0,7.0,4.0,194.19,7,7 - Orta-Yüksek Risk,4,İndirim Teklifi,İndirim Teklifi,True,False,Geçmiş şikâyet işareti yok,Teklif Bilgisi Bekleniyor,True,False,Teklif için onaylı kampanya bilgisi gerekli,72.0,72.0
681,51399,0,0,3.0801957,8.0,Computer,1,17.0,Credit Card,Male,3.0,4,Fashion,5,Married,3,1,13.0,1.0,2.0,3.0,198.84,7,7 - Orta-Yüksek Risk,4,İndirim Teklifi,İndirim Teklifi,True,True,Geçmiş şikâyetin durumu kontrol edilmeli,Empatik Şikâyet Yaklaşımı,True,False,Teklif için onaylı kampanya bilgisi gerekli,72.0,72.0
682,55280,0,0,3.1092186,12.0,Mobile Phone,3,21.0,Debit Card,Male,4.0,4,Laptop & Accessory,4,Married,2,0,12.0,4.0,8.0,,224.24,7,7 - Orta-Yüksek Risk,4,İndirim Teklifi,İndirim Teklifi,True,False,Geçmiş şikâyet işareti yok,Teklif Bilgisi Bekleniyor,True,False,Teklif için onaylı kampanya bilgisi gerekli,72.0,72.0
683,52639,0,0,3.1401901,16.0,Computer,1,,Debit Card,Male,2.0,3,Mobile,3,Single,5,0,13.0,1.0,1.0,2.0,124.38,7,7 - Orta-Yüksek Risk,4,İndirim Teklifi,İndirim Teklifi,True,False,Geçmiş şikâyet işareti yok,Teklif Bilgisi Bekleniyor,True,False,Teklif için onaylı kampanya bilgisi gerekli,72.0,72.0
684,51890,0,0,3.1433363,20.0,Computer,3,9.0,Credit Card,Female,2.0,3,Grocery,3,Married,10,1,12.0,1.0,,13.0,237.7,7,7 - Orta-Yüksek Risk,4,İndirim Teklifi,İndirim Teklifi,True,True,Geçmiş şikâyetin durumu kontrol edilmeli,Empatik Şikâyet Yaklaşımı,True,False,Teklif için onaylı kampanya bilgisi gerekli,72.0,72.0
685,54677,0,0,3.176688,1.0,Mobile Phone,1,11.0,Credit Card,Male,3.0,2,Mobile Phone,5,Married,4,0,17.0,1.0,2.0,3.0,153.19,7,7 - Orta-Yüksek Risk,4,İndirim Teklifi,İndirim Teklifi,True,False,Geçmiş şikâyet işareti yok,Teklif Bilgisi Bekleniyor,True,False,Teklif için onaylı kampanya bilgisi gerekli,72.0,72.0
686,52349,0,0,3.1767428,0.0,Phone,1,7.0,COD,Male,2.0,3,Mobile,1,Married,5,0,11.0,0.0,1.0,2.0,132.29,7,7 - Orta-Yüksek Risk,4,İndirim Teklifi,İndirim Teklifi,True,False,Geçmiş şikâyet işareti yok,Teklif Bilgisi Bekleniyor,True,False,Teklif için onaylı kampanya bilgisi gerekli,72.0,72.0
687,54372,0,0,3.2041445,4.0,Computer,1,7.0,Debit Card,Male,3.0,5,Fashion,3,Single,3,0,23.0,5.0,6.0,,209.74,7,7 - Orta-Yüksek Risk,4,İndirim Teklifi,İndirim Teklifi,True,False,Geçmiş şikâyet işareti yok,Teklif Bilgisi Bekleniyor,True,False,Teklif için onaylı kampanya bilgisi gerekli,72.0,72.0
688,53381,0,0,3.2157507,5.0,Mobile Phone,1,19.0,Credit Card,Female,3.0,4,Laptop & Accessory,2,Divorced,2,1,12.0,1.0,9.0,6.0,183.55,7,7 - Orta-Yüksek Risk,4,İndirim Teklifi,İndirim Teklifi,True,True,Geçmiş şikâyetin durumu kontrol edilmeli,Empatik Şikâyet Yaklaşımı,True,False,Teklif için onaylı kampanya bilgisi gerekli,72.0,72.0
689,55151,0,0,3.2272007,7.0,Computer,3,12.0,Debit Card,Male,4.0,4,Laptop & Accessory,1,Married,8,0,14.0,2.0,2.0,,224.98,7,7 - Orta-Yüksek Risk,4,İndirim Teklifi,İndirim Teklifi,True,False,Geçmiş şikâyet işareti yok,Teklif Bilgisi Bekleniyor,True,False,Teklif için onaylı kampanya bilgisi gerekli,72.0,72.0
690,53556,0,0,3.2301161,4.0,Mobile Phone,3,36.0,Debit Card,Male,4.0,4,Laptop & Accessory,5,Married,10,0,20.0,2.0,2.0,4.0,166.15,7,7 - Orta-Yüksek Risk,4,İndirim Teklifi,İndirim Teklifi,True,False,Geçmiş şikâyet işareti yok,Teklif Bilgisi Bekleniyor,True,False,Teklif için onaylı kampanya bilgisi gerekli,72.0,72.0
691,54238,0,0,3.266349,19.0,Mobile Phone,1,13.0,UPI,Male,3.0,4,Fashion,5,Married,6,1,15.0,2.0,,1.0,257.45,7,7 - Orta-Yüksek Risk,4,İndirim Teklifi,İndirim Teklifi,True,True,Geçmiş şikâyetin durumu kontrol edilmeli,Empatik Şikâyet Yaklaşımı,True,False,Teklif için onaylı kampanya bilgisi gerekli,72.0,72.0
692,50774,0,0,3.309321,16.0,Mobile Phone,1,9.0,Debit Card,Male,3.0,5,Others,2,Divorced,4,0,,1.0,1.0,7.0,297.4,7,7 - Orta-Yüksek Risk,4,İndirim Teklifi,İndirim Teklifi,True,False,Geçmiş şikâyet işareti yok,Teklif Bilgisi Bekleniyor,True,False,Teklif için onaylı kampanya bilgisi gerekli,72.0,72.0
693,54098,0,0,3.3191848,1.0,Mobile Phone,1,7.0,Debit Card,Male,3.0,5,Laptop & Accessory,3,Single,3,0,13.0,2.0,2.0,3.0,171.17,7,7 - Orta-Yüksek Risk,4,İndirim Teklifi,İndirim Teklifi,True,False,Geçmiş şikâyet işareti yok,Teklif Bilgisi Bekleniyor,True,False,Teklif için onaylı kampanya bilgisi gerekli,72.0,72.0
694,52490,0,0,3.3775826,4.0,Computer,3,8.0,UPI,Male,2.0,3,Laptop & Accessory,5,Single,8,0,13.0,1.0,1.0,3.0,153.32,7,7 - Orta-Yüksek Risk,4,İndirim Teklifi,İndirim Teklifi,True,False,Geçmiş şikâyet işareti yok,Teklif Bilgisi Bekleniyor,True,False,Teklif için onaylı kampanya bilgisi gerekli,72.0,72.0
695,51512,0,0,3.3896587,14.0,Phone,1,,Debit Card,Male,2.0,3,Mobile,3,Married,5,0,12.0,1.0,1.0,8.0,124.50999999999999,7,7 - Orta-Yüksek Risk,4,İndirim Teklifi,İndirim Teklifi,True,False,Geçmiş şikâyet işareti yok,Teklif Bilgisi Bekleniyor,True,False,Teklif için onaylı kampanya bilgisi gerekli,72.0,72.0
696,54939,0,0,3.4472828,20.0,Mobile Phone,1,15.0,Debit Card,Female,4.0,5,Laptop & Accessory,5,Married,10,1,24.0,2.0,2.0,8.0,171.15,7,7 - Orta-Yüksek Risk,4,İndirim Teklifi,İndirim Teklifi,True,True,Geçmiş şikâyetin durumu kontrol edilmeli,Empatik Şikâyet Yaklaşımı,True,False,Teklif için onaylı kampanya bilgisi gerekli,72.0,72.0
697,54369,0,0,3.4886487,14.0,Computer,1,16.0,Debit Card,Male,4.0,5,Laptop & Accessory,1,Married,11,0,15.0,1.0,2.0,3.0,173.76,7,7 - Orta-Yüksek Risk,4,İndirim Teklifi,İndirim Teklifi,True,False,Geçmiş şikâyet işareti yok,Teklif Bilgisi Bekleniyor,True,False,Teklif için onaylı kampanya bilgisi gerekli,72.0,72.0
698,50994,0,0,3.488869,,Phone,1,9.0,Debit Card,Female,2.0,3,Mobile,1,Married,2,0,21.0,1.0,1.0,0.0,120.61000000000001,7,7 - Orta-Yüksek Risk,4,İndirim Teklifi,İndirim Teklifi,True,False,Geçmiş şikâyet işareti yok,Teklif Bilgisi Bekleniyor,True,False,Teklif için onaylı kampanya bilgisi gerekli,72.0,72.0
699,53761,0,0,3.5341616,2.0,Computer,3,14.0,Debit Card,Male,3.0,4,Laptop & Accessory,5,Single,2,0,15.0,2.0,2.0,4.0,173.98,7,7 - Orta-Yüksek Risk,4,İndirim Teklifi,İndirim Teklifi,True,False,Geçmiş şikâyet işareti yok,Teklif Bilgisi Bekleniyor,True,False,Teklif için onaylı kampanya bilgisi gerekli,72.0,72.0
700,53933,0,0,3.5374653,14.0,Mobile Phone,3,14.0,Credit Card,Male,3.0,4,Others,4,Single,3,0,,2.0,13.0,9.0,323.33,7,7 - Orta-Yüksek Risk,4,İndirim Teklifi,İndirim Teklifi,True,False,Geçmiş şikâyet işareti yok,Teklif Bilgisi Bekleniyor,True,False,Teklif için onaylı kampanya bilgisi gerekli,72.0,72.0
701,54507,0,0,3.5912693,15.0,Mobile Phone,1,13.0,Credit Card,Male,4.0,5,Laptop & Accessory,4,Single,8,1,16.0,2.0,2.0,3.0,185.32,7,7 - Orta-Yüksek Risk,4,İndirim Teklifi,İndirim Teklifi,True,True,Geçmiş şikâyetin durumu kontrol edilmeli,Empatik Şikâyet Yaklaşımı,True,False,Teklif için onaylı kampanya bilgisi gerekli,72.0,72.0
702,51393,0,0,3.6403034,10.0,Phone,1,25.0,Debit Card,Male,,3,Mobile,4,Married,5,0,21.0,0.0,1.0,0.0,130.22,7,7 - Orta-Yüksek Risk,4,İndirim Teklifi,İndirim Teklifi,True,False,Geçmiş şikâyet işareti yok,Teklif Bilgisi Bekleniyor,True,False,Teklif için onaylı kampanya bilgisi gerekli,72.0,72.0
703,53091,0,0,3.6462123,13.0,Computer,1,7.0,Debit Card,Male,3.0,4,Others,3,Married,3,1,,1.0,2.0,7.0,316.97,7,7 - Orta-Yüksek Risk,4,İndirim Teklifi,İndirim Teklifi,True,True,Geçmiş şikâyetin durumu kontrol edilmeli,Empatik Şikâyet Yaklaşımı,True,False,Teklif için onaylı kampanya bilgisi gerekli,72.0,72.0
704,50056,0,0,3.651724,4.0,Phone,1,18.0,Credit Card,Female,3.0,3,Mobile Phone,2,Divorced,9,1,23.0,1.0,1.0,2.0,139.29,7,7 - Orta-Yüksek Risk,4,İndirim Teklifi,İndirim Teklifi,True,True,Geçmiş şikâyetin durumu kontrol edilmeli,Empatik Şikâyet Yaklaşımı,True,False,Teklif için onaylı kampanya bilgisi gerekli,72.0,72.0
705,53929,0,0,3.6825113,1.0,Mobile Phone,1,11.0,Credit Card,Female,3.0,4,Mobile Phone,4,Single,3,0,14.0,2.0,2.0,3.0,157.95,7,7 - Orta-Yüksek Risk,4,İndirim Teklifi,İndirim Teklifi,True,False,Geçmiş şikâyet işareti yok,Teklif Bilgisi Bekleniyor,True,False,Teklif için onaylı kampanya bilgisi gerekli,72.0,72.0
706,53234,0,0,3.7917,18.0,Computer,1,31.0,Credit Card,Male,3.0,6,Mobile Phone,3,Single,4,0,15.0,1.0,2.0,5.0,162.08,7,7 - Orta-Yüksek Risk,4,İndirim Teklifi,İndirim Teklifi,True,False,Geçmiş şikâyet işareti yok,Teklif Bilgisi Bekleniyor,True,False,Teklif için onaylı kampanya bilgisi gerekli,72.0,72.0
707,53363,0,0,3.792454,16.0,Mobile Phone,3,21.0,Credit Card,Female,4.0,5,Laptop & Accessory,3,Single,9,0,18.0,1.0,2.0,4.0,187.44,7,7 - Orta-Yüksek Risk,4,İndirim Teklifi,İndirim Teklifi,True,False,Geçmiş şikâyet işareti yok,Teklif Bilgisi Bekleniyor,True,False,Teklif için onaylı kampanya bilgisi gerekli,72.0,72.0
708,55176,0,0,3.8402934,8.0,Computer,1,8.0,UPI,Male,4.0,4,Mobile Phone,5,Married,7,0,15.0,2.0,2.0,4.0,154.96,7,7 - Orta-Yüksek Risk,4,İndirim Teklifi,İndirim Teklifi,True,False,Geçmiş şikâyet işareti yok,Teklif Bilgisi Bekleniyor,True,False,Teklif için onaylı kampanya bilgisi gerekli,72.0,72.0
709,54319,0,0,3.8627129,14.0,Mobile Phone,3,11.0,E wallet,Male,4.0,5,Fashion,1,Married,9,0,12.0,2.0,,12.0,233.55,7,7 - Orta-Yüksek Risk,4,İndirim Teklifi,İndirim Teklifi,True,False,Geçmiş şikâyet işareti yok,Teklif Bilgisi Bekleniyor,True,False,Teklif için onaylı kampanya bilgisi gerekli,72.0,72.0
710,50251,0,0,3.9024107,22.0,Phone,1,13.0,UPI,Male,2.0,4,Fashion,3,Single,9,0,24.0,1.0,1.0,0.0,145.0,7,7 - Orta-Yüksek Risk,4,İndirim Teklifi,İndirim Teklifi,True,False,Geçmiş şikâyet işareti yok,Teklif Bilgisi Bekleniyor,True,False,Teklif için onaylı kampanya bilgisi gerekli,72.0,72.0
711,54628,0,0,4.0084586,11.0,Computer,3,16.0,Credit Card,Male,4.0,4,Fashion,4,Married,3,0,14.0,2.0,8.0,,213.34,7,7 - Orta-Yüksek Risk,4,İndirim Teklifi,İndirim Teklifi,True,False,Geçmiş şikâyet işareti yok,Teklif Bilgisi Bekleniyor,True,False,Teklif için onaylı kampanya bilgisi gerekli,72.0,72.0
712,50895,0,0,4.02784,9.0,Mobile Phone,3,22.0,E wallet,Female,3.0,4,Laptop & Accessory,5,Divorced,5,0,13.0,1.0,1.0,2.0,156.47,7,7 - Orta-Yüksek Risk,4,İndirim Teklifi,İndirim Teklifi,True,False,Geçmiş şikâyet işareti yok,Teklif Bilgisi Bekleniyor,True,False,Teklif için onaylı kampanya bilgisi gerekli,72.0,72.0
713,50030,0,0,4.037147,5.0,Computer,3,14.0,E wallet,Female,2.0,3,Fashion,2,Single,2,0,14.0,2.0,3.0,7.0,189.98,7,7 - Orta-Yüksek Risk,4,İndirim Teklifi,İndirim Teklifi,True,False,Geçmiş şikâyet işareti yok,Teklif Bilgisi Bekleniyor,True,False,Teklif için onaylı kampanya bilgisi gerekli,72.0,72.0
714,53842,0,0,4.0728354,2.0,Mobile Phone,1,34.0,Credit Card,Female,3.0,6,Laptop & Accessory,5,Married,2,0,22.0,2.0,2.0,1.0,25.0,7,7 - Orta-Yüksek Risk,4,İndirim Teklifi,İndirim Teklifi,True,False,Geçmiş şikâyet işareti yok,Teklif Bilgisi Bekleniyor,True,False,Teklif için onaylı kampanya bilgisi gerekli,72.0,72.0
715,55180,0,0,4.0806103,10.0,Mobile Phone,3,23.0,E wallet,Female,4.0,5,Laptop & Accessory,5,Married,6,0,14.0,2.0,2.0,3.0,181.47,7,7 - Orta-Yüksek Risk,4,İndirim Teklifi,İndirim Teklifi,True,False,Geçmiş şikâyet işareti yok,Teklif Bilgisi Bekleniyor,True,False,Teklif için onaylı kampanya bilgisi gerekli,72.0,72.0
716,52642,0,0,4.094777,3.0,Mobile Phone,1,16.0,Credit Card,Female,3.0,3,Fashion,3,Single,10,0,14.0,0.0,1.0,2.0,196.67,7,7 - Orta-Yüksek Risk,4,İndirim Teklifi,İndirim Teklifi,True,False,Geçmiş şikâyet işareti yok,Teklif Bilgisi Bekleniyor,True,False,Teklif için onaylı kampanya bilgisi gerekli,72.0,72.0
717,50649,0,0,4.1087575,9.0,Mobile Phone,1,18.0,Credit Card,Female,2.0,4,Fashion,2,Single,1,0,11.0,5.0,7.0,8.0,188.58,7,7 - Orta-Yüksek Risk,4,İndirim Teklifi,İndirim Teklifi,True,False,Geçmiş şikâyet işareti yok,Teklif Bilgisi Bekleniyor,True,False,Teklif için onaylı kampanya bilgisi gerekli,72.0,72.0
718,51797,0,0,4.1184764,15.0,Mobile Phone,1,30.0,Credit Card,Male,2.0,3,Fashion,5,Married,2,1,21.0,5.0,5.0,8.0,174.06,7,7 - Orta-Yüksek Risk,4,İndirim Teklifi,İndirim Teklifi,True,True,Geçmiş şikâyetin durumu kontrol edilmeli,Empatik Şikâyet Yaklaşımı,True,False,Teklif için onaylı kampanya bilgisi gerekli,72.0,72.0
719,55403,0,0,4.1235614,14.0,Mobile Phone,3,14.0,Credit Card,Male,3.0,4,Others,4,Single,3,0,15.0,13.0,13.0,9.0,323.33,7,7 - Orta-Yüksek Risk,4,İndirim Teklifi,İndirim Teklifi,True,False,Geçmiş şikâyet işareti yok,Teklif Bilgisi Bekleniyor,True,False,Teklif için onaylı kampanya bilgisi gerekli,72.0,72.0
720,54276,0,0,4.148042,11.0,Mobile Phone,3,10.0,Debit Card,Male,3.0,4,Fashion,1,Single,4,0,13.0,1.0,2.0,4.0,199.28,7,7 - Orta-Yüksek Risk,4,İndirim Teklifi,İndirim Teklifi,True,False,Geçmiş şikâyet işareti yok,Teklif Bilgisi Bekleniyor,True,False,Teklif için onaylı kampanya bilgisi gerekli,72.0,72.0
721,50580,0,0,4.189865,8.0,Mobile Phone,3,9.0,Debit Card,Male,3.0,3,Fashion,2,Married,7,0,13.0,0.0,1.0,8.0,178.23,7,7 - Orta-Yüksek Risk,4,İndirim Teklifi,İndirim Teklifi,True,False,Geçmiş şikâyet işareti yok,Teklif Bilgisi Bekleniyor,True,False,Teklif için onaylı kampanya bilgisi gerekli,72.0,72.0
722,54929,0,0,4.194358,14.0,Mobile Phone,3,33.0,E wallet,Male,4.0,4,Laptop & Accessory,5,Married,3,0,15.0,4.0,8.0,6.0,208.96,7,7 - Orta-Yüksek Risk,4,İndirim Teklifi,İndirim Teklifi,True,False,Geçmiş şikâyet işareti yok,Teklif Bilgisi Bekleniyor,True,False,Teklif için onaylı kampanya bilgisi gerekli,72.0,72.0
723,55036,0,0,4.3032575,18.0,Mobile Phone,1,36.0,UPI,Male,3.0,4,Laptop & Accessory,1,Single,3,0,26.0,7.0,14.0,18.0,170.41,7,7 - Orta-Yüksek Risk,4,İndirim Teklifi,İndirim Teklifi,True,False,Geçmiş şikâyet işareti yok,Teklif Bilgisi Bekleniyor,True,False,Teklif için onaylı kampanya bilgisi gerekli,72.0,72.0
724,52572,0,0,4.306675,5.0,Computer,1,16.0,Debit Card,Male,2.0,3,Mobile,3,Married,7,0,13.0,0.0,1.0,3.0,134.33,7,7 - Orta-Yüksek Risk,4,İndirim Teklifi,İndirim Teklifi,True,False,Geçmiş şikâyet işareti yok,Teklif Bilgisi Bekleniyor,True,False,Teklif için onaylı kampanya bilgisi gerekli,72.0,72.0
725,50078,0,0,4.3293495,7.0,Computer,1,16.0,Credit Card,Male,2.0,3,Mobile Phone,3,Married,2,1,17.0,2.0,2.0,0.0,138.15,7,7 - Orta-Yüksek Risk,4,İndirim Teklifi,İndirim Teklifi,True,True,Geçmiş şikâyetin durumu kontrol edilmeli,Empatik Şikâyet Yaklaşımı,True,False,Teklif için onaylı kampanya bilgisi gerekli,72.0,72.0
726,51548,0,0,4.3293495,7.0,Computer,1,16.0,Credit Card,Male,2.0,3,Mobile Phone,3,Married,2,1,17.0,2.0,2.0,0.0,138.15,7,7 - Orta-Yüksek Risk,4,İndirim Teklifi,İndirim Teklifi,True,True,Geçmiş şikâyetin durumu kontrol edilmeli,Empatik Şikâyet Yaklaşımı,True,False,Teklif için onaylı kampanya bilgisi gerekli,72.0,72.0
727,52599,0,0,4.356846,6.0,Computer,3,8.0,E wallet,Female,3.0,3,Laptop & Accessory,4,Single,9,0,15.0,1.0,1.0,7.0,151.47,7,7 - Orta-Yüksek Risk,4,İndirim Teklifi,İndirim Teklifi,True,False,Geçmiş şikâyet işareti yok,Teklif Bilgisi Bekleniyor,True,False,Teklif için onaylı kampanya bilgisi gerekli,72.0,72.0
728,54631,0,0,4.3843927,1.0,Computer,3,31.0,Credit Card,Male,3.0,4,Mobile Phone,1,Married,2,0,14.0,2.0,3.0,2.0,149.0,7,7 - Orta-Yüksek Risk,4,İndirim Teklifi,İndirim Teklifi,True,False,Geçmiş şikâyet işareti yok,Teklif Bilgisi Bekleniyor,True,False,Teklif için onaylı kampanya bilgisi gerekli,72.0,72.0
729,54930,0,0,4.4212036,1.0,Computer,1,7.0,Credit Card,Female,4.0,5,Mobile Phone,3,Married,3,0,14.0,1.0,2.0,4.0,145.07,7,7 - Orta-Yüksek Risk,4,İndirim Teklifi,İndirim Teklifi,True,False,Geçmiş şikâyet işareti yok,Teklif Bilgisi Bekleniyor,True,False,Teklif için onaylı kampanya bilgisi gerekli,72.0,72.0
730,51437,0,0,4.500801,24.0,Mobile Phone,3,27.0,E wallet,Male,3.0,3,Laptop & Accessory,1,Single,1,1,22.0,0.0,1.0,0.0,154.41,7,7 - Orta-Yüksek Risk,4,İndirim Teklifi,İndirim Teklifi,True,True,Geçmiş şikâyetin durumu kontrol edilmeli,Empatik Şikâyet Yaklaşımı,True,False,Teklif için onaylı kampanya bilgisi gerekli,72.0,72.0
731,50623,0,0,4.656732,11.0,Mobile Phone,3,9.0,Debit Card,Male,2.0,3,Laptop & Accessory,2,Single,9,1,12.0,1.0,1.0,0.0,168.61,7,7 - Orta-Yüksek Risk,4,İndirim Teklifi,İndirim Teklifi,True,True,Geçmiş şikâyetin durumu kontrol edilmeli,Empatik Şikâyet Yaklaşımı,True,False,Teklif için onaylı kampanya bilgisi gerekli,72.0,72.0
732,52244,0,0,4.6624517,16.0,Mobile Phone,1,9.0,Debit Card,Male,3.0,5,Others,1,Married,4,0,,1.0,1.0,7.0,297.4,7,7 - Orta-Yüksek Risk,4,İndirim Teklifi,İndirim Teklifi,True,False,Geçmiş şikâyet işareti yok,Teklif Bilgisi Bekleniyor,True,False,Teklif için onaylı kampanya bilgisi gerekli,72.0,72.0
733,52202,0,0,4.6706643,0.0,Phone,1,5.0,Debit Card,Male,,4,Mobile,3,Single,2,0,12.0,0.0,1.0,2.0,130.33,7,7 - Orta-Yüksek Risk,4,İndirim Teklifi,İndirim Teklifi,True,False,Geçmiş şikâyet işareti yok,Teklif Bilgisi Bekleniyor,True,False,Teklif için onaylı kampanya bilgisi gerekli,72.0,72.0
734,54363,0,0,4.6965013,8.0,Computer,1,17.0,Credit Card,Male,3.0,4,Mobile Phone,3,Married,3,1,18.0,3.0,3.0,1.0,163.15,7,7 - Orta-Yüksek Risk,4,İndirim Teklifi,İndirim Teklifi,True,True,Geçmiş şikâyetin durumu kontrol edilmeli,Empatik Şikâyet Yaklaşımı,True,False,Teklif için onaylı kampanya bilgisi gerekli,72.0,72.0
735,52369,0,0,4.7644224,,Phone,1,7.0,Debit Card,Female,2.0,3,Mobile,5,Married,3,0,22.0,0.0,1.0,0.0,120.66,7,7 - Orta-Yüksek Risk,4,İndirim Teklifi,İndirim Teklifi,True,False,Geçmiş şikâyet işareti yok,Teklif Bilgisi Bekleniyor,True,False,Teklif için onaylı kampanya bilgisi gerekli,72.0,72.0
736,55245,0,0,4.767287,8.0,Mobile Phone,3,8.0,Cash on Delivery,Male,4.0,5,Fashion,3,Married,3,1,15.0,8.0,9.0,7.0,195.83,7,7 - Orta-Yüksek Risk,4,İndirim Teklifi,İndirim Teklifi,True,True,Geçmiş şikâyetin durumu kontrol edilmeli,Empatik Şikâyet Yaklaşımı,True,False,Teklif için onaylı kampanya bilgisi gerekli,72.0,72.0
737,50960,0,0,4.8665557,7.0,Mobile Phone,3,6.0,COD,Male,3.0,4,Fashion,3,Divorced,2,1,14.0,7.0,8.0,6.0,170.83,7,7 - Orta-Yüksek Risk,4,İndirim Teklifi,İndirim Teklifi,True,True,Geçmiş şikâyetin durumu kontrol edilmeli,Empatik Şikâyet Yaklaşımı,True,False,Teklif için onaylı kampanya bilgisi gerekli,72.0,72.0
738,55122,0,0,4.9116826,9.0,Computer,1,11.0,Debit Card,Male,3.0,4,Laptop & Accessory,3,Single,3,1,12.0,2.0,2.0,2.0,167.49,7,7 - Orta-Yüksek Risk,4,İndirim Teklifi,İndirim Teklifi,True,True,Geçmiş şikâyetin durumu kontrol edilmeli,Empatik Şikâyet Yaklaşımı,True,False,Teklif için onaylı kampanya bilgisi gerekli,72.0,72.0
739,53161,0,0,4.9136596,1.0,Computer,3,31.0,Credit Card,Male,3.0,4,Mobile Phone,2,Divorced,2,0,14.0,1.0,3.0,2.0,149.0,7,7 - Orta-Yüksek Risk,4,İndirim Teklifi,İndirim Teklifi,True,False,Geçmiş şikâyet işareti yok,Teklif Bilgisi Bekleniyor,True,False,Teklif için onaylı kampanya bilgisi gerekli,72.0,72.0
740,53497,0,0,4.951386,26.0,Mobile Phone,1,14.0,Debit Card,Male,3.0,4,Fashion,4,Single,9,0,20.0,4.0,5.0,,229.45,7,7 - Orta-Yüksek Risk,4,İndirim Teklifi,İndirim Teklifi,True,False,Geçmiş şikâyet işareti yok,Teklif Bilgisi Bekleniyor,True,False,Teklif için onaylı kampanya bilgisi gerekli,72.0,72.0
741,50612,0,0,4.968567,21.0,Mobile Phone,1,10.0,Debit Card,Male,3.0,4,Fashion,3,Single,8,0,14.0,1.0,4.0,,209.99,7,7 - Orta-Yüksek Risk,4,İndirim Teklifi,İndirim Teklifi,True,False,Geçmiş şikâyet işareti yok,Teklif Bilgisi Bekleniyor,True,False,Teklif için onaylı kampanya bilgisi gerekli,72.0,72.0
742,55284,0,0,5.001356,9.0,Mobile Phone,1,17.0,Credit Card,Female,3.0,4,Laptop & Accessory,3,Single,5,1,17.0,1.0,2.0,5.0,186.42,7,7 - Orta-Yüksek Risk,4,İndirim Teklifi,İndirim Teklifi,True,True,Geçmiş şikâyetin durumu kontrol edilmeli,Empatik Şikâyet Yaklaşımı,True,False,Teklif için onaylı kampanya bilgisi gerekli,72.0,72.0
743,51171,0,0,5.013165,14.0,Mobile Phone,3,10.0,E wallet,Female,2.0,3,Fashion,3,Married,1,1,13.0,0.0,13.0,5.0,204.47,7,7 - Orta-Yüksek Risk,4,İndirim Teklifi,İndirim Teklifi,True,True,Geçmiş şikâyetin durumu kontrol edilmeli,Empatik Şikâyet Yaklaşımı,True,False,Teklif için onaylı kampanya bilgisi gerekli,72.0,72.0
744,54223,0,0,5.1129518,24.0,Mobile Phone,1,14.0,Credit Card,Female,3.0,5,Others,3,Married,7,1,,5.0,14.0,9.0,312.4,7,7 - Orta-Yüksek Risk,4,İndirim Teklifi,İndirim Teklifi,True,True,Geçmiş şikâyetin durumu kontrol edilmeli,Empatik Şikâyet Yaklaşımı,True,False,Teklif için onaylı kampanya bilgisi gerekli,72.0,72.0
745,53121,0,0,5.154271,9.0,Mobile Phone,1,29.0,Debit Card,Male,3.0,6,Mobile Phone,3,Single,2,0,16.0,3.0,5.0,4.0,167.3,7,7 - Orta-Yüksek Risk,4,İndirim Teklifi,İndirim Teklifi,True,False,Geçmiş şikâyet işareti yok,Teklif Bilgisi Bekleniyor,True,False,Teklif için onaylı kampanya bilgisi gerekli,72.0,72.0
746,53348,0,0,5.396867,3.0,Mobile Phone,1,14.0,Credit Card,Female,4.0,5,Mobile Phone,2,Married,8,0,15.0,2.0,2.0,4.0,150.32,7,7 - Orta-Yüksek Risk,4,İndirim Teklifi,İndirim Teklifi,True,False,Geçmiş şikâyet işareti yok,Teklif Bilgisi Bekleniyor,True,False,Teklif için onaylı kampanya bilgisi gerekli,72.0,72.0
747,50726,0,0,5.3968873,5.0,Computer,3,8.0,Debit Card,Female,,3,Mobile,5,Married,2,0,12.0,0.0,1.0,0.0,128.27,7,7 - Orta-Yüksek Risk,4,İndirim Teklifi,İndirim Teklifi,True,False,Geçmiş şikâyet işareti yok,Teklif Bilgisi Bekleniyor,True,False,Teklif için onaylı kampanya bilgisi gerekli,72.0,72.0
748,51299,0,0,5.440075,0.0,Phone,1,6.0,Debit Card,Male,3.0,3,Mobile,3,Single,1,0,12.0,0.0,1.0,2.0,133.75,7,7 - Orta-Yüksek Risk,4,İndirim Teklifi,İndirim Teklifi,True,False,Geçmiş şikâyet işareti yok,Teklif Bilgisi Bekleniyor,True,False,Teklif için onaylı kampanya bilgisi gerekli,72.0,72.0
749,52468,0,0,5.5712123,2.0,Phone,1,9.0,Credit Card,Male,2.0,3,Mobile Phone,5,Single,2,1,18.0,0.0,1.0,5.0,147.23,7,7 - Orta-Yüksek Risk,4,İndirim Teklifi,İndirim Teklifi,True,True,Geçmiş şikâyetin durumu kontrol edilmeli,Empatik Şikâyet Yaklaşımı,True,False,Teklif için onaylı kampanya bilgisi gerekli,72.0,72.0
750,51507,0,0,5.6686316,,Computer,1,15.0,CC,Male,2.0,3,Mobile,4,Married,7,0,18.0,2.0,2.0,2.0,120.24000000000001,7,7 - Orta-Yüksek Risk,4,İndirim Teklifi,İndirim Teklifi,True,False,Geçmiş şikâyet işareti yok,Teklif Bilgisi Bekleniyor,True,False,Teklif için onaylı kampanya bilgisi gerekli,72.0,72.0
751,52408,0,0,5.6954265,17.0,Computer,1,8.0,Credit Card,Male,2.0,3,Fashion,3,Single,6,1,18.0,2.0,2.0,2.0,202.09,7,7 - Orta-Yüksek Risk,4,İndirim Teklifi,İndirim Teklifi,True,True,Geçmiş şikâyetin durumu kontrol edilmeli,Empatik Şikâyet Yaklaşımı,True,False,Teklif için onaylı kampanya bilgisi gerekli,72.0,72.0
752,54073,0,0,5.7747188,5.0,Computer,1,10.0,Credit Card,Male,3.0,4,Mobile Phone,5,Married,3,1,14.0,1.0,3.0,4.0,155.65,7,7 - Orta-Yüksek Risk,4,İndirim Teklifi,İndirim Teklifi,True,True,Geçmiş şikâyetin durumu kontrol edilmeli,Empatik Şikâyet Yaklaşımı,True,False,Teklif için onaylı kampanya bilgisi gerekli,72.0,72.0
753,53810,0,0,5.7959576,12.0,Mobile Phone,3,21.0,Debit Card,Male,4.0,4,Laptop & Accessory,4,Married,2,0,12.0,6.0,8.0,,224.24,7,7 - Orta-Yüksek Risk,4,İndirim Teklifi,İndirim Teklifi,True,False,Geçmiş şikâyet işareti yok,Teklif Bilgisi Bekleniyor,True,False,Teklif için onaylı kampanya bilgisi gerekli,72.0,72.0
754,53316,0,0,5.8015575,19.0,Mobile Phone,3,16.0,E wallet,Male,4.0,4,Fashion,5,Married,6,1,13.0,2.0,,3.0,232.61,7,7 - Orta-Yüksek Risk,4,İndirim Teklifi,İndirim Teklifi,True,True,Geçmiş şikâyetin durumu kontrol edilmeli,Empatik Şikâyet Yaklaşımı,True,False,Teklif için onaylı kampanya bilgisi gerekli,72.0,72.0
755,50826,0,0,5.841229,4.0,Computer,3,8.0,Debit Card,Female,2.0,3,Fashion,3,Married,2,1,19.0,3.0,9.0,6.0,198.52,7,7 - Orta-Yüksek Risk,4,İndirim Teklifi,İndirim Teklifi,True,True,Geçmiş şikâyetin durumu kontrol edilmeli,Empatik Şikâyet Yaklaşımı,True,False,Teklif için onaylı kampanya bilgisi gerekli,72.0,72.0
756,55331,0,0,5.873795,1.0,Computer,1,9.0,Credit Card,Male,3.0,4,Mobile Phone,1,Single,4,0,14.0,1.0,2.0,3.0,150.8,7,7 - Orta-Yüksek Risk,4,İndirim Teklifi,İndirim Teklifi,True,False,Geçmiş şikâyet işareti yok,Teklif Bilgisi Bekleniyor,True,False,Teklif için onaylı kampanya bilgisi gerekli,72.0,72.0
757,51045,0,0,5.913031,0.0,Phone,1,14.0,Credit Card,Female,2.0,1,Mobile,3,Married,8,0,17.0,0.0,1.0,2.0,135.17,7,7 - Orta-Yüksek Risk,4,İndirim Teklifi,İndirim Teklifi,True,False,Geçmiş şikâyet işareti yok,Teklif Bilgisi Bekleniyor,True,False,Teklif için onaylı kampanya bilgisi gerekli,72.0,72.0
758,52900,0,0,5.9149857,20.0,Mobile Phone,1,7.0,Credit Card,Male,4.0,4,Fashion,5,Married,9,0,17.0,1.0,2.0,,218.96,7,7 - Orta-Yüksek Risk,4,İndirim Teklifi,İndirim Teklifi,True,False,Geçmiş şikâyet işareti yok,Teklif Bilgisi Bekleniyor,True,False,Teklif için onaylı kampanya bilgisi gerekli,72.0,72.0
759,50420,0,0,5.953425,20.0,Computer,3,9.0,Credit Card,Female,2.0,3,Grocery,3,Married,10,1,12.0,7.0,,13.0,237.7,7,7 - Orta-Yüksek Risk,4,İndirim Teklifi,İndirim Teklifi,True,True,Geçmiş şikâyetin durumu kontrol edilmeli,Empatik Şikâyet Yaklaşımı,True,False,Teklif için onaylı kampanya bilgisi gerekli,72.0,72.0
760,53968,0,0,6.0167813,20.0,Mobile Phone,1,9.0,Credit Card,Male,3.0,4,Others,1,Married,9,1,,2.0,3.0,3.0,318.28,7,7 - Orta-Yüksek Risk,4,İndirim Teklifi,İndirim Teklifi,True,True,Geçmiş şikâyetin durumu kontrol edilmeli,Empatik Şikâyet Yaklaşımı,True,False,Teklif için onaylı kampanya bilgisi gerekli,72.0,72.0
761,53753,0,0,6.0268087,18.0,Computer,1,9.0,Credit Card,Male,3.0,4,Fashion,3,Single,7,1,19.0,1.0,3.0,,227.09,7,7 - Orta-Yüksek Risk,4,İndirim Teklifi,İndirim Teklifi,True,True,Geçmiş şikâyetin durumu kontrol edilmeli,Empatik Şikâyet Yaklaşımı,True,False,Teklif için onaylı kampanya bilgisi gerekli,72.0,72.0
762,54720,0,0,6.07824,12.0,Mobile Phone,1,9.0,Credit Card,Male,4.0,4,Mobile Phone,3,Married,8,1,14.0,1.0,2.0,2.0,155.57,7,7 - Orta-Yüksek Risk,4,İndirim Teklifi,İndirim Teklifi,True,True,Geçmiş şikâyetin durumu kontrol edilmeli,Empatik Şikâyet Yaklaşımı,True,False,Teklif için onaylı kampanya bilgisi gerekli,72.0,72.0
763,54790,0,0,6.183321,2.0,Mobile Phone,2,15.0,Credit Card,Male,4.0,5,Mobile Phone,1,Married,3,0,14.0,2.0,2.0,5.0,174.36,7,7 - Orta-Yüksek Risk,4,İndirim Teklifi,İndirim Teklifi,True,False,Geçmiş şikâyet işareti yok,Teklif Bilgisi Bekleniyor,True,False,Teklif için onaylı kampanya bilgisi gerekli,72.0,72.0
764,52584,0,0,6.206556,0.0,Phone,1,10.0,CC,Female,2.0,3,Mobile,4,Single,2,0,13.0,0.0,1.0,2.0,132.95,7,7 - Orta-Yüksek Risk,4,İndirim Teklifi,İndirim Teklifi,True,False,Geçmiş şikâyet işareti yok,Teklif Bilgisi Bekleniyor,True,False,Teklif için onaylı kampanya bilgisi gerekli,72.0,72.0
765,51243,0,0,6.284128,,Phone,1,8.0,COD,Male,2.0,3,Mobile,4,Married,2,0,11.0,1.0,1.0,2.0,122.25999999999999,7,7 - Orta-Yüksek Risk,4,İndirim Teklifi,İndirim Teklifi,True,False,Geçmiş şikâyet işareti yok,Teklif Bilgisi Bekleniyor,True,False,Teklif için onaylı kampanya bilgisi gerekli,72.0,72.0
766,52995,0,0,6.357727,13.0,Mobile Phone,1,7.0,Credit Card,Male,3.0,3,Fashion,2,Married,2,0,18.0,4.0,4.0,,221.13,7,7 - Orta-Yüksek Risk,4,İndirim Teklifi,İndirim Teklifi,True,False,Geçmiş şikâyet işareti yok,Teklif Bilgisi Bekleniyor,True,False,Teklif için onaylı kampanya bilgisi gerekli,72.0,72.0
767,50381,0,0,6.392169,0.0,Phone,1,12.0,Debit Card,Female,3.0,3,Mobile,2,Divorced,2,1,13.0,0.0,1.0,2.0,126.59,7,7 - Orta-Yüksek Risk,4,İndirim Teklifi,İndirim Teklifi,True,True,Geçmiş şikâyetin durumu kontrol edilmeli,Empatik Şikâyet Yaklaşımı,True,False,Teklif için onaylı kampanya bilgisi gerekli,72.0,72.0
768,53311,0,0,6.4868646,9.0,Mobile Phone,1,34.0,Credit Card,Female,3.0,5,Mobile Phone,5,Single,3,0,12.0,2.0,2.0,2.0,150.59,7,7 - Orta-Yüksek Risk,4,İndirim Teklifi,İndirim Teklifi,True,False,Geçmiş şikâyet işareti yok,Teklif Bilgisi Bekleniyor,True,False,Teklif için onaylı kampanya bilgisi gerekli,72.0,72.0
769,53395,0,0,6.508828,9.0,Mobile Phone,3,10.0,Debit Card,Male,4.0,4,Fashion,2,Married,8,0,14.0,1.0,2.0,9.0,203.23,7,7 - Orta-Yüksek Risk,4,İndirim Teklifi,İndirim Teklifi,True,False,Geçmiş şikâyet işareti yok,Teklif Bilgisi Bekleniyor,True,False,Teklif için onaylı kampanya bilgisi gerekli,72.0,72.0
770,53364,0,0,6.7333674,7.0,Mobile Phone,1,7.0,UPI,Male,4.0,5,Mobile Phone,5,Single,5,1,12.0,1.0,2.0,3.0,152.99,7,7 - Orta-Yüksek Risk,4,İndirim Teklifi,İndirim Teklifi,True,True,Geçmiş şikâyetin durumu kontrol edilmeli,Empatik Şikâyet Yaklaşımı,True,False,Teklif için onaylı kampanya bilgisi gerekli,72.0,72.0
771,54542,0,0,6.7508125,4.0,Mobile Phone,3,9.0,COD,Male,4.0,4,Mobile Phone,4,Married,3,0,19.0,2.0,2.0,1.0,149.76,7,7 - Orta-Yüksek Risk,4,İndirim Teklifi,İndirim Teklifi,True,False,Geçmiş şikâyet işareti yok,Teklif Bilgisi Bekleniyor,True,False,Teklif için onaylı kampanya bilgisi gerekli,72.0,72.0
772,51124,0,0,6.7688107,0.0,Phone,1,14.0,CC,Female,3.0,3,Mobile,1,Single,2,0,11.0,1.0,1.0,4.0,134.45,7,7 - Orta-Yüksek Risk,4,İndirim Teklifi,İndirim Teklifi,True,False,Geçmiş şikâyet işareti yok,Teklif Bilgisi Bekleniyor,True,False,Teklif için onaylı kampanya bilgisi gerekli,72.0,72.0
773,53459,0,0,6.773938,14.0,Mobile Phone,3,33.0,E wallet,Male,4.0,4,Laptop & Accessory,5,Divorced,3,0,15.0,6.0,8.0,6.0,208.96,7,7 - Orta-Yüksek Risk,4,İndirim Teklifi,İndirim Teklifi,True,False,Geçmiş şikâyet işareti yok,Teklif Bilgisi Bekleniyor,True,False,Teklif için onaylı kampanya bilgisi gerekli,72.0,72.0
774,53254,0,0,6.8005505,1.0,Mobile Phone,3,33.0,Credit Card,Female,3.0,4,Laptop & Accessory,2,Single,3,0,24.0,1.0,2.0,5.0,186.8,7,7 - Orta-Yüksek Risk,4,İndirim Teklifi,İndirim Teklifi,True,False,Geçmiş şikâyet işareti yok,Teklif Bilgisi Bekleniyor,True,False,Teklif için onaylı kampanya bilgisi gerekli,72.0,72.0
775,51401,0,0,6.8041115,6.0,Computer,1,29.0,Debit Card,Female,3.0,3,Fashion,1,Single,2,1,12.0,3.0,,12.0,234.57999999999998,7,7 - Orta-Yüksek Risk,4,İndirim Teklifi,İndirim Teklifi,True,True,Geçmiş şikâyetin durumu kontrol edilmeli,Empatik Şikâyet Yaklaşımı,True,False,Teklif için onaylı kampanya bilgisi gerekli,72.0,72.0
776,54914,0,0,6.9300375,13.0,Computer,1,29.0,Credit Card,Female,3.0,4,Fashion,5,Single,3,1,14.0,2.0,,9.0,233.8,7,7 - Orta-Yüksek Risk,4,İndirim Teklifi,İndirim Teklifi,True,True,Geçmiş şikâyetin durumu kontrol edilmeli,Empatik Şikâyet Yaklaşımı,True,False,Teklif için onaylı kampanya bilgisi gerekli,72.0,72.0
777,53932,0,0,6.9341702,6.0,Mobile Phone,3,26.0,Debit Card,Male,4.0,6,Fashion,3,Married,5,0,14.0,2.0,2.0,,221.1,7,7 - Orta-Yüksek Risk,4,İndirim Teklifi,İndirim Teklifi,True,False,Geçmiş şikâyet işareti yok,Teklif Bilgisi Bekleniyor,True,False,Teklif için onaylı kampanya bilgisi gerekli,72.0,72.0
778,53072,0,0,6.9407477,4.0,Mobile Phone,3,9.0,COD,Male,4.0,4,Mobile Phone,4,Divorced,3,0,19.0,2.0,2.0,1.0,149.76,7,7 - Orta-Yüksek Risk,4,İndirim Teklifi,İndirim Teklifi,True,False,Geçmiş şikâyet işareti yok,Teklif Bilgisi Bekleniyor,True,False,Teklif için onaylı kampanya bilgisi gerekli,72.0,72.0
779,51990,0,0,7.0335073,4.0,Phone,1,,Debit Card,Male,2.0,3,Mobile,1,Married,4,1,19.0,0.0,1.0,2.0,123.56,7,7 - Orta-Yüksek Risk,4,İndirim Teklifi,İndirim Teklifi,True,True,Geçmiş şikâyetin durumu kontrol edilmeli,Empatik Şikâyet Yaklaşımı,True,False,Teklif için onaylı kampanya bilgisi gerekli,72.0,72.0
780,53835,0,0,7.094693,5.0,Computer,3,9.0,UPI,Male,3.0,4,Laptop & Accessory,5,Single,9,0,14.0,1.0,2.0,4.0,178.32,7,7 - Orta-Yüksek Risk,4,İndirim Teklifi,İndirim Teklifi,True,False,Geçmiş şikâyet işareti yok,Teklif Bilgisi Bekleniyor,True,False,Teklif için onaylı kampanya bilgisi gerekli,72.0,72.0
781,51677,0,0,7.106202,0.0,Computer,3,6.0,E wallet,Male,3.0,3,Laptop & Accessory,4,Married,1,1,13.0,0.0,1.0,4.0,163.49,7,7 - Orta-Yüksek Risk,4,İndirim Teklifi,İndirim Teklifi,True,True,Geçmiş şikâyetin durumu kontrol edilmeli,Empatik Şikâyet Yaklaşımı,True,False,Teklif için onaylı kampanya bilgisi gerekli,72.0,72.0
782,51048,0,0,7.251333,2.0,Mobile Phone,3,16.0,Credit Card,Male,2.0,4,Laptop & Accessory,3,Single,10,0,11.0,1.0,1.0,4.0,158.69,7,7 - Orta-Yüksek Risk,4,İndirim Teklifi,İndirim Teklifi,True,False,Geçmiş şikâyet işareti yok,Teklif Bilgisi Bekleniyor,True,False,Teklif için onaylı kampanya bilgisi gerekli,72.0,72.0
783,53177,0,0,7.3588967,11.0,Mobile Phone,3,9.0,E wallet,Male,4.0,4,Laptop & Accessory,3,Divorced,6,1,12.0,1.0,2.0,,221.02,7,7 - Orta-Yüksek Risk,4,İndirim Teklifi,İndirim Teklifi,True,True,Geçmiş şikâyetin durumu kontrol edilmeli,Empatik Şikâyet Yaklaşımı,True,False,Teklif için onaylı kampanya bilgisi gerekli,72.0,72.0
784,55491,0,0,7.4567924,17.0,Mobile Phone,1,13.0,Credit Card,Female,3.0,5,Others,3,Married,9,0,,7.0,7.0,15.0,318.92,7,7 - Orta-Yüksek Risk,4,İndirim Teklifi,İndirim Teklifi,True,False,Geçmiş şikâyet işareti yok,Teklif Bilgisi Bekleniyor,True,False,Teklif için onaylı kampanya bilgisi gerekli,72.0,72.0
785,52576,0,0,7.580015,0.0,Phone,1,35.0,Credit Card,Male,3.0,3,Mobile Phone,5,Married,2,0,13.0,1.0,1.0,2.0,139.07,7,7 - Orta-Yüksek Risk,4,İndirim Teklifi,İndirim Teklifi,True,False,Geçmiş şikâyet işareti yok,Teklif Bilgisi Bekleniyor,True,False,Teklif için onaylı kampanya bilgisi gerekli,72.0,72.0
786,51213,0,0,7.8143992,1.0,Phone,3,9.0,CC,Female,,3,Mobile,4,Married,2,0,19.0,1.0,1.0,0.0,128.56,7,7 - Orta-Yüksek Risk,4,İndirim Teklifi,İndirim Teklifi,True,False,Geçmiş şikâyet işareti yok,Teklif Bilgisi Bekleniyor,True,False,Teklif için onaylı kampanya bilgisi gerekli,72.0,72.0
787,55165,0,0,7.8767247,1.0,Mobile Phone,1,14.0,UPI,Male,4.0,2,Mobile Phone,5,Single,2,0,13.0,1.0,2.0,8.0,160.78,7,7 - Orta-Yüksek Risk,4,İndirim Teklifi,İndirim Teklifi,True,False,Geçmiş şikâyet işareti yok,Teklif Bilgisi Bekleniyor,True,False,Teklif için onaylı kampanya bilgisi gerekli,72.0,72.0
788,52296,0,0,7.9395733,4.0,Computer,3,8.0,Debit Card,Female,2.0,3,Fashion,3,Married,2,1,19.0,8.0,9.0,6.0,198.52,8,8 - Yüksek Risk,3,İndirim Teklifi,İndirim Teklifi,True,True,Geçmiş şikâyetin durumu kontrol edilmeli,Empatik Şikâyet Yaklaşımı,True,False,Teklif için onaylı kampanya bilgisi gerekli,78.0,78.0
789,52871,0,0,8.041237,5.0,Mobile Phone,1,19.0,Credit Card,Female,4.0,4,Mobile Phone,2,Divorced,10,1,24.0,2.0,2.0,3.0,164.29,8,8 - Yüksek Risk,3,İndirim Teklifi,İndirim Teklifi,True,True,Geçmiş şikâyetin durumu kontrol edilmeli,Empatik Şikâyet Yaklaşımı,True,False,Teklif için onaylı kampanya bilgisi gerekli,78.0,78.0
790,52030,0,0,8.110035,13.0,Mobile Phone,3,16.0,E wallet,Male,3.0,4,Fashion,4,Married,3,0,12.0,0.0,1.0,0.0,197.05,8,8 - Yüksek Risk,3,İndirim Teklifi,İndirim Teklifi,True,False,Geçmiş şikâyet işareti yok,Teklif Bilgisi Bekleniyor,True,False,Teklif için onaylı kampanya bilgisi gerekli,78.0,78.0
791,53052,0,0,8.289957,14.0,Phone,1,17.0,Debit Card,Female,3.0,3,Mobile Phone,3,Divorced,5,1,14.0,1.0,2.0,8.0,147.13,8,8 - Yüksek Risk,3,İndirim Teklifi,İndirim Teklifi,True,True,Geçmiş şikâyetin durumu kontrol edilmeli,Empatik Şikâyet Yaklaşımı,True,False,Teklif için onaylı kampanya bilgisi gerekli,78.0,78.0
792,53250,0,0,8.441608,12.0,Mobile Phone,1,9.0,Credit Card,Male,4.0,4,Mobile Phone,3,Divorced,8,1,14.0,1.0,2.0,2.0,155.57,8,8 - Yüksek Risk,3,İndirim Teklifi,İndirim Teklifi,True,True,Geçmiş şikâyetin durumu kontrol edilmeli,Empatik Şikâyet Yaklaşımı,True,False,Teklif için onaylı kampanya bilgisi gerekli,78.0,78.0
793,52420,0,0,8.461533,6.0,Mobile Phone,1,14.0,Debit Card,Male,3.0,3,Laptop & Accessory,3,Single,3,1,17.0,1.0,1.0,0.0,163.88,8,8 - Yüksek Risk,3,İndirim Teklifi,İndirim Teklifi,True,True,Geçmiş şikâyetin durumu kontrol edilmeli,Empatik Şikâyet Yaklaşımı,True,False,Teklif için onaylı kampanya bilgisi gerekli,78.0,78.0
794,55409,0,0,8.666572,1.0,Mobile Phone,1,15.0,Credit Card,Female,4.0,4,Mobile Phone,1,Single,3,0,12.0,1.0,2.0,5.0,159.45,8,8 - Yüksek Risk,3,İndirim Teklifi,İndirim Teklifi,True,False,Geçmiş şikâyet işareti yok,Teklif Bilgisi Bekleniyor,True,False,Teklif için onaylı kampanya bilgisi gerekli,78.0,78.0
795,55623,0,0,8.673362,13.0,Mobile Phone,3,31.0,E wallet,Female,3.0,5,Grocery,1,Married,2,0,12.0,4.0,,7.0,245.31,8,8 - Yüksek Risk,3,İndirim Teklifi,İndirim Teklifi,True,False,Geçmiş şikâyet işareti yok,Teklif Bilgisi Bekleniyor,True,False,Teklif için onaylı kampanya bilgisi gerekli,78.0,78.0
796,52416,0,0,8.702591,1.0,Computer,3,13.0,Debit Card,Male,2.0,3,Laptop & Accessory,5,Single,1,0,14.0,1.0,1.0,3.0,148.98,8,8 - Yüksek Risk,3,İndirim Teklifi,İndirim Teklifi,True,False,Geçmiş şikâyet işareti yok,Teklif Bilgisi Bekleniyor,True,False,Teklif için onaylı kampanya bilgisi gerekli,78.0,78.0
797,55339,0,0,8.802672,1.0,Mobile Phone,3,9.0,Credit Card,Female,3.0,4,Mobile Phone,3,Single,3,0,20.0,1.0,3.0,3.0,152.83,8,8 - Yüksek Risk,3,İndirim Teklifi,İndirim Teklifi,True,False,Geçmiş şikâyet işareti yok,Teklif Bilgisi Bekleniyor,True,False,Teklif için onaylı kampanya bilgisi gerekli,78.0,78.0
798,53704,0,0,8.892408,4.0,Mobile Phone,3,14.0,E wallet,Female,4.0,4,Laptop & Accessory,5,Married,9,0,15.0,2.0,2.0,3.0,172.79,8,8 - Yüksek Risk,3,İndirim Teklifi,İndirim Teklifi,True,False,Geçmiş şikâyet işareti yok,Teklif Bilgisi Bekleniyor,True,False,Teklif için onaylı kampanya bilgisi gerekli,78.0,78.0
799,50332,0,0,8.895692,0.0,Mobile Phone,3,13.0,Debit Card,Male,2.0,4,Fashion,2,Married,10,0,21.0,1.0,1.0,,215.57,8,8 - Yüksek Risk,3,İndirim Teklifi,İndirim Teklifi,True,False,Geçmiş şikâyet işareti yok,Teklif Bilgisi Bekleniyor,True,False,Teklif için onaylı kampanya bilgisi gerekli,78.0,78.0
800,54151,0,0,8.926505,3.0,Mobile Phone,1,35.0,Credit Card,Female,4.0,5,Mobile Phone,5,Single,3,0,15.0,1.0,2.0,5.0,162.85,8,8 - Yüksek Risk,3,İndirim Teklifi,İndirim Teklifi,True,False,Geçmiş şikâyet işareti yok,Teklif Bilgisi Bekleniyor,True,False,Teklif için onaylı kampanya bilgisi gerekli,78.0,78.0
801,54057,0,0,9.003364,13.0,Computer,3,28.0,Debit Card,Female,3.0,6,Laptop & Accessory,3,Married,8,0,20.0,1.0,2.0,3.0,182.36,8,8 - Yüksek Risk,3,İndirim Teklifi,İndirim Teklifi,True,False,Geçmiş şikâyet işareti yok,Teklif Bilgisi Bekleniyor,True,False,Teklif için onaylı kampanya bilgisi gerekli,78.0,78.0
802,52594,0,0,9.116596,0.0,Phone,1,14.0,CC,Female,3.0,3,Mobile,1,Single,2,0,11.0,0.0,1.0,4.0,134.45,8,8 - Yüksek Risk,3,İndirim Teklifi,İndirim Teklifi,True,False,Geçmiş şikâyet işareti yok,Teklif Bilgisi Bekleniyor,True,False,Teklif için onaylı kampanya bilgisi gerekli,78.0,78.0
803,50479,0,0,9.197717,,Phone,1,8.0,Debit Card,Female,3.0,4,Mobile,3,Single,2,0,14.0,1.0,1.0,0.0,122.74000000000001,8,8 - Yüksek Risk,3,İndirim Teklifi,İndirim Teklifi,True,False,Geçmiş şikâyet işareti yok,Teklif Bilgisi Bekleniyor,True,False,Teklif için onaylı kampanya bilgisi gerekli,78.0,78.0
804,53639,0,0,9.213946,4.0,Mobile Phone,1,24.0,Credit Card,Female,4.0,4,Fashion,5,Divorced,3,1,24.0,1.0,,9.0,244.16000000000003,8,8 - Yüksek Risk,3,İndirim Teklifi,İndirim Teklifi,True,True,Geçmiş şikâyetin durumu kontrol edilmeli,Empatik Şikâyet Yaklaşımı,True,False,Teklif için onaylı kampanya bilgisi gerekli,78.0,78.0
805,51892,0,0,9.434453,2.0,Phone,3,,Debit Card,Male,3.0,3,Mobile,3,Single,2,0,11.0,1.0,1.0,0.0,126.41999999999999,8,8 - Yüksek Risk,3,İndirim Teklifi,İndirim Teklifi,True,False,Geçmiş şikâyet işareti yok,Teklif Bilgisi Bekleniyor,True,False,Teklif için onaylı kampanya bilgisi gerekli,78.0,78.0
806,50422,0,0,9.579933,2.0,Phone,3,,Debit Card,Male,2.0,3,Mobile,3,Single,2,0,11.0,0.0,1.0,0.0,126.41999999999999,8,8 - Yüksek Risk,3,İndirim Teklifi,İndirim Teklifi,True,False,Geçmiş şikâyet işareti yok,Teklif Bilgisi Bekleniyor,True,False,Teklif için onaylı kampanya bilgisi gerekli,78.0,78.0
807,54315,0,0,9.757139,6.0,Computer,3,15.0,E wallet,Female,3.0,4,Fashion,1,Single,3,0,15.0,3.0,4.0,,214.98,8,8 - Yüksek Risk,3,İndirim Teklifi,İndirim Teklifi,True,False,Geçmiş şikâyet işareti yok,Teklif Bilgisi Bekleniyor,True,False,Teklif için onaylı kampanya bilgisi gerekli,78.0,78.0
808,53553,0,0,9.826658,18.0,Computer,1,24.0,Debit Card,Male,4.0,6,Mobile Phone,3,Single,4,0,14.0,2.0,2.0,1.0,147.9,8,8 - Yüksek Risk,3,İndirim Teklifi,İndirim Teklifi,True,False,Geçmiş şikâyet işareti yok,Teklif Bilgisi Bekleniyor,True,False,Teklif için onaylı kampanya bilgisi gerekli,78.0,78.0
809,52800,0,0,9.937569,18.0,Phone,3,26.0,Debit Card,Female,2.0,3,Laptop & Accessory,3,Single,9,0,15.0,0.0,1.0,1.0,148.5,8,8 - Yüksek Risk,3,İndirim Teklifi,İndirim Teklifi,True,False,Geçmiş şikâyet işareti yok,Teklif Bilgisi Bekleniyor,True,False,Teklif için onaylı kampanya bilgisi gerekli,78.0,78.0
810,53840,0,0,10.016857,1.0,Mobile Phone,1,26.0,UPI,Male,4.0,5,Mobile Phone,5,Married,3,0,12.0,1.0,2.0,8.0,165.66,8,8 - Yüksek Risk,3,İndirim Teklifi,İndirim Teklifi,True,False,Geçmiş şikâyet işareti yok,Teklif Bilgisi Bekleniyor,True,False,Teklif için onaylı kampanya bilgisi gerekli,78.0,78.0
811,54852,0,0,10.056031,14.0,Computer,1,16.0,Credit Card,Male,3.0,4,Mobile Phone,4,Married,10,1,15.0,1.0,2.0,1.0,161.17,8,8 - Yüksek Risk,3,İndirim Teklifi,İndirim Teklifi,True,True,Geçmiş şikâyetin durumu kontrol edilmeli,Empatik Şikâyet Yaklaşımı,True,False,Teklif için onaylı kampanya bilgisi gerekli,78.0,78.0
812,51896,0,0,10.161702,0.0,Phone,1,,CC,Male,2.0,3,Mobile,5,Married,2,0,14.0,1.0,1.0,2.0,125.0,8,8 - Yüksek Risk,3,İndirim Teklifi,İndirim Teklifi,True,False,Geçmiş şikâyet işareti yok,Teklif Bilgisi Bekleniyor,True,False,Teklif için onaylı kampanya bilgisi gerekli,78.0,78.0
813,55588,0,0,10.2365265,14.0,Phone,1,8.0,Debit Card,Male,3.0,4,Mobile Phone,1,Married,10,0,20.0,2.0,2.0,1.0,149.06,8,8 - Yüksek Risk,3,İndirim Teklifi,İndirim Teklifi,True,False,Geçmiş şikâyet işareti yok,Teklif Bilgisi Bekleniyor,True,False,Teklif için onaylı kampanya bilgisi gerekli,78.0,78.0
814,55235,0,0,10.276909,7.0,Mobile Phone,1,15.0,Debit Card,Male,4.0,4,Laptop & Accessory,3,Single,4,1,18.0,2.0,2.0,1.0,188.88,8,8 - Yüksek Risk,3,İndirim Teklifi,İndirim Teklifi,True,True,Geçmiş şikâyetin durumu kontrol edilmeli,Empatik Şikâyet Yaklaşımı,True,False,Teklif için onaylı kampanya bilgisi gerekli,78.0,78.0
815,51842,0,0,10.326719,0.0,Phone,3,28.0,COD,Male,2.0,3,Mobile,3,Single,2,0,11.0,0.0,1.0,2.0,134.47,8,8 - Yüksek Risk,3,İndirim Teklifi,İndirim Teklifi,True,False,Geçmiş şikâyet işareti yok,Teklif Bilgisi Bekleniyor,True,False,Teklif için onaylı kampanya bilgisi gerekli,78.0,78.0
816,55031,0,0,10.347405,9.0,Mobile Phone,3,24.0,Debit Card,Male,4.0,4,Laptop & Accessory,5,Married,5,1,16.0,1.0,2.0,,214.66,8,8 - Yüksek Risk,3,İndirim Teklifi,İndirim Teklifi,True,True,Geçmiş şikâyetin durumu kontrol edilmeli,Empatik Şikâyet Yaklaşımı,True,False,Teklif için onaylı kampanya bilgisi gerekli,78.0,78.0
817,55063,0,0,10.37914,1.0,Mobile Phone,1,11.0,Debit Card,Male,4.0,4,Mobile Phone,3,Married,3,0,12.0,2.0,2.0,4.0,150.17,8,8 - Yüksek Risk,3,İndirim Teklifi,İndirim Teklifi,True,False,Geçmiş şikâyet işareti yok,Teklif Bilgisi Bekleniyor,True,False,Teklif için onaylı kampanya bilgisi gerekli,78.0,78.0
818,51971,0,0,10.3807125,18.0,Mobile Phone,3,15.0,E wallet,Male,3.0,3,Fashion,5,Married,5,1,12.0,0.0,1.0,2.0,207.61,8,8 - Yüksek Risk,3,İndirim Teklifi,İndirim Teklifi,True,True,Geçmiş şikâyetin durumu kontrol edilmeli,Empatik Şikâyet Yaklaşımı,True,False,Teklif için onaylı kampanya bilgisi gerekli,78.0,78.0
819,54157,0,0,10.412491,13.0,Mobile Phone,1,13.0,Credit Card,Male,3.0,5,Fashion,5,Married,6,0,16.0,2.0,2.0,,224.91,8,8 - Yüksek Risk,3,İndirim Teklifi,İndirim Teklifi,True,False,Geçmiş şikâyet işareti yok,Teklif Bilgisi Bekleniyor,True,False,Teklif için onaylı kampanya bilgisi gerekli,78.0,78.0
820,50711,0,0,10.491967,8.0,Phone,2,14.0,COD,Male,3.0,3,Mobile Phone,3,Single,2,0,17.0,0.0,1.0,4.0,143.23,8,8 - Yüksek Risk,3,İndirim Teklifi,İndirim Teklifi,True,False,Geçmiş şikâyet işareti yok,Teklif Bilgisi Bekleniyor,True,False,Teklif için onaylı kampanya bilgisi gerekli,78.0,78.0
821,52181,0,0,10.491967,8.0,Phone,2,14.0,COD,Male,3.0,3,Mobile Phone,3,Single,2,0,17.0,0.0,1.0,4.0,143.23,8,8 - Yüksek Risk,3,İndirim Teklifi,İndirim Teklifi,True,False,Geçmiş şikâyet işareti yok,Teklif Bilgisi Bekleniyor,True,False,Teklif için onaylı kampanya bilgisi gerekli,78.0,78.0
822,51858,0,0,10.542542,,Phone,1,9.0,CC,Male,2.0,4,Mobile,1,Single,1,0,13.0,1.0,1.0,1.0,120.44999999999999,8,8 - Yüksek Risk,3,İndirim Teklifi,İndirim Teklifi,True,False,Geçmiş şikâyet işareti yok,Teklif Bilgisi Bekleniyor,True,False,Teklif için onaylı kampanya bilgisi gerekli,78.0,78.0
823,54934,0,0,10.614719,10.0,Mobile Phone,1,19.0,Credit Card,Female,3.0,5,Fashion,1,Single,2,0,12.0,6.0,8.0,,213.58,8,8 - Yüksek Risk,3,İndirim Teklifi,İndirim Teklifi,True,False,Geçmiş şikâyet işareti yok,Teklif Bilgisi Bekleniyor,True,False,Teklif için onaylı kampanya bilgisi gerekli,78.0,78.0
824,50101,0,0,10.666348,,Phone,1,9.0,Debit Card,Male,3.0,4,Mobile,2,Divorced,4,0,17.0,0.0,1.0,0.0,121.77000000000001,8,8 - Yüksek Risk,3,İndirim Teklifi,İndirim Teklifi,True,False,Geçmiş şikâyet işareti yok,Teklif Bilgisi Bekleniyor,True,False,Teklif için onaylı kampanya bilgisi gerekli,78.0,78.0
825,54176,0,0,10.945134,3.0,Mobile Phone,1,28.0,Debit Card,Female,3.0,2,Fashion,5,Married,3,0,12.0,7.0,9.0,,224.8,8,8 - Yüksek Risk,3,İndirim Teklifi,İndirim Teklifi,True,False,Geçmiş şikâyet işareti yok,Teklif Bilgisi Bekleniyor,True,False,Teklif için onaylı kampanya bilgisi gerekli,78.0,78.0
826,50809,0,0,11.005313,,Phone,1,6.0,Cash on Delivery,Male,2.0,3,Mobile,5,Single,3,0,11.0,0.0,1.0,2.0,120.80000000000001,8,8 - Yüksek Risk,3,İndirim Teklifi,İndirim Teklifi,True,False,Geçmiş şikâyet işareti yok,Teklif Bilgisi Bekleniyor,True,False,Teklif için onaylı kampanya bilgisi gerekli,78.0,78.0
827,51258,0,0,11.023862,4.0,Computer,1,9.0,CC,Male,,3,Mobile,5,Married,2,1,13.0,0.0,2.0,3.0,130.65,8,8 - Yüksek Risk,3,İndirim Teklifi,İndirim Teklifi,True,True,Geçmiş şikâyetin durumu kontrol edilmeli,Empatik Şikâyet Yaklaşımı,True,False,Teklif için onaylı kampanya bilgisi gerekli,78.0,78.0
828,51743,0,0,11.093858,0.0,Phone,3,10.0,Debit Card,Female,3.0,4,Laptop & Accessory,1,Single,2,1,11.0,0.0,1.0,3.0,144.87,8,8 - Yüksek Risk,3,İndirim Teklifi,İndirim Teklifi,True,True,Geçmiş şikâyetin durumu kontrol edilmeli,Empatik Şikâyet Yaklaşımı,True,False,Teklif için onaylı kampanya bilgisi gerekli,78.0,78.0
829,54744,0,0,11.134384,8.0,Mobile Phone,3,15.0,Debit Card,Female,4.0,4,Laptop & Accessory,5,Married,7,0,18.0,2.0,2.0,3.0,190.0,8,8 - Yüksek Risk,3,İndirim Teklifi,İndirim Teklifi,True,False,Geçmiş şikâyet işareti yok,Teklif Bilgisi Bekleniyor,True,False,Teklif için onaylı kampanya bilgisi gerekli,78.0,78.0
830,51302,0,0,11.235246,5.0,Phone,1,35.0,Debit Card,Female,,4,Mobile,4,Single,2,0,13.0,3.0,4.0,1.0,128.37,8,8 - Yüksek Risk,3,İndirim Teklifi,İndirim Teklifi,True,False,Geçmiş şikâyet işareti yok,Teklif Bilgisi Bekleniyor,True,False,Teklif için onaylı kampanya bilgisi gerekli,78.0,78.0
831,51783,0,0,11.340493,3.0,Phone,3,13.0,E wallet,Male,,3,Mobile,4,Single,1,0,14.0,0.0,1.0,2.0,129.83,8,8 - Yüksek Risk,3,İndirim Teklifi,İndirim Teklifi,True,False,Geçmiş şikâyet işareti yok,Teklif Bilgisi Bekleniyor,True,False,Teklif için onaylı kampanya bilgisi gerekli,78.0,78.0
832,54994,0,0,11.377946,1.0,Mobile Phone,1,13.0,Debit Card,Male,3.0,5,Mobile Phone,3,Married,3,0,14.0,2.0,3.0,3.0,150.39,8,8 - Yüksek Risk,3,İndirim Teklifi,İndirim Teklifi,True,False,Geçmiş şikâyet işareti yok,Teklif Bilgisi Bekleniyor,True,False,Teklif için onaylı kampanya bilgisi gerekli,78.0,78.0
833,54710,0,0,11.422938,8.0,Mobile Phone,1,15.0,Credit Card,Female,4.0,4,Laptop & Accessory,3,Single,5,0,12.0,1.0,5.0,4.0,186.42,8,8 - Yüksek Risk,3,İndirim Teklifi,İndirim Teklifi,True,False,Geçmiş şikâyet işareti yok,Teklif Bilgisi Bekleniyor,True,False,Teklif için onaylı kampanya bilgisi gerekli,78.0,78.0
834,50853,0,0,11.724039,,Computer,1,32.0,Cash on Delivery,Female,3.0,4,Mobile,3,Married,2,0,20.0,1.0,1.0,0.0,120.28999999999999,8,8 - Yüksek Risk,3,İndirim Teklifi,İndirim Teklifi,True,False,Geçmiş şikâyet işareti yok,Teklif Bilgisi Bekleniyor,True,False,Teklif için onaylı kampanya bilgisi gerekli,78.0,78.0
835,54500,0,0,11.743561,1.0,Mobile Phone,3,15.0,E wallet,Female,3.0,4,Laptop & Accessory,4,Married,3,0,19.0,1.0,2.0,8.0,187.14,8,8 - Yüksek Risk,3,İndirim Teklifi,İndirim Teklifi,True,False,Geçmiş şikâyet işareti yok,Teklif Bilgisi Bekleniyor,True,False,Teklif için onaylı kampanya bilgisi gerekli,78.0,78.0
836,51480,0,0,11.840324,0.0,Phone,2,31.0,Debit Card,Female,,3,Mobile,3,Married,2,0,23.0,2.0,5.0,7.0,129.42,8,8 - Yüksek Risk,3,İndirim Teklifi,İndirim Teklifi,True,False,Geçmiş şikâyet işareti yok,Teklif Bilgisi Bekleniyor,True,False,Teklif için onaylı kampanya bilgisi gerekli,78.0,78.0
837,53306,0,0,11.848703,1.0,Computer,1,10.0,Credit Card,Male,3.0,4,Mobile Phone,2,Divorced,3,0,12.0,2.0,2.0,1.0,142.06,8,8 - Yüksek Risk,3,İndirim Teklifi,İndirim Teklifi,True,False,Geçmiş şikâyet işareti yok,Teklif Bilgisi Bekleniyor,True,False,Teklif için onaylı kampanya bilgisi gerekli,78.0,78.0
838,53502,0,0,11.893296,12.0,Mobile Phone,3,9.0,E wallet,Male,3.0,4,Fashion,4,Single,9,0,17.0,2.0,2.0,1.0,198.51,8,8 - Yüksek Risk,3,İndirim Teklifi,İndirim Teklifi,True,False,Geçmiş şikâyet işareti yok,Teklif Bilgisi Bekleniyor,True,False,Teklif için onaylı kampanya bilgisi gerekli,78.0,78.0
839,54972,0,0,11.893296,12.0,Mobile Phone,3,9.0,E wallet,Male,3.0,4,Fashion,4,Single,9,0,17.0,2.0,2.0,1.0,198.51,8,8 - Yüksek Risk,3,İndirim Teklifi,İndirim Teklifi,True,False,Geçmiş şikâyet işareti yok,Teklif Bilgisi Bekleniyor,True,False,Teklif için onaylı kampanya bilgisi gerekli,78.0,78.0
840,53765,0,0,11.966426,7.0,Mobile Phone,1,15.0,Debit Card,Male,4.0,4,Laptop & Accessory,3,Single,4,1,18.0,1.0,2.0,1.0,188.88,8,8 - Yüksek Risk,3,İndirim Teklifi,İndirim Teklifi,True,True,Geçmiş şikâyetin durumu kontrol edilmeli,Empatik Şikâyet Yaklaşımı,True,False,Teklif için onaylı kampanya bilgisi gerekli,78.0,78.0
841,53359,0,0,12.403635,2.0,Phone,1,16.0,Credit Card,Female,4.0,4,Mobile Phone,3,Married,7,0,19.0,3.0,3.0,3.0,148.77,8,8 - Yüksek Risk,3,İndirim Teklifi,İndirim Teklifi,True,False,Geçmiş şikâyet işareti yok,Teklif Bilgisi Bekleniyor,True,False,Teklif için onaylı kampanya bilgisi gerekli,78.0,78.0
842,55094,0,0,12.631152,2.0,Phone,1,8.0,COD,Male,3.0,4,Mobile Phone,5,Single,4,0,12.0,2.0,2.0,3.0,145.8,8,8 - Yüksek Risk,3,İndirim Teklifi,İndirim Teklifi,True,False,Geçmiş şikâyet işareti yok,Teklif Bilgisi Bekleniyor,True,False,Teklif için onaylı kampanya bilgisi gerekli,78.0,78.0
843,54126,0,0,12.693085,18.0,Phone,1,7.0,Credit Card,Male,3.0,4,Mobile Phone,1,Single,8,1,13.0,1.0,2.0,3.0,149.36,8,8 - Yüksek Risk,3,İndirim Teklifi,İndirim Teklifi,True,True,Geçmiş şikâyetin durumu kontrol edilmeli,Empatik Şikâyet Yaklaşımı,True,False,Teklif için onaylı kampanya bilgisi gerekli,78.0,78.0
844,50887,0,0,12.867643,9.0,Mobile Phone,3,9.0,E wallet,Female,2.0,3,Laptop & Accessory,4,Single,4,1,16.0,0.0,1.0,1.0,192.78,8,8 - Yüksek Risk,3,İndirim Teklifi,İndirim Teklifi,True,True,Geçmiş şikâyetin durumu kontrol edilmeli,Empatik Şikâyet Yaklaşımı,True,False,Teklif için onaylı kampanya bilgisi gerekli,78.0,78.0
845,51844,0,0,12.98237,0.0,Phone,1,12.0,CC,Male,,3,Mobile,3,Married,1,0,20.0,1.0,2.0,2.0,127.72999999999999,8,8 - Yüksek Risk,3,İndirim Teklifi,İndirim Teklifi,True,False,Geçmiş şikâyet işareti yok,Teklif Bilgisi Bekleniyor,True,False,Teklif için onaylı kampanya bilgisi gerekli,78.0,78.0
846,53329,0,0,13.6973095,1.0,Mobile Phone,3,11.0,E wallet,Male,3.0,5,Laptop & Accessory,5,Divorced,3,0,13.0,2.0,2.0,4.0,167.56,8,8 - Yüksek Risk,3,İndirim Teklifi,İndirim Teklifi,True,False,Geçmiş şikâyet işareti yok,Teklif Bilgisi Bekleniyor,True,False,Teklif için onaylı kampanya bilgisi gerekli,78.0,78.0
847,50256,0,0,13.959807,0.0,Phone,3,16.0,E wallet,Female,3.0,3,Laptop & Accessory,3,Married,2,1,12.0,0.0,1.0,3.0,142.6,8,8 - Yüksek Risk,3,İndirim Teklifi,İndirim Teklifi,True,True,Geçmiş şikâyetin durumu kontrol edilmeli,Empatik Şikâyet Yaklaşımı,True,False,Teklif için onaylı kampanya bilgisi gerekli,78.0,78.0
848,51386,0,0,14.226285,,Mobile Phone,1,10.0,UPI,Male,3.0,3,Mobile,1,Married,2,0,12.0,1.0,1.0,0.0,119.50999999999999,8,8 - Yüksek Risk,3,İndirim Teklifi,İndirim Teklifi,True,False,Geçmiş şikâyet işareti yok,Teklif Bilgisi Bekleniyor,True,False,Teklif için onaylı kampanya bilgisi gerekli,78.0,78.0
849,53196,0,0,14.35779,1.0,Mobile Phone,1,13.0,Debit Card,Female,4.0,4,Mobile Phone,2,Divorced,3,1,14.0,1.0,2.0,3.0,151.59,8,8 - Yüksek Risk,3,İndirim Teklifi,İndirim Teklifi,True,True,Geçmiş şikâyetin durumu kontrol edilmeli,Empatik Şikâyet Yaklaşımı,True,False,Teklif için onaylı kampanya bilgisi gerekli,78.0,78.0
850,52214,0,0,14.493175,1.0,Phone,1,25.0,CC,Male,3.0,4,Mobile,5,Married,2,0,12.0,1.0,3.0,3.0,131.96,8,8 - Yüksek Risk,3,İndirim Teklifi,İndirim Teklifi,True,False,Geçmiş şikâyet işareti yok,Teklif Bilgisi Bekleniyor,True,False,Teklif için onaylı kampanya bilgisi gerekli,78.0,78.0
851,54890,0,0,14.593032,9.0,Mobile Phone,1,32.0,Credit Card,Female,3.0,4,Fashion,3,Married,3,1,12.0,1.0,11.0,,228.88,8,8 - Yüksek Risk,3,İndirim Teklifi,İndirim Teklifi,True,True,Geçmiş şikâyetin durumu kontrol edilmeli,Empatik Şikâyet Yaklaşımı,True,False,Teklif için onaylı kampanya bilgisi gerekli,78.0,78.0
852,55154,0,0,14.74777,1.0,Mobile Phone,3,25.0,Debit Card,Male,4.0,2,Laptop & Accessory,3,Married,4,0,12.0,2.0,2.0,3.0,187.32,8,8 - Yüksek Risk,3,İndirim Teklifi,İndirim Teklifi,True,False,Geçmiş şikâyet işareti yok,Teklif Bilgisi Bekleniyor,True,False,Teklif için onaylı kampanya bilgisi gerekli,78.0,78.0
853,55563,0,0,15.11901,5.0,Phone,1,9.0,Credit Card,Female,3.0,6,Mobile Phone,1,Married,3,1,12.0,1.0,2.0,1.0,136.29,8,8 - Yüksek Risk,3,İndirim Teklifi,İndirim Teklifi,True,True,Geçmiş şikâyetin durumu kontrol edilmeli,Empatik Şikâyet Yaklaşımı,True,False,Teklif için onaylı kampanya bilgisi gerekli,78.0,78.0
854,53335,0,0,15.137484,5.0,Phone,1,18.0,Debit Card,Male,3.0,4,Mobile Phone,2,Divorced,5,1,20.0,2.0,2.0,3.0,148.56,8,8 - Yüksek Risk,3,İndirim Teklifi,İndirim Teklifi,True,True,Geçmiş şikâyetin durumu kontrol edilmeli,Empatik Şikâyet Yaklaşımı,True,False,Teklif için onaylı kampanya bilgisi gerekli,78.0,78.0
855,52891,0,0,15.160169,1.0,Computer,1,7.0,COD,Male,3.0,5,Laptop & Accessory,5,Divorced,7,0,20.0,1.0,3.0,1.0,167.98,8,8 - Yüksek Risk,3,İndirim Teklifi,İndirim Teklifi,True,False,Geçmiş şikâyet işareti yok,Teklif Bilgisi Bekleniyor,True,False,Teklif için onaylı kampanya bilgisi gerekli,78.0,78.0
856,50837,0,0,15.598856,8.0,Computer,1,10.0,Debit Card,Male,2.0,3,Laptop & Accessory,3,Single,2,1,11.0,1.0,1.0,1.0,142.49,8,8 - Yüksek Risk,3,İndirim Teklifi,İndirim Teklifi,True,True,Geçmiş şikâyetin durumu kontrol edilmeli,Empatik Şikâyet Yaklaşımı,True,False,Teklif için onaylı kampanya bilgisi gerekli,78.0,78.0
857,52307,0,0,15.598856,8.0,Computer,1,10.0,Debit Card,Male,2.0,3,Laptop & Accessory,3,Single,2,1,11.0,1.0,1.0,1.0,142.49,8,8 - Yüksek Risk,3,İndirim Teklifi,İndirim Teklifi,True,True,Geçmiş şikâyetin durumu kontrol edilmeli,Empatik Şikâyet Yaklaşımı,True,False,Teklif için onaylı kampanya bilgisi gerekli,78.0,78.0
858,51630,0,0,15.757701,0.0,Computer,1,17.0,Credit Card,Male,2.0,3,Laptop & Accessory,5,Married,2,1,13.0,1.0,3.0,3.0,147.41,8,8 - Yüksek Risk,3,İndirim Teklifi,İndirim Teklifi,True,True,Geçmiş şikâyetin durumu kontrol edilmeli,Empatik Şikâyet Yaklaşımı,True,False,Teklif için onaylı kampanya bilgisi gerekli,78.0,78.0
859,51094,0,0,15.807772,14.0,Mobile Phone,3,12.0,E wallet,Male,2.0,3,Fashion,3,Single,2,0,12.0,6.0,8.0,7.0,192.41,8,8 - Yüksek Risk,3,İndirim Teklifi,İndirim Teklifi,True,False,Geçmiş şikâyet işareti yok,Teklif Bilgisi Bekleniyor,True,False,Teklif için onaylı kampanya bilgisi gerekli,78.0,78.0
860,53716,0,0,15.911676,1.0,Mobile Phone,3,11.0,Credit Card,Female,3.0,4,Laptop & Accessory,3,Divorced,3,1,13.0,2.0,2.0,4.0,166.62,8,8 - Yüksek Risk,3,İndirim Teklifi,İndirim Teklifi,True,True,Geçmiş şikâyetin durumu kontrol edilmeli,Empatik Şikâyet Yaklaşımı,True,False,Teklif için onaylı kampanya bilgisi gerekli,78.0,78.0
861,53561,0,0,16.014364,9.0,Mobile Phone,3,24.0,Debit Card,Male,4.0,4,Laptop & Accessory,5,Divorced,5,1,16.0,2.0,2.0,,214.66,8,8 - Yüksek Risk,3,İndirim Teklifi,İndirim Teklifi,True,True,Geçmiş şikâyetin durumu kontrol edilmeli,Empatik Şikâyet Yaklaşımı,True,False,Teklif için onaylı kampanya bilgisi gerekli,78.0,78.0
862,52335,0,0,16.16713,10.0,Phone,1,10.0,Debit Card,Male,,3,Mobile,3,Married,8,1,15.0,1.0,1.0,3.0,129.96,8,8 - Yüksek Risk,3,İndirim Teklifi,İndirim Teklifi,True,True,Geçmiş şikâyetin durumu kontrol edilmeli,Empatik Şikâyet Yaklaşımı,True,False,Teklif için onaylı kampanya bilgisi gerekli,78.0,78.0
863,55082,0,0,16.523426,2.0,Computer,1,8.0,Credit Card,Male,3.0,4,Mobile Phone,3,Single,2,1,12.0,2.0,2.0,3.0,146.54,8,8 - Yüksek Risk,3,İndirim Teklifi,İndirim Teklifi,True,True,Geçmiş şikâyetin durumu kontrol edilmeli,Empatik Şikâyet Yaklaşımı,True,False,Teklif için onaylı kampanya bilgisi gerekli,78.0,78.0
864,51249,0,0,17.131884,,Computer,1,14.0,CC,Female,2.0,4,Laptop & Accessory,4,Married,2,1,16.0,1.0,1.0,7.0,121.33000000000001,8,8 - Yüksek Risk,3,İndirim Teklifi,İndirim Teklifi,True,True,Geçmiş şikâyetin durumu kontrol edilmeli,Empatik Şikâyet Yaklaşımı,True,False,Teklif için onaylı kampanya bilgisi gerekli,78.0,78.0
865,50744,0,0,17.291414,1.0,Phone,1,25.0,CC,Male,3.0,4,Mobile,5,Divorced,2,0,12.0,1.0,3.0,3.0,131.96,8,8 - Yüksek Risk,3,İndirim Teklifi,İndirim Teklifi,True,False,Geçmiş şikâyet işareti yok,Teklif Bilgisi Bekleniyor,True,False,Teklif için onaylı kampanya bilgisi gerekli,78.0,78.0
866,53969,0,0,17.804735,10.0,Mobile Phone,1,17.0,Debit Card,Male,3.0,4,Fashion,5,Married,9,1,14.0,2.0,6.0,8.0,208.21,8,8 - Yüksek Risk,3,İndirim Teklifi,İndirim Teklifi,True,True,Geçmiş şikâyetin durumu kontrol edilmeli,Empatik Şikâyet Yaklaşımı,True,False,Teklif için onaylı kampanya bilgisi gerekli,78.0,78.0
867,50326,0,0,18.102177,4.0,Mobile Phone,3,8.0,Debit Card,Male,3.0,3,Laptop & Accessory,2,Single,5,1,13.0,1.0,1.0,5.0,165.82,8,8 - Yüksek Risk,3,İndirim Teklifi,İndirim Teklifi,True,True,Geçmiş şikâyetin durumu kontrol edilmeli,Empatik Şikâyet Yaklaşımı,True,False,Teklif için onaylı kampanya bilgisi gerekli,78.0,78.0
868,55087,0,0,18.544891,17.0,Mobile Phone,3,11.0,E wallet,Female,3.0,5,Fashion,1,Single,5,0,15.0,11.0,16.0,,227.31,8,8 - Yüksek Risk,3,İndirim Teklifi,İndirim Teklifi,True,False,Geçmiş şikâyet işareti yok,Teklif Bilgisi Bekleniyor,True,False,Teklif için onaylı kampanya bilgisi gerekli,78.0,78.0
869,53241,0,0,18.914553,1.0,Mobile Phone,1,16.0,Credit Card,Male,3.0,4,Mobile Phone,5,Divorced,3,0,15.0,1.0,2.0,3.0,150.0,8,8 - Yüksek Risk,3,İndirim Teklifi,İndirim Teklifi,True,False,Geçmiş şikâyet işareti yok,Teklif Bilgisi Bekleniyor,True,False,Teklif için onaylı kampanya bilgisi gerekli,78.0,78.0
870,53859,0,0,19.43669,1.0,Computer,1,9.0,COD,Female,3.0,4,Mobile Phone,1,Single,3,1,14.0,2.0,2.0,4.0,162.6,8,8 - Yüksek Risk,3,İndirim Teklifi,İndirim Teklifi,True,True,Geçmiş şikâyetin durumu kontrol edilmeli,Empatik Şikâyet Yaklaşımı,True,False,Teklif için onaylı kampanya bilgisi gerekli,78.0,78.0
871,53600,0,0,19.491776,1.0,Mobile Phone,1,32.0,Debit Card,Female,3.0,2,Mobile Phone,2,Single,3,1,13.0,2.0,2.0,2.0,154.94,8,8 - Yüksek Risk,3,İndirim Teklifi,İndirim Teklifi,True,True,Geçmiş şikâyetin durumu kontrol edilmeli,Empatik Şikâyet Yaklaşımı,True,False,Teklif için onaylı kampanya bilgisi gerekli,78.0,78.0
872,53415,0,0,19.527855,1.0,Mobile Phone,1,24.0,Credit Card,Female,3.0,5,Laptop & Accessory,3,Married,3,0,16.0,3.0,4.0,3.0,168.77,8,8 - Yüksek Risk,3,İndirim Teklifi,İndirim Teklifi,True,False,Geçmiş şikâyet işareti yok,Teklif Bilgisi Bekleniyor,True,False,Teklif için onaylı kampanya bilgisi gerekli,78.0,78.0
873,51479,0,0,19.620901,14.0,Mobile Phone,3,15.0,Debit Card,Male,3.0,3,Fashion,3,Married,4,1,13.0,0.0,1.0,7.0,181.89,8,8 - Yüksek Risk,3,İndirim Teklifi,İndirim Teklifi,True,True,Geçmiş şikâyetin durumu kontrol edilmeli,Empatik Şikâyet Yaklaşımı,True,False,Teklif için onaylı kampanya bilgisi gerekli,78.0,78.0
874,55575,0,0,19.960085,21.0,Mobile Phone,1,32.0,Credit Card,Male,3.0,4,Fashion,3,Single,4,0,24.0,10.0,13.0,,211.33,8,8 - Yüksek Risk,3,İndirim Teklifi,İndirim Teklifi,True,False,Geçmiş şikâyet işareti yok,Teklif Bilgisi Bekleniyor,True,False,Teklif için onaylı kampanya bilgisi gerekli,78.0,78.0
875,52728,0,0,20.10663,4.0,Computer,1,9.0,CC,Male,,3,Mobile,5,Married,2,1,13.0,2.0,2.0,3.0,130.65,8,8 - Yüksek Risk,3,İndirim Teklifi,İndirim Teklifi,True,True,Geçmiş şikâyetin durumu kontrol edilmeli,Empatik Şikâyet Yaklaşımı,True,False,Teklif için onaylı kampanya bilgisi gerekli,78.0,78.0
876,50901,0,0,20.442884,0.0,Phone,3,10.0,Credit Card,Female,2.0,3,Laptop & Accessory,3,Divorced,2,1,12.0,1.0,1.0,3.0,141.62,8,8 - Yüksek Risk,3,İndirim Teklifi,İndirim Teklifi,True,True,Geçmiş şikâyetin durumu kontrol edilmeli,Empatik Şikâyet Yaklaşımı,True,False,Teklif için onaylı kampanya bilgisi gerekli,78.0,78.0
877,51984,0,0,20.477125,0.0,Phone,3,10.0,E wallet,Male,2.0,4,Laptop & Accessory,5,Married,2,0,12.0,1.0,1.0,3.0,142.56,8,8 - Yüksek Risk,3,İndirim Teklifi,İndirim Teklifi,True,False,Geçmiş şikâyet işareti yok,Teklif Bilgisi Bekleniyor,True,False,Teklif için onaylı kampanya bilgisi gerekli,78.0,78.0
878,53532,0,0,20.571337,1.0,Mobile Phone,1,31.0,Credit Card,Male,3.0,4,Mobile Phone,4,Single,10,0,23.0,2.0,2.0,3.0,160.97,8,8 - Yüksek Risk,3,İndirim Teklifi,İndirim Teklifi,True,False,Geçmiş şikâyet işareti yok,Teklif Bilgisi Bekleniyor,True,False,Teklif için onaylı kampanya bilgisi gerekli,78.0,78.0
879,51861,0,0,21.0204,,Computer,1,9.0,Debit Card,Male,2.0,4,Mobile Phone,3,Married,2,0,18.0,1.0,1.0,0.0,112.81,8,8 - Yüksek Risk,3,İndirim Teklifi,İndirim Teklifi,True,False,Geçmiş şikâyet işareti yok,Teklif Bilgisi Bekleniyor,True,False,Teklif için onaylı kampanya bilgisi gerekli,78.0,78.0
880,51072,0,0,21.304691,14.0,Mobile Phone,3,29.0,Debit Card,Male,3.0,3,Fashion,3,Single,4,1,16.0,0.0,1.0,2.0,170.82,8,8 - Yüksek Risk,3,İndirim Teklifi,İndirim Teklifi,True,True,Geçmiş şikâyetin durumu kontrol edilmeli,Empatik Şikâyet Yaklaşımı,True,False,Teklif için onaylı kampanya bilgisi gerekli,78.0,78.0
881,50865,0,0,21.536251,10.0,Phone,1,10.0,Debit Card,Male,,3,Mobile,3,Divorced,8,1,15.0,1.0,1.0,3.0,129.96,8,8 - Yüksek Risk,3,İndirim Teklifi,İndirim Teklifi,True,True,Geçmiş şikâyetin durumu kontrol edilmeli,Empatik Şikâyet Yaklaşımı,True,False,Teklif için onaylı kampanya bilgisi gerekli,78.0,78.0
882,52001,0,0,21.905788,,Phone,2,9.0,UPI,Male,2.0,3,Mobile,4,Married,4,1,11.0,0.0,1.0,3.0,122.77000000000001,8,8 - Yüksek Risk,3,İndirim Teklifi,İndirim Teklifi,True,True,Geçmiş şikâyetin durumu kontrol edilmeli,Empatik Şikâyet Yaklaşımı,True,False,Teklif için onaylı kampanya bilgisi gerekli,78.0,78.0
883,52031,0,0,22.702631,0.0,Computer,3,6.0,Credit Card,Male,2.0,4,Laptop & Accessory,5,Single,2,0,12.0,0.0,1.0,7.0,142.94,8,8 - Yüksek Risk,3,İndirim Teklifi,İndirim Teklifi,True,False,Geçmiş şikâyet işareti yok,Teklif Bilgisi Bekleniyor,True,False,Teklif için onaylı kampanya bilgisi gerekli,78.0,78.0
884,53941,0,0,23.584808,3.0,Computer,1,7.0,Debit Card,Male,4.0,2,Laptop & Accessory,3,Single,10,1,13.0,1.0,2.0,3.0,187.94,8,8 - Yüksek Risk,3,İndirim Teklifi,İndirim Teklifi,True,True,Geçmiş şikâyetin durumu kontrol edilmeli,Empatik Şikâyet Yaklaşımı,True,False,Teklif için onaylı kampanya bilgisi gerekli,78.0,78.0
885,55431,0,0,23.991596,8.0,Mobile Phone,3,10.0,Debit Card,Female,3.0,6,Laptop & Accessory,1,Single,7,0,13.0,3.0,3.0,3.0,185.29,8,8 - Yüksek Risk,3,İndirim Teklifi,İndirim Teklifi,True,False,Geçmiş şikâyet işareti yok,Teklif Bilgisi Bekleniyor,True,False,Teklif için onaylı kampanya bilgisi gerekli,78.0,78.0
886,52826,1,0,25.108381,5.0,Mobile Phone,1,19.0,Cash on Delivery,Female,3.0,4,Others,3,Divorced,3,0,,10.0,16.0,9.0,320.45,8,8 - Yüksek Risk,3,İndirim Teklifi,İndirim Teklifi,True,False,Geçmiş şikâyet işareti yok,Teklif Bilgisi Bekleniyor,True,False,Teklif için onaylı kampanya bilgisi gerekli,78.0,78.0
887,52017,0,0,25.126413,,Mobile Phone,1,16.0,Debit Card,Male,2.0,3,Mobile,4,Married,2,0,14.0,1.0,1.0,0.0,120.08000000000001,8,8 - Yüksek Risk,3,İndirim Teklifi,İndirim Teklifi,True,False,Geçmiş şikâyet işareti yok,Teklif Bilgisi Bekleniyor,True,False,Teklif için onaylı kampanya bilgisi gerekli,78.0,78.0
888,54164,0,0,25.74145,7.0,Computer,1,10.0,Debit Card,Female,3.0,4,Mobile Phone,3,Married,3,1,12.0,3.0,4.0,1.0,154.09,8,8 - Yüksek Risk,3,İndirim Teklifi,İndirim Teklifi,True,True,Geçmiş şikâyetin durumu kontrol edilmeli,Empatik Şikâyet Yaklaşımı,True,False,Teklif için onaylı kampanya bilgisi gerekli,78.0,78.0
889,51298,0,0,26.289845,8.0,Phone,1,17.0,CC,Male,2.0,3,Mobile,3,Married,8,1,11.0,0.0,2.0,2.0,126.6,8,8 - Yüksek Risk,3,İndirim Teklifi,İndirim Teklifi,True,True,Geçmiş şikâyetin durumu kontrol edilmeli,Empatik Şikâyet Yaklaşımı,True,False,Teklif için onaylı kampanya bilgisi gerekli,78.0,78.0
890,54885,0,0,27.413904,1.0,Mobile Phone,1,24.0,Credit Card,Female,3.0,5,Laptop & Accessory,3,Married,3,0,16.0,1.0,4.0,3.0,168.77,8,8 - Yüksek Risk,3,İndirim Teklifi,İndirim Teklifi,True,False,Geçmiş şikâyet işareti yok,Teklif Bilgisi Bekleniyor,True,False,Teklif için onaylı kampanya bilgisi gerekli,78.0,78.0
891,50765,0,0,28.467104,,Phone,1,20.0,Debit Card,Male,2.0,3,Mobile,5,Divorced,2,1,14.0,2.0,6.0,8.0,122.35,8,8 - Yüksek Risk,3,İndirim Teklifi,İndirim Teklifi,True,True,Geçmiş şikâyetin durumu kontrol edilmeli,Empatik Şikâyet Yaklaşımı,True,False,Teklif için onaylı kampanya bilgisi gerekli,78.0,78.0
892,54206,1,0,28.48206,5.0,Mobile Phone,1,19.0,Cash on Delivery,Female,3.0,4,Others,3,Married,3,0,,2.0,16.0,9.0,320.45,8,8 - Yüksek Risk,3,İndirim Teklifi,İndirim Teklifi,True,False,Geçmiş şikâyet işareti yok,Teklif Bilgisi Bekleniyor,True,False,Teklif için onaylı kampanya bilgisi gerekli,78.0,78.0
893,53256,0,0,28.879175,1.0,Mobile Phone,1,17.0,Credit Card,Male,4.0,3,Mobile Phone,3,Single,3,0,19.0,2.0,2.0,3.0,160.05,8,8 - Yüksek Risk,3,İndirim Teklifi,İndirim Teklifi,True,False,Geçmiş şikâyet işareti yok,Teklif Bilgisi Bekleniyor,True,False,Teklif için onaylı kampanya bilgisi gerekli,78.0,78.0
894,54104,0,0,29.062706,1.0,Mobile Phone,1,9.0,UPI,Male,3.0,4,Mobile Phone,3,Married,8,1,20.0,1.0,2.0,3.0,164.77,8,8 - Yüksek Risk,3,İndirim Teklifi,İndirim Teklifi,True,True,Geçmiş şikâyetin durumu kontrol edilmeli,Empatik Şikâyet Yaklaşımı,True,False,Teklif için onaylı kampanya bilgisi gerekli,78.0,78.0
895,52526,0,0,29.830996,,Mobile Phone,1,13.0,Debit Card,Male,3.0,3,Mobile,4,Single,3,0,11.0,0.0,1.0,3.0,120.13,8,8 - Yüksek Risk,3,İndirim Teklifi,İndirim Teklifi,True,False,Geçmiş şikâyet işareti yok,Teklif Bilgisi Bekleniyor,True,False,Teklif için onaylı kampanya bilgisi gerekli,78.0,78.0
896,54759,1,0,30.116575,1.0,Mobile Phone,1,9.0,Credit Card,Male,3.0,4,Mobile Phone,3,Single,8,0,18.0,3.0,3.0,2.0,168.82,8,8 - Yüksek Risk,3,İndirim Teklifi,İndirim Teklifi,True,False,Geçmiş şikâyet işareti yok,Teklif Bilgisi Bekleniyor,True,False,Teklif için onaylı kampanya bilgisi gerekli,78.0,78.0
897,52187,0,0,30.905613,0.0,Phone,1,30.0,Credit Card,Male,2.0,3,Mobile Phone,4,Single,9,0,22.0,0.0,1.0,2.0,135.97,8,8 - Yüksek Risk,3,İndirim Teklifi,İndirim Teklifi,True,False,Geçmiş şikâyet işareti yok,Teklif Bilgisi Bekleniyor,True,False,Teklif için onaylı kampanya bilgisi gerekli,78.0,78.0
898,53961,0,0,30.976126,8.0,Mobile Phone,3,10.0,Debit Card,Female,3.0,6,Laptop & Accessory,1,Single,7,0,13.0,2.0,3.0,3.0,185.29,8,8 - Yüksek Risk,3,İndirim Teklifi,İndirim Teklifi,True,False,Geçmiş şikâyet işareti yok,Teklif Bilgisi Bekleniyor,True,False,Teklif için onaylı kampanya bilgisi gerekli,78.0,78.0
899,52235,0,0,33.618454,,Phone,1,20.0,Debit Card,Male,2.0,3,Mobile,5,Married,2,1,14.0,5.0,6.0,8.0,122.35,8,8 - Yüksek Risk,3,İndirim Teklifi,İndirim Teklifi,True,True,Geçmiş şikâyetin durumu kontrol edilmeli,Empatik Şikâyet Yaklaşımı,True,False,Teklif için onaylı kampanya bilgisi gerekli,78.0,78.0
900,54322,0,0,33.757008,1.0,Computer,1,16.0,Credit Card,Male,3.0,4,Mobile Phone,4,Married,8,0,19.0,3.0,3.0,3.0,145.24,8,8 - Yüksek Risk,3,İndirim Teklifi,İndirim Teklifi,True,False,Geçmiş şikâyet işareti yok,Teklif Bilgisi Bekleniyor,True,False,Teklif için onaylı kampanya bilgisi gerekli,78.0,78.0
901,54077,0,0,33.829872,1.0,Mobile Phone,1,7.0,Credit Card,Male,4.0,4,Mobile Phone,5,Single,2,0,14.0,4.0,8.0,7.0,153.67,9,9 - Çok Yüksek Risk,2,İndirim Teklifi,Win-Back Teklifi,True,False,Geçmiş şikâyet işareti yok,Geri Kazanım,True,False,Teklif için onaylı kampanya bilgisi gerekli,82.0,74.0
902,51552,0,0,36.026768,0.0,Phone,1,,Debit Card,Male,2.0,1,Mobile,4,Married,2,1,16.0,2.0,2.0,2.0,123.28,9,9 - Çok Yüksek Risk,2,İndirim Teklifi,Win-Back Teklifi,True,True,Geçmiş şikâyetin durumu kontrol edilmeli,Empatik Şikâyet Yaklaşımı,True,False,Teklif için onaylı kampanya bilgisi gerekli,82.0,74.0
903,50488,0,0,38.38072,1.0,Phone,3,8.0,E wallet,Female,2.0,3,Laptop & Accessory,4,Divorced,2,1,20.0,7.0,7.0,5.0,147.79,9,9 - Çok Yüksek Risk,2,İndirim Teklifi,Win-Back Teklifi,True,True,Geçmiş şikâyetin durumu kontrol edilmeli,Empatik Şikâyet Yaklaşımı,True,False,Teklif için onaylı kampanya bilgisi gerekli,82.0,74.0
904,51219,0,0,38.523315,,Phone,1,13.0,Debit Card,Male,2.0,3,Mobile,5,Single,4,0,14.0,0.0,1.0,2.0,120.62,9,9 - Çok Yüksek Risk,2,İndirim Teklifi,Win-Back Teklifi,True,False,Geçmiş şikâyet işareti yok,Geri Kazanım,True,False,Teklif için onaylı kampanya bilgisi gerekli,82.0,74.0
905,52732,0,0,38.768604,0.0,Phone,1,7.0,CC,Male,,3,Mobile,5,Single,1,0,13.0,7.0,7.0,6.0,128.67,9,9 - Çok Yüksek Risk,2,İndirim Teklifi,Win-Back Teklifi,True,False,Geçmiş şikâyet işareti yok,Geri Kazanım,True,False,Teklif için onaylı kampanya bilgisi gerekli,82.0,74.0
906,50318,0,0,39.03279,9.0,Computer,3,16.0,Credit Card,Male,2.0,3,Fashion,2,Single,2,0,14.0,1.0,9.0,7.0,199.8,9,9 - Çok Yüksek Risk,2,İndirim Teklifi,Win-Back Teklifi,True,False,Geçmiş şikâyet işareti yok,Geri Kazanım,True,False,Teklif için onaylı kampanya bilgisi gerekli,82.0,74.0
907,52483,0,0,39.23689,0.0,Computer,1,32.0,UPI,Female,,4,Mobile,3,Married,2,1,14.0,1.0,1.0,3.0,128.14,9,9 - Çok Yüksek Risk,2,İndirim Teklifi,Win-Back Teklifi,True,True,Geçmiş şikâyetin durumu kontrol edilmeli,Empatik Şikâyet Yaklaşımı,True,False,Teklif için onaylı kampanya bilgisi gerekli,82.0,74.0
908,53289,1,0,39.388233,1.0,Mobile Phone,1,9.0,Credit Card,Male,3.0,4,Mobile Phone,3,Single,8,0,18.0,1.0,3.0,2.0,168.82,9,9 - Çok Yüksek Risk,2,İndirim Teklifi,Win-Back Teklifi,True,False,Geçmiş şikâyet işareti yok,Geri Kazanım,True,False,Teklif için onaylı kampanya bilgisi gerekli,82.0,74.0
909,51363,0,0,39.624268,0.0,Computer,1,22.0,CC,Male,,1,Mobile,1,Married,2,1,13.0,0.0,1.0,0.0,129.35,9,9 - Çok Yüksek Risk,2,İndirim Teklifi,Win-Back Teklifi,True,True,Geçmiş şikâyetin durumu kontrol edilmeli,Empatik Şikâyet Yaklaşımı,True,False,Teklif için onaylı kampanya bilgisi gerekli,82.0,74.0
910,53009,0,0,39.999466,1.0,Mobile Phone,1,12.0,Debit Card,Female,3.0,4,Mobile Phone,4,Single,3,1,13.0,1.0,2.0,3.0,149.78,9,9 - Çok Yüksek Risk,2,İndirim Teklifi,Win-Back Teklifi,True,True,Geçmiş şikâyetin durumu kontrol edilmeli,Empatik Şikâyet Yaklaşımı,True,False,Teklif için onaylı kampanya bilgisi gerekli,82.0,74.0
911,53393,0,0,40.194557,4.0,Mobile Phone,3,15.0,UPI,Male,4.0,4,Fashion,3,Married,7,0,12.0,5.0,8.0,8.0,197.64,9,9 - Çok Yüksek Risk,2,İndirim Teklifi,Win-Back Teklifi,True,False,Geçmiş şikâyet işareti yok,Geri Kazanım,True,False,Teklif için onaylı kampanya bilgisi gerekli,82.0,74.0
912,55625,0,0,41.35799,1.0,Mobile Phone,3,12.0,UPI,Female,2.0,5,Mobile Phone,3,Single,2,0,19.0,2.0,2.0,1.0,154.66,9,9 - Çok Yüksek Risk,2,İndirim Teklifi,Win-Back Teklifi,True,False,Geçmiş şikâyet işareti yok,Geri Kazanım,True,False,Teklif için onaylı kampanya bilgisi gerekli,82.0,74.0
913,51389,0,0,42.803116,0.0,Computer,3,14.0,Debit Card,Male,2.0,3,Fashion,3,Single,2,0,15.0,1.0,1.0,7.0,187.26,9,9 - Çok Yüksek Risk,2,İndirim Teklifi,Win-Back Teklifi,True,False,Geçmiş şikâyet işareti yok,Geri Kazanım,True,False,Teklif için onaylı kampanya bilgisi gerekli,82.0,74.0
914,50032,0,0,45.028008,0.0,Mobile Phone,1,13.0,Credit Card,Male,2.0,4,Laptop & Accessory,3,Divorced,3,0,17.0,1.0,1.0,0.0,161.32,9,9 - Çok Yüksek Risk,2,İndirim Teklifi,Win-Back Teklifi,True,False,Geçmiş şikâyet işareti yok,Geri Kazanım,True,False,Teklif için onaylı kampanya bilgisi gerekli,82.0,74.0
915,55583,0,0,46.844692,9.0,Mobile Phone,1,18.0,Credit Card,Male,3.0,4,Mobile Phone,3,Married,9,1,12.0,3.0,3.0,3.0,151.6,9,9 - Çok Yüksek Risk,2,İndirim Teklifi,Win-Back Teklifi,True,True,Geçmiş şikâyetin durumu kontrol edilmeli,Empatik Şikâyet Yaklaşımı,True,False,Teklif için onaylı kampanya bilgisi gerekli,82.0,74.0
916,51309,0,0,47.34904,0.0,Phone,3,14.0,UPI,Female,2.0,3,Laptop & Accessory,3,Married,1,1,22.0,1.0,1.0,4.0,149.07,9,9 - Çok Yüksek Risk,2,İndirim Teklifi,Win-Back Teklifi,True,True,Geçmiş şikâyetin durumu kontrol edilmeli,Empatik Şikâyet Yaklaşımı,True,False,Teklif için onaylı kampanya bilgisi gerekli,82.0,74.0
917,51964,0,0,48.819862,0.0,Phone,1,8.0,CC,Male,3.0,1,Mobile,5,Single,8,0,13.0,0.0,1.0,1.0,134.24,9,9 - Çok Yüksek Risk,2,İndirim Teklifi,Win-Back Teklifi,True,False,Geçmiş şikâyet işareti yok,Geri Kazanım,True,False,Teklif için onaylı kampanya bilgisi gerekli,82.0,74.0
918,52992,0,1,50.14974,1.0,Phone,3,17.0,Credit Card,Female,4.0,5,Mobile Phone,3,Single,3,0,13.0,2.0,2.0,1.0,137.0,9,9 - Çok Yüksek Risk,2,İndirim Teklifi,Win-Back Teklifi,True,False,Geçmiş şikâyet işareti yok,Geri Kazanım,True,False,Teklif için onaylı kampanya bilgisi gerekli,82.0,74.0
919,50510,0,1,50.456512,0.0,Phone,3,9.0,UPI,Male,3.0,3,Laptop & Accessory,5,Divorced,2,1,18.0,1.0,1.0,3.0,141.94,9,9 - Çok Yüksek Risk,2,İndirim Teklifi,Win-Back Teklifi,True,True,Geçmiş şikâyetin durumu kontrol edilmeli,Empatik Şikâyet Yaklaşımı,True,False,Teklif için onaylı kampanya bilgisi gerekli,82.0,74.0
920,53425,0,1,50.747204,1.0,Phone,1,15.0,Debit Card,Male,4.0,6,Mobile Phone,5,Divorced,3,0,16.0,2.0,2.0,2.0,149.51,9,9 - Çok Yüksek Risk,2,İndirim Teklifi,Win-Back Teklifi,True,False,Geçmiş şikâyet işareti yok,Geri Kazanım,True,False,Teklif için onaylı kampanya bilgisi gerekli,82.0,74.0
921,53580,0,1,50.930004,1.0,Phone,1,21.0,Debit Card,Male,3.0,4,Mobile Phone,5,Divorced,3,1,15.0,3.0,7.0,9.0,147.35,9,9 - Çok Yüksek Risk,2,İndirim Teklifi,Win-Back Teklifi,True,True,Geçmiş şikâyetin durumu kontrol edilmeli,Empatik Şikâyet Yaklaşımı,True,False,Teklif için onaylı kampanya bilgisi gerekli,82.0,74.0
922,50112,1,1,51.153503,0.0,Phone,1,8.0,Debit Card,Female,,3,Mobile,5,Divorced,8,0,20.0,1.0,1.0,7.0,127.07,9,9 - Çok Yüksek Risk,2,İndirim Teklifi,Win-Back Teklifi,True,False,Geçmiş şikâyet işareti yok,Geri Kazanım,True,False,Teklif için onaylı kampanya bilgisi gerekli,82.0,74.0
923,51582,1,1,53.205257,0.0,Phone,1,8.0,Debit Card,Female,,3,Mobile,5,Married,8,0,20.0,1.0,1.0,7.0,127.07,9,9 - Çok Yüksek Risk,2,İndirim Teklifi,Win-Back Teklifi,True,False,Geçmiş şikâyet işareti yok,Geri Kazanım,True,False,Teklif için onaylı kampanya bilgisi gerekli,82.0,74.0
924,54637,0,1,54.156452,1.0,Phone,1,24.0,UPI,Male,4.0,5,Mobile Phone,4,Married,3,0,22.0,2.0,2.0,1.0,146.27,9,9 - Çok Yüksek Risk,2,İndirim Teklifi,Win-Back Teklifi,True,False,Geçmiş şikâyet işareti yok,Geri Kazanım,True,False,Teklif için onaylı kampanya bilgisi gerekli,82.0,74.0
925,55272,1,1,55.451424,17.0,Mobile Phone,1,9.0,Cash on Delivery,Female,4.0,5,Fashion,1,Married,2,0,17.0,1.0,2.0,,226.69,9,9 - Çok Yüksek Risk,2,İndirim Teklifi,Win-Back Teklifi,True,False,Geçmiş şikâyet işareti yok,Geri Kazanım,True,False,Teklif için onaylı kampanya bilgisi gerekli,82.0,74.0
926,52644,1,1,55.900116,9.0,Mobile Phone,1,27.0,Credit Card,Female,3.0,3,Laptop & Accessory,4,Married,5,0,22.0,3.0,3.0,7.0,189.26,9,9 - Çok Yüksek Risk,2,İndirim Teklifi,Win-Back Teklifi,True,False,Geçmiş şikâyet işareti yok,Geri Kazanım,True,False,Teklif için onaylı kampanya bilgisi gerekli,82.0,74.0
927,54040,0,1,56.726635,1.0,Mobile Phone,1,7.0,Debit Card,Female,3.0,5,Mobile Phone,3,Married,3,1,14.0,1.0,2.0,1.0,154.33,9,9 - Çok Yüksek Risk,2,İndirim Teklifi,Win-Back Teklifi,True,True,Geçmiş şikâyetin durumu kontrol edilmeli,Empatik Şikâyet Yaklaşımı,True,False,Teklif için onaylı kampanya bilgisi gerekli,82.0,74.0
928,51516,0,1,58.548386,0.0,Phone,1,23.0,COD,Male,,3,Mobile,4,Married,1,1,16.0,0.0,1.0,1.0,130.58,9,9 - Çok Yüksek Risk,2,İndirim Teklifi,Win-Back Teklifi,True,True,Geçmiş şikâyetin durumu kontrol edilmeli,Empatik Şikâyet Yaklaşımı,True,False,Teklif için onaylı kampanya bilgisi gerekli,82.0,74.0
929,51932,0,1,60.722904,0.0,Computer,1,15.0,Debit Card,Male,,4,Mobile,4,Married,2,0,11.0,0.0,1.0,0.0,126.94,9,9 - Çok Yüksek Risk,2,İndirim Teklifi,Win-Back Teklifi,True,False,Geçmiş şikâyet işareti yok,Geri Kazanım,True,False,Teklif için onaylı kampanya bilgisi gerekli,82.0,74.0
930,50011,1,1,60.85019,4.0,Mobile Phone,1,18.0,Cash on Delivery,Female,2.0,3,Others,3,Divorced,2,0,,9.0,15.0,8.0,295.45,9,9 - Çok Yüksek Risk,2,İndirim Teklifi,Win-Back Teklifi,True,False,Geçmiş şikâyet işareti yok,Geri Kazanım,True,False,Teklif için onaylı kampanya bilgisi gerekli,82.0,74.0
931,52199,0,1,61.947777,0.0,Phone,1,,Debit Card,Male,2.0,3,Mobile,5,Single,2,0,25.0,0.0,1.0,0.0,125.52000000000001,9,9 - Çok Yüksek Risk,2,İndirim Teklifi,Win-Back Teklifi,True,False,Geçmiş şikâyet işareti yok,Geri Kazanım,True,False,Teklif için onaylı kampanya bilgisi gerekli,82.0,74.0
932,52208,0,1,63.185883,,Computer,1,23.0,Debit Card,Male,3.0,5,Mobile,3,Single,3,0,13.0,1.0,1.0,0.0,122.9,9,9 - Çok Yüksek Risk,2,İndirim Teklifi,Win-Back Teklifi,True,False,Geçmiş şikâyet işareti yok,Geri Kazanım,True,False,Teklif için onaylı kampanya bilgisi gerekli,82.0,74.0
933,50292,0,1,63.394974,,Computer,1,8.0,Debit Card,Male,2.0,3,Mobile Phone,2,Divorced,2,1,23.0,1.0,1.0,0.0,117.02000000000001,9,9 - Çok Yüksek Risk,2,İndirim Teklifi,Win-Back Teklifi,True,True,Geçmiş şikâyetin durumu kontrol edilmeli,Empatik Şikâyet Yaklaşımı,True,False,Teklif için onaylı kampanya bilgisi gerekli,82.0,74.0
934,54250,1,1,63.74712,10.0,Mobile Phone,3,16.0,Credit Card,Male,4.0,5,Fashion,1,Single,3,0,17.0,4.0,5.0,,221.19,9,9 - Çok Yüksek Risk,2,İndirim Teklifi,Win-Back Teklifi,True,False,Geçmiş şikâyet işareti yok,Geri Kazanım,True,False,Teklif için onaylı kampanya bilgisi gerekli,82.0,74.0
935,54630,1,1,64.76406,1.0,Computer,3,18.0,UPI,Male,3.0,2,Laptop & Accessory,3,Married,10,0,13.0,2.0,2.0,3.0,172.07,9,9 - Çok Yüksek Risk,2,İndirim Teklifi,Win-Back Teklifi,True,False,Geçmiş şikâyet işareti yok,Geri Kazanım,True,False,Teklif için onaylı kampanya bilgisi gerekli,82.0,74.0
936,50725,1,1,65.57355,6.0,Mobile Phone,3,15.0,E wallet,Female,2.0,5,Laptop & Accessory,3,Single,9,0,13.0,1.0,1.0,3.0,153.46,9,9 - Çok Yüksek Risk,2,İndirim Teklifi,Win-Back Teklifi,True,False,Geçmiş şikâyet işareti yok,Geri Kazanım,True,False,Teklif için onaylı kampanya bilgisi gerekli,82.0,74.0
937,53165,0,1,69.88333,1.0,Mobile Phone,1,30.0,Credit Card,Male,3.0,3,Mobile Phone,2,Divorced,3,1,12.0,1.0,2.0,5.0,152.25,9,9 - Çok Yüksek Risk,2,İndirim Teklifi,Win-Back Teklifi,True,True,Geçmiş şikâyetin durumu kontrol edilmeli,Empatik Şikâyet Yaklaşımı,True,False,Teklif için onaylı kampanya bilgisi gerekli,82.0,74.0
938,52679,1,1,69.920364,9.0,Mobile Phone,3,16.0,Debit Card,Female,3.0,3,Fashion,4,Married,6,0,21.0,1.0,1.0,7.0,173.14,9,9 - Çok Yüksek Risk,2,İndirim Teklifi,Win-Back Teklifi,True,False,Geçmiş şikâyet işareti yok,Geri Kazanım,True,False,Teklif için onaylı kampanya bilgisi gerekli,82.0,74.0
939,54497,1,1,70.83425,1.0,Phone,1,15.0,UPI,Male,4.0,6,Mobile Phone,5,Married,3,1,12.0,1.0,2.0,8.0,146.19,9,9 - Çok Yüksek Risk,2,İndirim Teklifi,Win-Back Teklifi,True,True,Geçmiş şikâyetin durumu kontrol edilmeli,Empatik Şikâyet Yaklaşımı,True,False,Teklif için onaylı kampanya bilgisi gerekli,82.0,74.0
940,51312,0,1,72.00147,0.0,Phone,3,,CC,Male,2.0,3,Mobile,5,Single,2,1,11.0,1.0,1.0,2.0,123.80000000000001,9,9 - Çok Yüksek Risk,2,İndirim Teklifi,Win-Back Teklifi,True,True,Geçmiş şikâyetin durumu kontrol edilmeli,Empatik Şikâyet Yaklaşımı,True,False,Teklif için onaylı kampanya bilgisi gerekli,82.0,74.0
941,52457,1,1,72.583755,16.0,Mobile Phone,1,8.0,Cash on Delivery,Female,3.0,4,Fashion,1,Married,1,0,16.0,0.0,1.0,9.0,201.69,9,9 - Çok Yüksek Risk,2,İndirim Teklifi,Win-Back Teklifi,True,False,Geçmiş şikâyet işareti yok,Geri Kazanım,True,False,Teklif için onaylı kampanya bilgisi gerekli,82.0,74.0
942,51278,0,1,73.03441,4.0,Mobile Phone,1,8.0,Credit Card,Female,2.0,5,Mobile Phone,1,Married,2,1,11.0,1.0,1.0,0.0,111.28999999999999,9,9 - Çok Yüksek Risk,2,İndirim Teklifi,Win-Back Teklifi,True,True,Geçmiş şikâyetin durumu kontrol edilmeli,Empatik Şikâyet Yaklaşımı,True,False,Teklif için onaylı kampanya bilgisi gerekli,82.0,74.0
943,50196,0,1,76.77042,0.0,Phone,3,8.0,Debit Card,Male,3.0,3,Laptop & Accessory,3,Single,2,1,11.0,1.0,1.0,4.0,144.78,9,9 - Çok Yüksek Risk,2,İndirim Teklifi,Win-Back Teklifi,True,True,Geçmiş şikâyetin durumu kontrol edilmeli,Empatik Şikâyet Yaklaşımı,True,False,Teklif için onaylı kampanya bilgisi gerekli,82.0,74.0
944,54750,1,1,77.02725,1.0,Phone,1,7.0,Debit Card,Female,3.0,5,Mobile Phone,5,Married,3,1,12.0,1.0,2.0,1.0,148.19,9,9 - Çok Yüksek Risk,2,İndirim Teklifi,Win-Back Teklifi,True,True,Geçmiş şikâyetin durumu kontrol edilmeli,Empatik Şikâyet Yaklaşımı,True,False,Teklif için onaylı kampanya bilgisi gerekli,82.0,74.0
945,52748,0,1,77.37404,4.0,Mobile Phone,1,8.0,Credit Card,Female,2.0,5,Mobile Phone,1,Married,2,1,11.0,0.0,1.0,0.0,111.28999999999999,9,9 - Çok Yüksek Risk,2,İndirim Teklifi,Win-Back Teklifi,True,True,Geçmiş şikâyetin durumu kontrol edilmeli,Empatik Şikâyet Yaklaşımı,True,False,Teklif için onaylı kampanya bilgisi gerekli,82.0,74.0
946,52174,1,1,77.52955,,Computer,1,14.0,CC,Male,3.0,3,Mobile,3,Single,2,0,12.0,1.0,1.0,0.0,119.03999999999999,9,9 - Çok Yüksek Risk,2,İndirim Teklifi,Win-Back Teklifi,True,False,Geçmiş şikâyet işareti yok,Geri Kazanım,True,False,Teklif için onaylı kampanya bilgisi gerekli,82.0,74.0
947,50298,1,1,78.79088,0.0,Phone,2,,COD,Male,2.0,4,Mobile,2,Single,2,0,12.0,1.0,1.0,0.0,125.63999999999999,9,9 - Çok Yüksek Risk,2,İndirim Teklifi,Win-Back Teklifi,True,False,Geçmiş şikâyet işareti yok,Geri Kazanım,True,False,Teklif için onaylı kampanya bilgisi gerekli,82.0,74.0
948,53286,1,1,78.79807,21.0,Mobile Phone,1,9.0,Debit Card,Male,3.0,4,Others,4,Single,9,1,,6.0,14.0,9.0,317.46,9,9 - Çok Yüksek Risk,2,İndirim Teklifi,Win-Back Teklifi,True,True,Geçmiş şikâyetin durumu kontrol edilmeli,Empatik Şikâyet Yaklaşımı,True,False,Teklif için onaylı kampanya bilgisi gerekli,82.0,74.0
949,54127,0,1,79.20354,1.0,Phone,3,12.0,Credit Card,Male,3.0,4,Mobile Phone,5,Single,3,1,12.0,2.0,2.0,3.0,148.8,9,9 - Çok Yüksek Risk,2,İndirim Teklifi,Win-Back Teklifi,True,True,Geçmiş şikâyetin durumu kontrol edilmeli,Empatik Şikâyet Yaklaşımı,True,False,Teklif için onaylı kampanya bilgisi gerekli,82.0,74.0
950,54202,0,1,79.225914,1.0,Phone,1,9.0,Debit Card,Female,3.0,4,Mobile Phone,5,Married,3,0,14.0,2.0,2.0,1.0,148.41,9,9 - Çok Yüksek Risk,2,İndirim Teklifi,Win-Back Teklifi,True,False,Geçmiş şikâyet işareti yok,Geri Kazanım,True,False,Teklif için onaylı kampanya bilgisi gerekli,82.0,74.0
951,51585,1,1,79.29299,0.0,Phone,1,6.0,Debit Card,Male,3.0,4,Mobile Phone,3,Single,1,1,14.0,0.0,1.0,2.0,137.3,9,9 - Çok Yüksek Risk,2,İndirim Teklifi,Win-Back Teklifi,True,True,Geçmiş şikâyetin durumu kontrol edilmeli,Empatik Şikâyet Yaklaşımı,True,False,Teklif için onaylı kampanya bilgisi gerekli,82.0,74.0
952,50008,1,1,79.94073,,Phone,1,6.0,CC,Male,3.0,3,Mobile,2,Divorced,3,1,16.0,2.0,2.0,0.0,122.93,9,9 - Çok Yüksek Risk,2,İndirim Teklifi,Win-Back Teklifi,True,True,Geçmiş şikâyetin durumu kontrol edilmeli,Empatik Şikâyet Yaklaşımı,True,False,Teklif için onaylı kampanya bilgisi gerekli,82.0,74.0
953,55273,1,1,80.58824,2.0,Mobile Phone,1,9.0,Credit Card,Male,3.0,4,Laptop & Accessory,4,Married,6,0,12.0,2.0,2.0,5.0,173.55,9,9 - Çok Yüksek Risk,2,İndirim Teklifi,Win-Back Teklifi,True,False,Geçmiş şikâyet işareti yok,Geri Kazanım,True,False,Teklif için onaylı kampanya bilgisi gerekli,82.0,74.0
954,50093,1,1,80.60441,,Phone,1,6.0,Cash on Delivery,Male,2.0,3,Mobile,3,Single,1,0,14.0,0.0,1.0,5.0,120.58000000000001,9,9 - Çok Yüksek Risk,2,İndirim Teklifi,Win-Back Teklifi,True,False,Geçmiş şikâyet işareti yok,Geri Kazanım,True,False,Teklif için onaylı kampanya bilgisi gerekli,82.0,74.0
955,54957,1,1,80.858215,1.0,Mobile Phone,1,11.0,COD,Male,3.0,4,Mobile Phone,1,Married,3,1,16.0,5.0,6.0,7.0,161.91,9,9 - Çok Yüksek Risk,2,İndirim Teklifi,Win-Back Teklifi,True,True,Geçmiş şikâyetin durumu kontrol edilmeli,Empatik Şikâyet Yaklaşımı,True,False,Teklif için onaylı kampanya bilgisi gerekli,82.0,74.0
956,55222,0,1,81.64186,1.0,Computer,3,20.0,Debit Card,Female,4.0,4,Mobile Phone,4,Married,3,0,14.0,1.0,2.0,1.0,145.33,9,9 - Çok Yüksek Risk,2,İndirim Teklifi,Win-Back Teklifi,True,False,Geçmiş şikâyet işareti yok,Geri Kazanım,True,False,Teklif için onaylı kampanya bilgisi gerekli,82.0,74.0
957,55200,1,1,82.603004,1.0,Mobile Phone,2,16.0,COD,Female,3.0,4,Mobile Phone,3,Married,3,0,16.0,3.0,3.0,3.0,152.42,9,9 - Çok Yüksek Risk,2,İndirim Teklifi,Win-Back Teklifi,True,False,Geçmiş şikâyet işareti yok,Geri Kazanım,True,False,Teklif için onaylı kampanya bilgisi gerekli,82.0,74.0
958,53631,1,1,82.60936,3.0,Mobile Phone,1,30.0,Credit Card,Male,4.0,4,Mobile Phone,5,Single,2,0,14.0,1.0,2.0,4.0,164.04,9,9 - Çok Yüksek Risk,2,İndirim Teklifi,Win-Back Teklifi,True,False,Geçmiş şikâyet işareti yok,Geri Kazanım,True,False,Teklif için onaylı kampanya bilgisi gerekli,82.0,74.0
959,54775,1,1,82.658806,1.0,Computer,1,12.0,Credit Card,Female,3.0,5,Mobile Phone,3,Married,3,1,15.0,1.0,2.0,8.0,148.66,9,9 - Çok Yüksek Risk,2,İndirim Teklifi,Win-Back Teklifi,True,True,Geçmiş şikâyetin durumu kontrol edilmeli,Empatik Şikâyet Yaklaşımı,True,False,Teklif için onaylı kampanya bilgisi gerekli,82.0,74.0
960,50815,1,1,83.27082,0.0,Phone,1,13.0,Debit Card,Male,3.0,3,Laptop & Accessory,3,Divorced,2,0,18.0,1.0,1.0,1.0,148.83,9,9 - Çok Yüksek Risk,2,İndirim Teklifi,Win-Back Teklifi,True,False,Geçmiş şikâyet işareti yok,Geri Kazanım,True,False,Teklif için onaylı kampanya bilgisi gerekli,82.0,74.0
961,50861,1,1,83.27178,0.0,Mobile Phone,1,28.0,Credit Card,Male,3.0,3,Laptop & Accessory,3,Divorced,2,1,15.0,3.0,6.0,7.0,161.79,9,9 - Çok Yüksek Risk,2,İndirim Teklifi,Win-Back Teklifi,True,True,Geçmiş şikâyetin durumu kontrol edilmeli,Empatik Şikâyet Yaklaşımı,True,False,Teklif için onaylı kampanya bilgisi gerekli,82.0,74.0
962,51768,1,1,83.38751,0.0,Phone,2,,COD,Male,2.0,4,Mobile,1,Single,2,0,12.0,0.0,1.0,0.0,125.63999999999999,9,9 - Çok Yüksek Risk,2,İndirim Teklifi,Win-Back Teklifi,True,False,Geçmiş şikâyet işareti yok,Geri Kazanım,True,False,Teklif için onaylı kampanya bilgisi gerekli,82.0,74.0
963,55499,1,1,83.649216,1.0,Phone,3,16.0,Credit Card,Male,3.0,4,Mobile Phone,1,Single,3,0,14.0,1.0,2.0,1.0,135.81,9,9 - Çok Yüksek Risk,2,İndirim Teklifi,Win-Back Teklifi,True,False,Geçmiş şikâyet işareti yok,Geri Kazanım,True,False,Teklif için onaylı kampanya bilgisi gerekli,82.0,74.0
964,54940,1,1,83.82736,15.0,Mobile Phone,1,11.0,Debit Card,Male,3.0,4,Mobile Phone,3,Married,11,1,13.0,1.0,3.0,8.0,149.61,9,9 - Çok Yüksek Risk,2,İndirim Teklifi,Win-Back Teklifi,True,True,Geçmiş şikâyetin durumu kontrol edilmeli,Empatik Şikâyet Yaklaşımı,True,False,Teklif için onaylı kampanya bilgisi gerekli,82.0,74.0
965,52203,1,1,83.946045,7.0,Phone,1,16.0,Debit Card,Male,,3,Mobile,3,Single,2,1,11.0,1.0,1.0,2.0,129.36,9,9 - Çok Yüksek Risk,2,İndirim Teklifi,Win-Back Teklifi,True,True,Geçmiş şikâyetin durumu kontrol edilmeli,Empatik Şikâyet Yaklaşımı,True,False,Teklif için onaylı kampanya bilgisi gerekli,82.0,74.0
966,53937,1,1,84.35387,1.0,Computer,2,15.0,UPI,Female,4.0,5,Mobile Phone,1,Married,8,0,12.0,2.0,2.0,3.0,146.8,9,9 - Çok Yüksek Risk,2,İndirim Teklifi,Win-Back Teklifi,True,False,Geçmiş şikâyet işareti yok,Geri Kazanım,True,False,Teklif için onaylı kampanya bilgisi gerekli,82.0,74.0
967,55407,1,1,84.35387,1.0,Computer,2,15.0,UPI,Female,4.0,5,Mobile Phone,1,Married,8,0,12.0,2.0,2.0,3.0,146.8,9,9 - Çok Yüksek Risk,2,İndirim Teklifi,Win-Back Teklifi,True,False,Geçmiş şikâyet işareti yok,Geri Kazanım,True,False,Teklif için onaylı kampanya bilgisi gerekli,82.0,74.0
968,53707,1,1,84.995094,1.0,Phone,1,15.0,Debit Card,Female,3.0,5,Mobile Phone,4,Single,3,0,13.0,1.0,2.0,1.0,137.61,9,9 - Çok Yüksek Risk,2,İndirim Teklifi,Win-Back Teklifi,True,False,Geçmiş şikâyet işareti yok,Geri Kazanım,True,False,Teklif için onaylı kampanya bilgisi gerekli,82.0,74.0
969,55177,1,1,84.995094,1.0,Phone,1,15.0,Debit Card,Female,3.0,5,Mobile Phone,4,Single,3,0,13.0,1.0,2.0,1.0,137.61,9,9 - Çok Yüksek Risk,2,İndirim Teklifi,Win-Back Teklifi,True,False,Geçmiş şikâyet işareti yok,Geri Kazanım,True,False,Teklif için onaylı kampanya bilgisi gerekli,82.0,74.0
970,54203,1,1,85.01592,1.0,Phone,1,32.0,Debit Card,Male,3.0,6,Mobile Phone,3,Single,3,0,13.0,1.0,2.0,2.0,147.93,9,9 - Çok Yüksek Risk,2,İndirim Teklifi,Win-Back Teklifi,True,False,Geçmiş şikâyet işareti yok,Geri Kazanım,True,False,Teklif için onaylı kampanya bilgisi gerekli,82.0,74.0
971,53487,1,1,85.22245,1.0,Mobile Phone,1,11.0,COD,Male,3.0,4,Mobile Phone,2,Divorced,3,1,16.0,6.0,6.0,7.0,161.91,9,9 - Çok Yüksek Risk,2,İndirim Teklifi,Win-Back Teklifi,True,True,Geçmiş şikâyetin durumu kontrol edilmeli,Empatik Şikâyet Yaklaşımı,True,False,Teklif için onaylı kampanya bilgisi gerekli,82.0,74.0
972,52009,1,1,85.326614,0.0,Phone,1,24.0,UPI,Female,,3,Mobile,1,Single,2,0,19.0,1.0,1.0,0.0,126.93,9,9 - Çok Yüksek Risk,2,İndirim Teklifi,Win-Back Teklifi,True,False,Geçmiş şikâyet işareti yok,Geri Kazanım,True,False,Teklif için onaylı kampanya bilgisi gerekli,82.0,74.0
973,53277,0,1,85.75917,1.0,Computer,1,16.0,Debit Card,Male,3.0,5,Mobile Phone,4,Married,3,0,12.0,2.0,2.0,1.0,151.94,9,9 - Çok Yüksek Risk,2,İndirim Teklifi,Win-Back Teklifi,True,False,Geçmiş şikâyet işareti yok,Geri Kazanım,True,False,Teklif için onaylı kampanya bilgisi gerekli,82.0,74.0
974,53619,1,1,86.092545,8.0,Mobile Phone,1,22.0,Credit Card,Female,4.0,4,Fashion,2,Divorced,3,0,12.0,1.0,2.0,6.0,204.78,9,9 - Çok Yüksek Risk,2,İndirim Teklifi,Win-Back Teklifi,True,False,Geçmiş şikâyet işareti yok,Geri Kazanım,True,False,Teklif için onaylı kampanya bilgisi gerekli,82.0,74.0
975,55018,1,1,86.35385,8.0,Mobile Phone,1,17.0,Debit Card,Male,4.0,4,Mobile Phone,3,Single,3,1,12.0,2.0,2.0,3.0,154.36,9,9 - Çok Yüksek Risk,2,İndirim Teklifi,Win-Back Teklifi,True,True,Geçmiş şikâyetin durumu kontrol edilmeli,Empatik Şikâyet Yaklaşımı,True,False,Teklif için onaylı kampanya bilgisi gerekli,82.0,74.0
976,54425,1,1,86.38694,1.0,Mobile Phone,1,9.0,Debit Card,Male,4.0,4,Mobile Phone,3,Single,4,0,12.0,1.0,2.0,1.0,159.85,9,9 - Çok Yüksek Risk,2,İndirim Teklifi,Win-Back Teklifi,True,False,Geçmiş şikâyet işareti yok,Geri Kazanım,True,False,Teklif için onaylı kampanya bilgisi gerekli,82.0,74.0
977,54400,1,1,86.544426,1.0,Mobile Phone,1,7.0,Debit Card,Male,4.0,5,Mobile Phone,3,Single,2,1,15.0,1.0,2.0,3.0,162.3,9,9 - Çok Yüksek Risk,2,İndirim Teklifi,Win-Back Teklifi,True,True,Geçmiş şikâyetin durumu kontrol edilmeli,Empatik Şikâyet Yaklaşımı,True,False,Teklif için onaylı kampanya bilgisi gerekli,82.0,74.0
978,51346,1,1,86.98332,4.0,Mobile Phone,3,6.0,Debit Card,Female,3.0,3,Laptop & Accessory,1,Single,9,1,11.0,0.0,1.0,5.0,159.93,9,9 - Çok Yüksek Risk,2,İndirim Teklifi,Win-Back Teklifi,True,True,Geçmiş şikâyetin durumu kontrol edilmeli,Empatik Şikâyet Yaklaşımı,True,False,Teklif için onaylı kampanya bilgisi gerekli,82.0,74.0
979,54746,1,1,87.07717,1.0,Phone,1,13.0,Debit Card,Male,4.0,2,Mobile Phone,5,Married,3,1,22.0,1.0,2.0,1.0,141.01,9,9 - Çok Yüksek Risk,2,İndirim Teklifi,Win-Back Teklifi,True,True,Geçmiş şikâyetin durumu kontrol edilmeli,Empatik Şikâyet Yaklaşımı,True,False,Teklif için onaylı kampanya bilgisi gerekli,82.0,74.0
980,54893,1,1,87.08627,1.0,Computer,1,12.0,Credit Card,Female,3.0,4,Mobile Phone,4,Single,2,0,18.0,1.0,2.0,3.0,149.22,9,9 - Çok Yüksek Risk,2,İndirim Teklifi,Win-Back Teklifi,True,False,Geçmiş şikâyet işareti yok,Geri Kazanım,True,False,Teklif için onaylı kampanya bilgisi gerekli,82.0,74.0
981,50193,1,1,87.14402,15.0,Phone,1,14.0,Credit Card,Male,2.0,4,Laptop & Accessory,4,Divorced,3,0,15.0,7.0,7.0,7.0,149.41,9,9 - Çok Yüksek Risk,2,İndirim Teklifi,Win-Back Teklifi,True,False,Geçmiş şikâyet işareti yok,Geri Kazanım,True,False,Teklif için onaylı kampanya bilgisi gerekli,82.0,74.0
982,50576,1,1,87.32517,20.0,Phone,1,,COD,Male,2.0,3,Mobile,3,Single,5,0,24.0,1.0,1.0,0.0,124.78999999999999,9,9 - Çok Yüksek Risk,2,İndirim Teklifi,Win-Back Teklifi,True,False,Geçmiş şikâyet işareti yok,Geri Kazanım,True,False,Teklif için onaylı kampanya bilgisi gerekli,82.0,74.0
983,55244,1,1,88.116974,4.0,Phone,1,16.0,Debit Card,Male,3.0,4,Mobile Phone,5,Single,5,0,15.0,2.0,2.0,1.0,145.18,9,9 - Çok Yüksek Risk,2,İndirim Teklifi,Win-Back Teklifi,True,False,Geçmiş şikâyet işareti yok,Geri Kazanım,True,False,Teklif için onaylı kampanya bilgisi gerekli,82.0,74.0
984,51510,0,1,88.38783,0.0,Computer,1,,CC,Male,3.0,4,Mobile,3,Married,2,1,15.0,0.0,1.0,1.0,125.66,9,9 - Çok Yüksek Risk,2,İndirim Teklifi,Win-Back Teklifi,True,True,Geçmiş şikâyetin durumu kontrol edilmeli,Empatik Şikâyet Yaklaşımı,True,False,Teklif için onaylı kampanya bilgisi gerekli,82.0,74.0
985,50444,1,1,88.46727,18.0,Mobile Phone,1,8.0,Credit Card,Male,3.0,3,Others,5,Divorced,6,1,,1.0,1.0,4.0,298.59,9,9 - Çok Yüksek Risk,2,İndirim Teklifi,Win-Back Teklifi,True,True,Geçmiş şikâyetin durumu kontrol edilmeli,Empatik Şikâyet Yaklaşımı,True,False,Teklif için onaylı kampanya bilgisi gerekli,82.0,74.0
986,53008,1,1,88.503555,16.0,Mobile Phone,1,15.0,Credit Card,Male,3.0,5,Laptop & Accessory,4,Divorced,4,0,16.0,8.0,8.0,8.0,174.41,9,9 - Çok Yüksek Risk,2,İndirim Teklifi,Win-Back Teklifi,True,False,Geçmiş şikâyet işareti yok,Geri Kazanım,True,False,Teklif için onaylı kampanya bilgisi gerekli,82.0,74.0
987,50297,1,1,88.68946,0.0,Phone,1,,COD,Female,3.0,4,Mobile,4,Divorced,6,0,16.0,0.0,1.0,1.0,125.46000000000001,9,9 - Çok Yüksek Risk,2,İndirim Teklifi,Win-Back Teklifi,True,False,Geçmiş şikâyet işareti yok,Geri Kazanım,True,False,Teklif için onaylı kampanya bilgisi gerekli,82.0,74.0
988,54378,1,1,88.80417,1.0,Phone,1,7.0,COD,Male,3.0,4,Mobile Phone,3,Single,2,0,15.0,1.0,2.0,6.0,145.58,9,9 - Çok Yüksek Risk,2,İndirim Teklifi,Win-Back Teklifi,True,False,Geçmiş şikâyet işareti yok,Geri Kazanım,True,False,Teklif için onaylı kampanya bilgisi gerekli,82.0,74.0
989,51328,1,1,89.203514,13.0,Computer,3,6.0,Debit Card,Male,3.0,3,Laptop & Accessory,3,Married,8,0,12.0,1.0,1.0,1.0,167.28,9,9 - Çok Yüksek Risk,2,İndirim Teklifi,Win-Back Teklifi,True,False,Geçmiş şikâyet işareti yok,Geri Kazanım,True,False,Teklif için onaylı kampanya bilgisi gerekli,82.0,74.0
990,54817,1,1,89.30161,1.0,Mobile Phone,1,32.0,Debit Card,Male,3.0,4,Mobile Phone,1,Single,3,1,25.0,1.0,2.0,2.0,152.95,9,9 - Çok Yüksek Risk,2,İndirim Teklifi,Win-Back Teklifi,True,True,Geçmiş şikâyetin durumu kontrol edilmeli,Empatik Şikâyet Yaklaşımı,True,False,Teklif için onaylı kampanya bilgisi gerekli,82.0,74.0
991,54756,1,1,89.43987,21.0,Mobile Phone,1,9.0,Debit Card,Male,3.0,4,Others,4,Single,9,1,,8.0,14.0,9.0,317.46,9,9 - Çok Yüksek Risk,2,İndirim Teklifi,Win-Back Teklifi,True,True,Geçmiş şikâyetin durumu kontrol edilmeli,Empatik Şikâyet Yaklaşımı,True,False,Teklif için onaylı kampanya bilgisi gerekli,82.0,74.0
992,52184,1,1,89.486,5.0,Computer,3,18.0,Debit Card,Male,2.0,3,Grocery,5,Single,1,1,12.0,2.0,,14.0,237.57999999999998,9,9 - Çok Yüksek Risk,2,İndirim Teklifi,Win-Back Teklifi,True,True,Geçmiş şikâyetin durumu kontrol edilmeli,Empatik Şikâyet Yaklaşımı,True,False,Teklif için onaylı kampanya bilgisi gerekli,82.0,74.0
993,50988,1,1,89.64683,1.0,Phone,1,8.0,Credit Card,Male,2.0,3,Laptop & Accessory,4,Married,5,0,11.0,0.0,1.0,4.0,148.55,9,9 - Çok Yüksek Risk,2,İndirim Teklifi,Win-Back Teklifi,True,False,Geçmiş şikâyet işareti yok,Geri Kazanım,True,False,Teklif için onaylı kampanya bilgisi gerekli,82.0,74.0
994,50718,1,1,90.001526,0.0,Phone,1,,Debit Card,Female,3.0,3,Mobile,2,Divorced,2,1,11.0,1.0,1.0,0.0,125.15,9,9 - Çok Yüksek Risk,2,İndirim Teklifi,Win-Back Teklifi,True,True,Geçmiş şikâyetin durumu kontrol edilmeli,Empatik Şikâyet Yaklaşımı,True,False,Teklif için onaylı kampanya bilgisi gerekli,82.0,74.0
995,50484,1,1,90.402374,18.0,Mobile Phone,3,8.0,Credit Card,Male,2.0,3,Laptop & Accessory,2,Single,5,0,16.0,0.0,7.0,3.0,151.6,9,9 - Çok Yüksek Risk,2,İndirim Teklifi,Win-Back Teklifi,True,False,Geçmiş şikâyet işareti yok,Geri Kazanım,True,False,Teklif için onaylı kampanya bilgisi gerekli,82.0,74.0
996,51388,1,1,90.56677,,Phone,1,31.0,Debit Card,Male,2.0,5,Mobile,3,Single,2,0,12.0,0.0,1.0,1.0,122.93,9,9 - Çok Yüksek Risk,2,İndirim Teklifi,Win-Back Teklifi,True,False,Geçmiş şikâyet işareti yok,Geri Kazanım,True,False,Teklif için onaylı kampanya bilgisi gerekli,82.0,74.0
997,53112,1,1,91.15965,1.0,Mobile Phone,1,32.0,COD,Female,4.0,5,Mobile Phone,4,Divorced,7,0,17.0,1.0,2.0,2.0,150.46,9,9 - Çok Yüksek Risk,2,İndirim Teklifi,Win-Back Teklifi,True,False,Geçmiş şikâyet işareti yok,Geri Kazanım,True,False,Teklif için onaylı kampanya bilgisi gerekli,82.0,74.0
998,50471,1,1,91.37215,20.0,Mobile Phone,1,8.0,Debit Card,Male,2.0,3,Others,4,Single,8,1,,5.0,13.0,8.0,292.46,9,9 - Çok Yüksek Risk,2,İndirim Teklifi,Win-Back Teklifi,True,True,Geçmiş şikâyetin durumu kontrol edilmeli,Empatik Şikâyet Yaklaşımı,True,False,Teklif için onaylı kampanya bilgisi gerekli,82.0,74.0
999,53299,1,1,91.674385,19.0,Mobile Phone,3,9.0,Credit Card,Male,3.0,4,Laptop & Accessory,2,Single,6,0,17.0,1.0,8.0,4.0,176.6,9,9 - Çok Yüksek Risk,2,İndirim Teklifi,Win-Back Teklifi,True,False,Geçmiş şikâyet işareti yok,Geri Kazanım,True,False,Teklif için onaylı kampanya bilgisi gerekli,82.0,74.0
1000,54366,1,1,91.91245,1.0,Mobile Phone,3,34.0,E wallet,Female,3.0,4,Fashion,1,Married,3,0,23.0,1.0,2.0,10.0,201.39,9,9 - Çok Yüksek Risk,2,İndirim Teklifi,Win-Back Teklifi,True,False,Geçmiş şikâyet işareti yok,Geri Kazanım,True,False,Teklif için onaylı kampanya bilgisi gerekli,82.0,74.0
1001,50058,1,1,92.288246,4.0,Phone,3,26.0,E wallet,Female,,3,Mobile,4,Single,2,1,22.0,0.0,1.0,2.0,131.4,9,9 - Çok Yüksek Risk,2,İndirim Teklifi,Win-Back Teklifi,True,True,Geçmiş şikâyetin durumu kontrol edilmeli,Empatik Şikâyet Yaklaşımı,True,False,Teklif için onaylı kampanya bilgisi gerekli,82.0,74.0
1002,51528,1,1,92.288246,4.0,Phone,3,26.0,E wallet,Female,,3,Mobile,4,Single,2,1,22.0,0.0,1.0,2.0,131.4,9,9 - Çok Yüksek Risk,2,İndirim Teklifi,Win-Back Teklifi,True,True,Geçmiş şikâyetin durumu kontrol edilmeli,Empatik Şikâyet Yaklaşımı,True,False,Teklif için onaylı kampanya bilgisi gerekli,82.0,74.0
1003,52550,1,1,92.703896,11.0,Computer,3,,CC,Female,3.0,3,Mobile,3,Married,3,1,11.0,1.0,7.0,7.0,126.55000000000001,9,9 - Çok Yüksek Risk,2,İndirim Teklifi,Win-Back Teklifi,True,True,Geçmiş şikâyetin durumu kontrol edilmeli,Empatik Şikâyet Yaklaşımı,True,False,Teklif için onaylı kampanya bilgisi gerekli,82.0,74.0
1004,53259,1,1,92.90434,19.0,Mobile Phone,1,9.0,Credit Card,Male,4.0,4,Others,5,Divorced,7,1,14.0,2.0,2.0,5.0,323.59,9,9 - Çok Yüksek Risk,2,İndirim Teklifi,Win-Back Teklifi,True,True,Geçmiş şikâyetin durumu kontrol edilmeli,Empatik Şikâyet Yaklaşımı,True,False,Teklif için onaylı kampanya bilgisi gerekli,82.0,74.0
1005,52827,1,1,92.97849,12.0,Mobile Phone,1,7.0,Debit Card,Male,4.0,5,Fashion,3,Single,11,1,14.0,1.0,2.0,1.0,178.81,9,9 - Çok Yüksek Risk,2,İndirim Teklifi,Win-Back Teklifi,True,True,Geçmiş şikâyetin durumu kontrol edilmeli,Empatik Şikâyet Yaklaşımı,True,False,Teklif için onaylı kampanya bilgisi gerekli,82.0,74.0
1006,51214,1,1,93.001854,0.0,Mobile Phone,3,15.0,Credit Card,Male,2.0,3,Mobile Phone,1,Single,2,0,13.0,0.0,1.0,0.0,110.81,9,9 - Çok Yüksek Risk,2,İndirim Teklifi,Win-Back Teklifi,True,False,Geçmiş şikâyet işareti yok,Geri Kazanım,True,False,Teklif için onaylı kampanya bilgisi gerekli,82.0,74.0
1007,55182,1,1,93.056725,1.0,Mobile Phone,3,16.0,Debit Card,Male,4.0,5,Mobile Phone,5,Married,5,0,13.0,3.0,3.0,3.0,169.0,9,9 - Çok Yüksek Risk,2,İndirim Teklifi,Win-Back Teklifi,True,False,Geçmiş şikâyet işareti yok,Geri Kazanım,True,False,Teklif için onaylı kampanya bilgisi gerekli,82.0,74.0
1008,53797,1,1,93.38857,1.0,Mobile Phone,3,7.0,Debit Card,Male,4.0,5,Laptop & Accessory,5,Married,3,0,12.0,4.0,7.0,,222.14,9,9 - Çok Yüksek Risk,2,İndirim Teklifi,Win-Back Teklifi,True,False,Geçmiş şikâyet işareti yok,Geri Kazanım,True,False,Teklif için onaylı kampanya bilgisi gerekli,82.0,74.0
1009,54215,0,1,93.54533,1.0,Mobile Phone,3,30.0,E wallet,Female,3.0,5,Laptop & Accessory,1,Married,9,1,20.0,1.0,2.0,1.0,166.57,9,9 - Çok Yüksek Risk,2,İndirim Teklifi,Win-Back Teklifi,True,True,Geçmiş şikâyetin durumu kontrol edilmeli,Empatik Şikâyet Yaklaşımı,True,False,Teklif için onaylı kampanya bilgisi gerekli,82.0,74.0
1010,54953,1,1,93.58813,1.0,Computer,1,36.0,Credit Card,Female,3.0,5,Laptop & Accessory,3,Single,3,0,23.0,3.0,4.0,9.0,170.08,9,9 - Çok Yüksek Risk,2,İndirim Teklifi,Win-Back Teklifi,True,False,Geçmiş şikâyet işareti yok,Geri Kazanım,True,False,Teklif için onaylı kampanya bilgisi gerekli,82.0,74.0
1011,55332,1,1,93.64549,4.0,Phone,1,14.0,Debit Card,Male,4.0,4,Mobile Phone,5,Single,5,1,15.0,1.0,2.0,4.0,146.66,9,9 - Çok Yüksek Risk,2,İndirim Teklifi,Win-Back Teklifi,True,True,Geçmiş şikâyetin durumu kontrol edilmeli,Empatik Şikâyet Yaklaşımı,True,False,Teklif için onaylı kampanya bilgisi gerekli,82.0,74.0
1012,53305,1,1,93.707344,1.0,Computer,1,12.0,Credit Card,Female,3.0,5,Mobile Phone,3,Divorced,3,1,15.0,1.0,2.0,8.0,148.66,9,9 - Çok Yüksek Risk,2,İndirim Teklifi,Win-Back Teklifi,True,True,Geçmiş şikâyetin durumu kontrol edilmeli,Empatik Şikâyet Yaklaşımı,True,False,Teklif için onaylı kampanya bilgisi gerekli,82.0,74.0
1013,52006,1,1,93.77693,20.0,Computer,1,,Debit Card,Male,2.0,4,Mobile,1,Married,10,1,14.0,1.0,1.0,0.0,123.80000000000001,10,10 - Kritik Risk,1,Win-Back Teklifi,Win-Back Teklifi,True,True,Geçmiş şikâyetin durumu kontrol edilmeli,Empatik Şikâyet Yaklaşımı,True,False,Teklif için onaylı kampanya bilgisi gerekli,88.0,88.0
1014,50162,1,1,93.85552,7.0,Computer,1,30.0,Debit Card,Male,,3,Mobile,3,Married,4,1,22.0,0.0,1.0,0.0,131.61,10,10 - Kritik Risk,1,Win-Back Teklifi,Win-Back Teklifi,True,True,Geçmiş şikâyetin durumu kontrol edilmeli,Empatik Şikâyet Yaklaşımı,True,False,Teklif için onaylı kampanya bilgisi gerekli,88.0,88.0
1015,55473,1,1,93.87318,1.0,Mobile Phone,2,25.0,UPI,Male,3.0,2,Mobile Phone,5,Married,2,0,18.0,2.0,2.0,1.0,154.56,10,10 - Kritik Risk,1,Win-Back Teklifi,Win-Back Teklifi,True,False,Geçmiş şikâyet işareti yok,Geri Kazanım,True,False,Teklif için onaylı kampanya bilgisi gerekli,88.0,88.0
1016,52569,1,1,93.93729,10.0,Computer,3,15.0,Debit Card,Male,2.0,5,Grocery,3,Married,8,0,11.0,6.0,14.0,,229.36,10,10 - Kritik Risk,1,Win-Back Teklifi,Win-Back Teklifi,True,False,Geçmiş şikâyet işareti yok,Geri Kazanım,True,False,Teklif için onaylı kampanya bilgisi gerekli,88.0,88.0
1017,50355,1,1,94.00904,0.0,Computer,1,13.0,Debit Card,Female,,3,Mobile,3,Divorced,2,1,16.0,0.0,1.0,2.0,128.86,10,10 - Kritik Risk,1,Win-Back Teklifi,Win-Back Teklifi,True,True,Geçmiş şikâyetin durumu kontrol edilmeli,Empatik Şikâyet Yaklaşımı,True,False,Teklif için onaylı kampanya bilgisi gerekli,88.0,88.0
1018,54962,1,1,94.17622,14.0,Computer,3,7.0,UPI,Male,3.0,4,Laptop & Accessory,3,Single,5,1,15.0,2.0,2.0,1.0,172.28,10,10 - Kritik Risk,1,Win-Back Teklifi,Win-Back Teklifi,True,True,Geçmiş şikâyetin durumu kontrol edilmeli,Empatik Şikâyet Yaklaşımı,True,False,Teklif için onaylı kampanya bilgisi gerekli,88.0,88.0
1019,51318,1,1,94.31499,0.0,Phone,1,6.0,Credit Card,Male,2.0,3,Mobile Phone,1,Married,10,1,14.0,2.0,2.0,2.0,147.87,10,10 - Kritik Risk,1,Win-Back Teklifi,Win-Back Teklifi,True,True,Geçmiş şikâyetin durumu kontrol edilmeli,Empatik Şikâyet Yaklaşımı,True,False,Teklif için onaylı kampanya bilgisi gerekli,88.0,88.0
1020,50258,1,1,94.33619,0.0,Computer,1,9.0,COD,Male,,3,Mobile,5,Single,1,0,22.0,0.0,1.0,4.0,131.02,10,10 - Kritik Risk,1,Win-Back Teklifi,Win-Back Teklifi,True,False,Geçmiş şikâyet işareti yok,Geri Kazanım,True,False,Teklif için onaylı kampanya bilgisi gerekli,88.0,88.0
1021,51728,1,1,94.33619,0.0,Computer,1,9.0,COD,Male,,3,Mobile,5,Single,1,0,22.0,0.0,1.0,4.0,131.02,10,10 - Kritik Risk,1,Win-Back Teklifi,Win-Back Teklifi,True,False,Geçmiş şikâyet işareti yok,Geri Kazanım,True,False,Teklif için onaylı kampanya bilgisi gerekli,88.0,88.0
1022,52123,1,1,94.36233,,Mobile Phone,1,16.0,Debit Card,Female,2.0,4,Mobile Phone,5,Single,2,0,13.0,0.0,1.0,0.0,114.16,10,10 - Kritik Risk,1,Win-Back Teklifi,Win-Back Teklifi,True,False,Geçmiş şikâyet işareti yok,Geri Kazanım,True,False,Teklif için onaylı kampanya bilgisi gerekli,88.0,88.0
1023,50474,1,1,94.45722,0.0,Phone,1,8.0,Credit Card,Male,2.0,3,Mobile Phone,3,Single,7,0,17.0,0.0,2.0,1.0,143.82,10,10 - Kritik Risk,1,Win-Back Teklifi,Win-Back Teklifi,True,False,Geçmiş şikâyet işareti yok,Geri Kazanım,True,False,Teklif için onaylı kampanya bilgisi gerekli,88.0,88.0
1024,52788,1,1,94.565735,0.0,Phone,1,7.0,Credit Card,Male,2.0,3,Mobile Phone,1,Married,10,1,14.0,2.0,2.0,2.0,147.87,10,10 - Kritik Risk,1,Win-Back Teklifi,Win-Back Teklifi,True,True,Geçmiş şikâyetin durumu kontrol edilmeli,Empatik Şikâyet Yaklaşımı,True,False,Teklif için onaylı kampanya bilgisi gerekli,88.0,88.0
1025,52741,1,1,94.67105,0.0,Computer,3,32.0,E wallet,Male,3.0,3,Laptop & Accessory,1,Married,2,1,11.0,0.0,1.0,8.0,156.17,10,10 - Kritik Risk,1,Win-Back Teklifi,Win-Back Teklifi,True,True,Geçmiş şikâyetin durumu kontrol edilmeli,Empatik Şikâyet Yaklaşımı,True,False,Teklif için onaylı kampanya bilgisi gerekli,88.0,88.0
1026,55622,1,1,94.78825,14.0,Mobile Phone,3,35.0,E wallet,Male,3.0,5,Fashion,5,Married,6,1,14.0,3.0,,1.0,233.54000000000002,10,10 - Kritik Risk,1,Win-Back Teklifi,Win-Back Teklifi,True,True,Geçmiş şikâyetin durumu kontrol edilmeli,Empatik Şikâyet Yaklaşımı,True,False,Teklif için onaylı kampanya bilgisi gerekli,88.0,88.0
1027,50014,1,1,94.83946,0.0,Phone,1,15.0,CC,Male,3.0,4,Mobile,3,Divorced,1,1,17.0,0.0,1.0,0.0,133.88,10,10 - Kritik Risk,1,Win-Back Teklifi,Win-Back Teklifi,True,True,Geçmiş şikâyetin durumu kontrol edilmeli,Empatik Şikâyet Yaklaşımı,True,False,Teklif için onaylı kampanya bilgisi gerekli,88.0,88.0
1028,54910,1,1,94.90914,16.0,Mobile Phone,3,9.0,E wallet,Female,3.0,6,Others,1,Married,3,0,16.0,4.0,7.0,10.0,323.45,10,10 - Kritik Risk,1,Win-Back Teklifi,Win-Back Teklifi,True,False,Geçmiş şikâyet işareti yok,Geri Kazanım,True,False,Teklif için onaylı kampanya bilgisi gerekli,88.0,88.0
1029,55314,1,1,95.022446,1.0,Computer,3,10.0,Credit Card,Female,4.0,4,Mobile Phone,1,Single,3,1,13.0,2.0,2.0,1.0,140.69,10,10 - Kritik Risk,1,Win-Back Teklifi,Win-Back Teklifi,True,True,Geçmiş şikâyetin durumu kontrol edilmeli,Empatik Şikâyet Yaklaşımı,True,False,Teklif için onaylı kampanya bilgisi gerekli,88.0,88.0
1030,50140,1,1,95.198586,0.0,Phone,1,8.0,Debit Card,Male,3.0,3,Mobile,3,Single,3,0,11.0,1.0,1.0,0.0,134.85,10,10 - Kritik Risk,1,Win-Back Teklifi,Win-Back Teklifi,True,False,Geçmiş şikâyet işareti yok,Geri Kazanım,True,False,Teklif için onaylı kampanya bilgisi gerekli,88.0,88.0
1031,50768,1,1,95.21295,,Computer,1,16.0,CC,Female,3.0,4,Mobile Phone,4,Single,2,1,25.0,1.0,1.0,0.0,118.59,10,10 - Kritik Risk,1,Win-Back Teklifi,Win-Back Teklifi,True,True,Geçmiş şikâyetin durumu kontrol edilmeli,Empatik Şikâyet Yaklaşımı,True,False,Teklif için onaylı kampanya bilgisi gerekli,88.0,88.0
1032,51673,1,1,95.5306,2.0,Mobile Phone,3,9.0,Credit Card,Female,2.0,3,Laptop & Accessory,3,Married,5,1,18.0,1.0,1.0,0.0,152.38,10,10 - Kritik Risk,1,Win-Back Teklifi,Win-Back Teklifi,True,True,Geçmiş şikâyetin durumu kontrol edilmeli,Empatik Şikâyet Yaklaşımı,True,False,Teklif için onaylı kampanya bilgisi gerekli,88.0,88.0
1033,50013,1,1,95.535736,0.0,Phone,1,11.0,COD,Male,2.0,3,Mobile,3,Single,2,1,13.0,2.0,2.0,2.0,134.41,10,10 - Kritik Risk,1,Win-Back Teklifi,Win-Back Teklifi,True,True,Geçmiş şikâyetin durumu kontrol edilmeli,Empatik Şikâyet Yaklaşımı,True,False,Teklif için onaylı kampanya bilgisi gerekli,88.0,88.0
1034,50244,1,1,95.60787,3.0,Mobile Phone,3,28.0,E wallet,Male,3.0,4,Laptop & Accessory,3,Divorced,3,1,12.0,1.0,1.0,0.0,163.8,10,10 - Kritik Risk,1,Win-Back Teklifi,Win-Back Teklifi,True,True,Geçmiş şikâyetin durumu kontrol edilmeli,Empatik Şikâyet Yaklaşımı,True,False,Teklif için onaylı kampanya bilgisi gerekli,88.0,88.0
1035,50655,1,1,95.763954,14.0,Phone,1,,Debit Card,Male,2.0,3,Mobile,3,Divorced,10,1,12.0,1.0,2.0,7.0,124.61000000000001,10,10 - Kritik Risk,1,Win-Back Teklifi,Win-Back Teklifi,True,True,Geçmiş şikâyetin durumu kontrol edilmeli,Empatik Şikâyet Yaklaşımı,True,False,Teklif için onaylı kampanya bilgisi gerekli,88.0,88.0
1036,50536,1,1,95.77157,20.0,Computer,1,,Debit Card,Male,2.0,4,Mobile,2,Married,10,1,14.0,0.0,1.0,0.0,123.80000000000001,10,10 - Kritik Risk,1,Win-Back Teklifi,Win-Back Teklifi,True,True,Geçmiş şikâyetin durumu kontrol edilmeli,Empatik Şikâyet Yaklaşımı,True,False,Teklif için onaylı kampanya bilgisi gerekli,88.0,88.0
1037,52159,1,1,95.77343,2.0,Computer,1,8.0,Debit Card,Male,2.0,3,Grocery,1,Married,8,0,11.0,10.0,11.0,,221.69,10,10 - Kritik Risk,1,Win-Back Teklifi,Win-Back Teklifi,True,False,Geçmiş şikâyet işareti yok,Geri Kazanım,True,False,Teklif için onaylı kampanya bilgisi gerekli,88.0,88.0
1038,55217,1,1,95.81179,1.0,Computer,3,8.0,COD,Male,4.0,4,Mobile Phone,3,Married,5,0,16.0,2.0,2.0,3.0,154.09,10,10 - Kritik Risk,1,Win-Back Teklifi,Win-Back Teklifi,True,False,Geçmiş şikâyet işareti yok,Geri Kazanım,True,False,Teklif için onaylı kampanya bilgisi gerekli,88.0,88.0
1039,53676,1,1,95.84564,1.0,Mobile Phone,1,29.0,Credit Card,Male,4.0,4,Laptop & Accessory,3,Divorced,3,1,16.0,4.0,7.0,8.0,186.79,10,10 - Kritik Risk,1,Win-Back Teklifi,Win-Back Teklifi,True,True,Geçmiş şikâyetin durumu kontrol edilmeli,Empatik Şikâyet Yaklaşımı,True,False,Teklif için onaylı kampanya bilgisi gerekli,88.0,88.0
1040,54913,1,1,95.87404,1.0,Mobile Phone,1,23.0,Debit Card,Female,3.0,2,Mobile Phone,5,Single,3,0,17.0,4.0,16.0,15.0,152.43,10,10 - Kritik Risk,1,Win-Back Teklifi,Win-Back Teklifi,True,False,Geçmiş şikâyet işareti yok,Geri Kazanım,True,False,Teklif için onaylı kampanya bilgisi gerekli,88.0,88.0
1041,52456,1,1,96.09281,,Phone,1,8.0,Debit Card,Female,3.0,3,Mobile,5,Married,2,1,12.0,1.0,1.0,0.0,120.74000000000001,10,10 - Kritik Risk,1,Win-Back Teklifi,Win-Back Teklifi,True,True,Geçmiş şikâyetin durumu kontrol edilmeli,Empatik Şikâyet Yaklaşımı,True,False,Teklif için onaylı kampanya bilgisi gerekli,88.0,88.0
1042,52977,1,1,96.0978,8.0,Computer,1,31.0,Debit Card,Male,3.0,4,Mobile Phone,3,Married,5,1,23.0,1.0,2.0,1.0,156.61,10,10 - Kritik Risk,1,Win-Back Teklifi,Win-Back Teklifi,True,True,Geçmiş şikâyetin durumu kontrol edilmeli,Empatik Şikâyet Yaklaşımı,True,False,Teklif için onaylı kampanya bilgisi gerekli,88.0,88.0
1043,51173,1,1,96.11496,,Phone,2,26.0,CC,Female,3.0,3,Mobile,4,Married,1,1,11.0,0.0,1.0,4.0,121.47999999999999,10,10 - Kritik Risk,1,Win-Back Teklifi,Win-Back Teklifi,True,True,Geçmiş şikâyetin durumu kontrol edilmeli,Empatik Şikâyet Yaklaşımı,True,False,Teklif için onaylı kampanya bilgisi gerekli,88.0,88.0
1044,52920,1,1,96.13713,1.0,Phone,1,25.0,Credit Card,Male,3.0,5,Mobile Phone,2,Single,3,1,14.0,1.0,2.0,2.0,148.89,10,10 - Kritik Risk,1,Win-Back Teklifi,Win-Back Teklifi,True,True,Geçmiş şikâyetin durumu kontrol edilmeli,Empatik Şikâyet Yaklaşımı,True,False,Teklif için onaylı kampanya bilgisi gerekli,88.0,88.0
1045,55271,1,1,96.23124,1.0,Phone,1,9.0,Debit Card,Female,4.0,4,Mobile Phone,5,Married,3,1,13.0,2.0,2.0,1.0,145.74,10,10 - Kritik Risk,1,Win-Back Teklifi,Win-Back Teklifi,True,True,Geçmiş şikâyetin durumu kontrol edilmeli,Empatik Şikâyet Yaklaşımı,True,False,Teklif için onaylı kampanya bilgisi gerekli,88.0,88.0
1046,53276,1,1,96.238014,1.0,Phone,1,13.0,Debit Card,Male,4.0,2,Mobile Phone,5,Divorced,3,1,22.0,2.0,2.0,1.0,141.01,10,10 - Kritik Risk,1,Win-Back Teklifi,Win-Back Teklifi,True,True,Geçmiş şikâyetin durumu kontrol edilmeli,Empatik Şikâyet Yaklaşımı,True,False,Teklif için onaylı kampanya bilgisi gerekli,88.0,88.0
1047,52835,1,1,96.25292,20.0,Mobile Phone,1,21.0,Debit Card,Female,4.0,4,Mobile Phone,4,Divorced,11,1,19.0,2.0,5.0,4.0,174.63,10,10 - Kritik Risk,1,Win-Back Teklifi,Win-Back Teklifi,True,True,Geçmiş şikâyetin durumu kontrol edilmeli,Empatik Şikâyet Yaklaşımı,True,False,Teklif için onaylı kampanya bilgisi gerekli,88.0,88.0
1048,52950,1,1,96.30996,1.0,Computer,1,36.0,Credit Card,Male,4.0,5,Mobile Phone,4,Single,2,0,12.0,2.0,2.0,5.0,159.79,10,10 - Kritik Risk,1,Win-Back Teklifi,Win-Back Teklifi,True,False,Geçmiş şikâyet işareti yok,Geri Kazanım,True,False,Teklif için onaylı kampanya bilgisi gerekli,88.0,88.0
1049,50461,1,1,96.36963,,Mobile Phone,1,12.0,Debit Card,Male,3.0,1,Mobile Phone,5,Divorced,2,1,21.0,1.0,1.0,0.0,116.00999999999999,10,10 - Kritik Risk,1,Win-Back Teklifi,Win-Back Teklifi,True,True,Geçmiş şikâyetin durumu kontrol edilmeli,Empatik Şikâyet Yaklaşımı,True,False,Teklif için onaylı kampanya bilgisi gerekli,88.0,88.0
1050,50512,1,1,96.38585,,Computer,1,31.0,Debit Card,Female,3.0,3,Mobile,4,Married,2,1,19.0,0.0,7.0,8.0,120.22,10,10 - Kritik Risk,1,Win-Back Teklifi,Win-Back Teklifi,True,True,Geçmiş şikâyetin durumu kontrol edilmeli,Empatik Şikâyet Yaklaşımı,True,False,Teklif için onaylı kampanya bilgisi gerekli,88.0,88.0
1051,54454,1,1,96.474495,1.0,Mobile Phone,3,11.0,E wallet,Male,3.0,5,Laptop & Accessory,1,Single,3,1,13.0,5.0,8.0,5.0,183.28,10,10 - Kritik Risk,1,Win-Back Teklifi,Win-Back Teklifi,True,True,Geçmiş şikâyetin durumu kontrol edilmeli,Empatik Şikâyet Yaklaşımı,True,False,Teklif için onaylı kampanya bilgisi gerekli,88.0,88.0
1052,53727,1,1,96.4927,1.0,Computer,1,9.0,Debit Card,Male,4.0,4,Mobile Phone,1,Divorced,8,1,14.0,3.0,3.0,3.0,162.22,10,10 - Kritik Risk,1,Win-Back Teklifi,Win-Back Teklifi,True,True,Geçmiş şikâyetin durumu kontrol edilmeli,Empatik Şikâyet Yaklaşımı,True,False,Teklif için onaylı kampanya bilgisi gerekli,88.0,88.0
1053,55451,1,1,96.51782,1.0,Computer,1,16.0,Debit Card,Male,4.0,4,Laptop & Accessory,5,Married,6,0,18.0,1.0,2.0,8.0,178.46,10,10 - Kritik Risk,1,Win-Back Teklifi,Win-Back Teklifi,True,False,Geçmiş şikâyet işareti yok,Geri Kazanım,True,False,Teklif için onaylı kampanya bilgisi gerekli,88.0,88.0
1054,52098,1,1,96.84569,0.0,Phone,1,22.0,Debit Card,Female,,1,Mobile,5,Single,2,0,16.0,3.0,15.0,14.0,127.43,10,10 - Kritik Risk,1,Win-Back Teklifi,Win-Back Teklifi,True,False,Geçmiş şikâyet işareti yok,Geri Kazanım,True,False,Teklif için onaylı kampanya bilgisi gerekli,88.0,88.0
1055,54365,1,1,96.976715,2.0,Mobile Phone,1,36.0,Credit Card,Male,4.0,4,Laptop & Accessory,5,Married,9,1,20.0,2.0,2.0,1.0,191.73,10,10 - Kritik Risk,1,Win-Back Teklifi,Win-Back Teklifi,True,True,Geçmiş şikâyetin durumu kontrol edilmeli,Empatik Şikâyet Yaklaşımı,True,False,Teklif için onaylı kampanya bilgisi gerekli,88.0,88.0
1056,52015,1,1,97.190125,2.0,Phone,1,,CC,Male,3.0,3,Mobile,5,Married,8,1,21.0,1.0,2.0,2.0,124.03999999999999,10,10 - Kritik Risk,1,Win-Back Teklifi,Win-Back Teklifi,True,True,Geçmiş şikâyetin durumu kontrol edilmeli,Empatik Şikâyet Yaklaşımı,True,False,Teklif için onaylı kampanya bilgisi gerekli,88.0,88.0
1057,51043,1,1,97.252884,0.0,Mobile Phone,3,21.0,Credit Card,Male,2.0,5,Laptop & Accessory,1,Married,7,1,14.0,1.0,2.0,2.0,154.4,10,10 - Kritik Risk,1,Win-Back Teklifi,Win-Back Teklifi,True,True,Geçmiş şikâyetin durumu kontrol edilmeli,Empatik Şikâyet Yaklaşımı,True,False,Teklif için onaylı kampanya bilgisi gerekli,88.0,88.0
1058,50080,1,1,97.29548,1.0,Mobile Phone,1,35.0,Credit Card,Male,3.0,3,Laptop & Accessory,5,Divorced,8,1,19.0,0.0,1.0,0.0,166.73,10,10 - Kritik Risk,1,Win-Back Teklifi,Win-Back Teklifi,True,True,Geçmiş şikâyetin durumu kontrol edilmeli,Empatik Şikâyet Yaklaşımı,True,False,Teklif için onaylı kampanya bilgisi gerekli,88.0,88.0
1059,50959,1,1,97.34667,,Mobile Phone,1,15.0,Debit Card,Male,2.0,3,Mobile,5,Single,4,0,14.0,1.0,1.0,0.0,120.18,10,10 - Kritik Risk,1,Win-Back Teklifi,Win-Back Teklifi,True,False,Geçmiş şikâyet işareti yok,Geri Kazanım,True,False,Teklif için onaylı kampanya bilgisi gerekli,88.0,88.0
1060,52617,1,1,97.39144,0.0,Phone,3,13.0,E wallet,Male,,3,Mobile,4,Single,2,0,13.0,0.0,1.0,0.0,126.78999999999999,10,10 - Kritik Risk,1,Win-Back Teklifi,Win-Back Teklifi,True,False,Geçmiş şikâyet işareti yok,Geri Kazanım,True,False,Teklif için onaylı kampanya bilgisi gerekli,88.0,88.0
1061,50569,1,1,97.503006,0.0,Mobile Phone,3,9.0,Debit Card,Male,2.0,4,Fashion,2,Divorced,2,1,11.0,3.0,3.0,7.0,203.25,10,10 - Kritik Risk,1,Win-Back Teklifi,Win-Back Teklifi,True,True,Geçmiş şikâyetin durumu kontrol edilmeli,Empatik Şikâyet Yaklaşımı,True,False,Teklif için onaylı kampanya bilgisi gerekli,88.0,88.0
1062,53527,1,1,97.614525,1.0,Mobile Phone,3,30.0,Debit Card,Female,3.0,5,Fashion,5,Divorced,3,0,14.0,1.0,4.0,11.0,198.36,10,10 - Kritik Risk,1,Win-Back Teklifi,Win-Back Teklifi,True,False,Geçmiş şikâyet işareti yok,Geri Kazanım,True,False,Teklif için onaylı kampanya bilgisi gerekli,88.0,88.0
1063,52721,1,1,97.772316,0.0,Computer,1,,Debit Card,Female,2.0,1,Mobile,3,Single,4,1,14.0,0.0,1.0,3.0,124.32,10,10 - Kritik Risk,1,Win-Back Teklifi,Win-Back Teklifi,True,True,Geçmiş şikâyetin durumu kontrol edilmeli,Empatik Şikâyet Yaklaşımı,True,False,Teklif için onaylı kampanya bilgisi gerekli,88.0,88.0
1064,52513,1,1,97.90697,0.0,Mobile Phone,3,21.0,Credit Card,Male,2.0,5,Laptop & Accessory,1,Married,7,1,14.0,0.0,2.0,2.0,154.4,10,10 - Kritik Risk,1,Win-Back Teklifi,Win-Back Teklifi,True,True,Geçmiş şikâyetin durumu kontrol edilmeli,Empatik Şikâyet Yaklaşımı,True,False,Teklif için onaylı kampanya bilgisi gerekli,88.0,88.0
1065,50582,1,1,97.93545,3.0,Computer,3,30.0,Debit Card,Female,3.0,1,Grocery,4,Single,5,1,16.0,1.0,,0.0,231.94,10,10 - Kritik Risk,1,Win-Back Teklifi,Win-Back Teklifi,True,True,Geçmiş şikâyetin durumu kontrol edilmeli,Empatik Şikâyet Yaklaşımı,True,False,Teklif için onaylı kampanya bilgisi gerekli,88.0,88.0
1066,52052,1,1,97.93545,3.0,Computer,3,30.0,Debit Card,Female,3.0,1,Grocery,4,Single,5,1,16.0,1.0,,0.0,231.94,10,10 - Kritik Risk,1,Win-Back Teklifi,Win-Back Teklifi,True,True,Geçmiş şikâyetin durumu kontrol edilmeli,Empatik Şikâyet Yaklaşımı,True,False,Teklif için onaylı kampanya bilgisi gerekli,88.0,88.0
1067,51157,1,1,97.946266,0.0,Mobile Phone,3,33.0,Debit Card,Male,2.0,3,Laptop & Accessory,1,Single,2,1,18.0,0.0,7.0,7.0,158.13,10,10 - Kritik Risk,1,Win-Back Teklifi,Win-Back Teklifi,True,True,Geçmiş şikâyetin durumu kontrol edilmeli,Empatik Şikâyet Yaklaşımı,True,False,Teklif için onaylı kampanya bilgisi gerekli,88.0,88.0
1068,54182,1,1,97.98305,1.0,Mobile Phone,3,16.0,Debit Card,Male,3.0,5,Mobile Phone,5,Single,9,0,24.0,1.0,2.0,4.0,159.07,10,10 - Kritik Risk,1,Win-Back Teklifi,Win-Back Teklifi,True,False,Geçmiş şikâyet işareti yok,Geri Kazanım,True,False,Teklif için onaylı kampanya bilgisi gerekli,88.0,88.0
1069,53384,1,1,98.0796,1.0,Mobile Phone,3,10.0,Debit Card,Male,3.0,5,Fashion,2,Divorced,3,1,12.0,4.0,4.0,,228.25,10,10 - Kritik Risk,1,Win-Back Teklifi,Win-Back Teklifi,True,True,Geçmiş şikâyetin durumu kontrol edilmeli,Empatik Şikâyet Yaklaşımı,True,False,Teklif için onaylı kampanya bilgisi gerekli,88.0,88.0
1070,51550,1,1,98.11654,1.0,Mobile Phone,1,35.0,Credit Card,Male,3.0,3,Laptop & Accessory,5,Married,8,1,19.0,1.0,1.0,0.0,166.73,10,10 - Kritik Risk,1,Win-Back Teklifi,Win-Back Teklifi,True,True,Geçmiş şikâyetin durumu kontrol edilmeli,Empatik Şikâyet Yaklaşımı,True,False,Teklif için onaylı kampanya bilgisi gerekli,88.0,88.0
1071,53671,1,1,98.1888,1.0,Computer,3,9.0,Debit Card,Female,3.0,5,Mobile Phone,2,Single,9,0,15.0,1.0,2.0,1.0,152.85,10,10 - Kritik Risk,1,Win-Back Teklifi,Win-Back Teklifi,True,False,Geçmiş şikâyet işareti yok,Geri Kazanım,True,False,Teklif için onaylı kampanya bilgisi gerekli,88.0,88.0
1072,54263,1,1,98.29069,1.0,Computer,1,13.0,Debit Card,Female,4.0,5,Mobile Phone,1,Single,3,1,19.0,1.0,2.0,1.0,154.26,10,10 - Kritik Risk,1,Win-Back Teklifi,Win-Back Teklifi,True,True,Geçmiş şikâyetin durumu kontrol edilmeli,Empatik Şikâyet Yaklaşımı,True,False,Teklif için onaylı kampanya bilgisi gerekli,88.0,88.0
1073,53698,1,1,98.30252,1.0,Computer,1,21.0,UPI,Female,3.0,4,Fashion,2,Single,2,1,13.0,3.0,8.0,8.0,200.53,10,10 - Kritik Risk,1,Win-Back Teklifi,Win-Back Teklifi,True,True,Geçmiş şikâyetin durumu kontrol edilmeli,Empatik Şikâyet Yaklaşımı,True,False,Teklif için onaylı kampanya bilgisi gerekli,88.0,88.0
1074,53666,1,1,98.31855,19.0,Mobile Phone,3,20.0,E wallet,Male,3.0,2,Grocery,3,Single,8,1,18.0,,4.0,9.0,261.95,10,10 - Kritik Risk,1,Win-Back Teklifi,Win-Back Teklifi,True,True,Geçmiş şikâyetin durumu kontrol edilmeli,Empatik Şikâyet Yaklaşımı,True,False,Teklif için onaylı kampanya bilgisi gerekli,88.0,88.0
1075,50438,1,1,98.34478,0.0,Phone,1,6.0,UPI,Male,,3,Mobile,2,Single,2,1,13.0,5.0,7.0,8.0,126.86000000000001,10,10 - Kritik Risk,1,Win-Back Teklifi,Win-Back Teklifi,True,True,Geçmiş şikâyetin durumu kontrol edilmeli,Empatik Şikâyet Yaklaşımı,True,False,Teklif için onaylı kampanya bilgisi gerekli,88.0,88.0
1076,52077,1,1,98.35038,0.0,Phone,1,,CC,Female,3.0,4,Mobile,5,Single,2,1,15.0,1.0,1.0,0.0,126.0,10,10 - Kritik Risk,1,Win-Back Teklifi,Win-Back Teklifi,True,True,Geçmiş şikâyetin durumu kontrol edilmeli,Empatik Şikâyet Yaklaşımı,True,False,Teklif için onaylı kampanya bilgisi gerekli,88.0,88.0
1077,51133,1,1,98.364815,0.0,Mobile Phone,3,22.0,E wallet,Male,3.0,3,Fashion,3,Married,3,0,13.0,1.0,1.0,0.0,181.61,10,10 - Kritik Risk,1,Win-Back Teklifi,Win-Back Teklifi,True,False,Geçmiş şikâyet işareti yok,Geri Kazanım,True,False,Teklif için onaylı kampanya bilgisi gerekli,88.0,88.0
1078,50416,1,1,98.40106,,Phone,1,6.0,Debit Card,Female,3.0,5,Mobile,4,Single,8,1,13.0,1.0,3.0,7.0,122.16,10,10 - Kritik Risk,1,Win-Back Teklifi,Win-Back Teklifi,True,True,Geçmiş şikâyetin durumu kontrol edilmeli,Empatik Şikâyet Yaklaşımı,True,False,Teklif için onaylı kampanya bilgisi gerekli,88.0,88.0
1079,53397,1,1,98.4783,4.0,Computer,3,31.0,Debit Card,Female,4.0,2,Grocery,4,Single,6,1,17.0,2.0,,1.0,256.94,10,10 - Kritik Risk,1,Win-Back Teklifi,Win-Back Teklifi,True,True,Geçmiş şikâyetin durumu kontrol edilmeli,Empatik Şikâyet Yaklaşımı,True,False,Teklif için onaylı kampanya bilgisi gerekli,88.0,88.0
1080,55362,1,1,98.57584,1.0,Mobile Phone,1,15.0,Credit Card,Male,4.0,5,Mobile Phone,3,Single,3,1,12.0,2.0,2.0,3.0,164.89,10,10 - Kritik Risk,1,Win-Back Teklifi,Win-Back Teklifi,True,True,Geçmiş şikâyetin durumu kontrol edilmeli,Empatik Şikâyet Yaklaşımı,True,False,Teklif için onaylı kampanya bilgisi gerekli,88.0,88.0
1081,53749,1,1,98.60728,1.0,Mobile Phone,3,31.0,Credit Card,Female,3.0,5,Laptop & Accessory,4,Single,2,1,24.0,3.0,11.0,11.0,170.99,10,10 - Kritik Risk,1,Win-Back Teklifi,Win-Back Teklifi,True,True,Geçmiş şikâyetin durumu kontrol edilmeli,Empatik Şikâyet Yaklaşımı,True,False,Teklif için onaylı kampanya bilgisi gerekli,88.0,88.0
1082,50261,1,1,98.67373,,Computer,1,10.0,COD,Male,2.0,3,Mobile,2,Single,19,1,23.0,1.0,1.0,0.0,122.85,10,10 - Kritik Risk,1,Win-Back Teklifi,Win-Back Teklifi,True,True,Geçmiş şikâyetin durumu kontrol edilmeli,Empatik Şikâyet Yaklaşımı,True,False,Teklif için onaylı kampanya bilgisi gerekli,88.0,88.0
1083,54601,1,1,98.699394,1.0,Computer,2,30.0,UPI,Female,3.0,4,Fashion,5,Married,11,1,16.0,2.0,2.0,,224.5,10,10 - Kritik Risk,1,Win-Back Teklifi,Win-Back Teklifi,True,True,Geçmiş şikâyetin durumu kontrol edilmeli,Empatik Şikâyet Yaklaşımı,True,False,Teklif için onaylı kampanya bilgisi gerekli,88.0,88.0
1084,51012,1,1,98.703995,0.0,Phone,1,,CC,Male,2.0,3,Mobile,4,Married,2,1,17.0,0.0,1.0,0.0,124.08000000000001,10,10 - Kritik Risk,1,Win-Back Teklifi,Win-Back Teklifi,True,True,Geçmiş şikâyetin durumu kontrol edilmeli,Empatik Şikâyet Yaklaşımı,True,False,Teklif için onaylı kampanya bilgisi gerekli,88.0,88.0
1085,52343,1,1,98.73913,0.0,Phone,1,,Debit Card,Female,2.0,3,Mobile,3,Single,2,1,13.0,4.0,7.0,7.0,123.94,10,10 - Kritik Risk,1,Win-Back Teklifi,Win-Back Teklifi,True,True,Geçmiş şikâyetin durumu kontrol edilmeli,Empatik Şikâyet Yaklaşımı,True,False,Teklif için onaylı kampanya bilgisi gerekli,88.0,88.0
1086,54870,1,1,98.78742,1.0,Computer,1,16.0,Credit Card,Male,3.0,5,Mobile Phone,5,Single,2,1,23.0,1.0,2.0,3.0,148.21,10,10 - Kritik Risk,1,Win-Back Teklifi,Win-Back Teklifi,True,True,Geçmiş şikâyetin durumu kontrol edilmeli,Empatik Şikâyet Yaklaşımı,True,False,Teklif için onaylı kampanya bilgisi gerekli,88.0,88.0
1087,54293,1,1,98.78785,1.0,Mobile Phone,3,27.0,Debit Card,Female,4.0,6,Laptop & Accessory,3,Married,5,1,12.0,1.0,3.0,3.0,170.59,10,10 - Kritik Risk,1,Win-Back Teklifi,Win-Back Teklifi,True,True,Geçmiş şikâyetin durumu kontrol edilmeli,Empatik Şikâyet Yaklaşımı,True,False,Teklif için onaylı kampanya bilgisi gerekli,88.0,88.0
1088,52126,1,1,98.82789,0.0,Computer,1,30.0,COD,Male,3.0,4,Fashion,5,Single,2,0,12.0,1.0,1.0,9.0,187.22,10,10 - Kritik Risk,1,Win-Back Teklifi,Win-Back Teklifi,True,False,Geçmiş şikâyet işareti yok,Geri Kazanım,True,False,Teklif için onaylı kampanya bilgisi gerekli,88.0,88.0
1089,52423,1,1,98.95527,0.0,Phone,1,,COD,Male,3.0,4,Mobile,5,Single,7,0,13.0,1.0,1.0,7.0,123.62,10,10 - Kritik Risk,1,Win-Back Teklifi,Win-Back Teklifi,True,False,Geçmiş şikâyet işareti yok,Geri Kazanım,True,False,Teklif için onaylı kampanya bilgisi gerekli,88.0,88.0
1090,52582,1,1,98.95588,0.0,Mobile Phone,3,19.0,E wallet,Male,3.0,4,Laptop & Accessory,5,Married,6,1,13.0,1.0,2.0,2.0,161.34,10,10 - Kritik Risk,1,Win-Back Teklifi,Win-Back Teklifi,True,True,Geçmiş şikâyetin durumu kontrol edilmeli,Empatik Şikâyet Yaklaşımı,True,False,Teklif için onaylı kampanya bilgisi gerekli,88.0,88.0
1091,50199,1,1,98.98819,0.0,Phone,1,8.0,CC,Male,2.0,5,Mobile,2,Divorced,6,1,13.0,2.0,2.0,2.0,134.64,10,10 - Kritik Risk,1,Win-Back Teklifi,Win-Back Teklifi,True,True,Geçmiş şikâyetin durumu kontrol edilmeli,Empatik Şikâyet Yaklaşımı,True,False,Teklif için onaylı kampanya bilgisi gerekli,88.0,88.0
1092,50329,1,1,99.08018,0.0,Computer,2,23.0,Debit Card,Female,,3,Mobile,3,Married,1,1,11.0,0.0,1.0,0.0,127.41,10,10 - Kritik Risk,1,Win-Back Teklifi,Win-Back Teklifi,True,True,Geçmiş şikâyetin durumu kontrol edilmeli,Empatik Şikâyet Yaklaşımı,True,False,Teklif için onaylı kampanya bilgisi gerekli,88.0,88.0
1093,52353,1,1,99.0858,0.0,Computer,1,20.0,UPI,Female,2.0,3,Fashion,1,Single,1,1,12.0,4.0,7.0,7.0,175.53,10,10 - Kritik Risk,1,Win-Back Teklifi,Win-Back Teklifi,True,True,Geçmiş şikâyetin durumu kontrol edilmeli,Empatik Şikâyet Yaklaşımı,True,False,Teklif için onaylı kampanya bilgisi gerekli,88.0,88.0
1094,50808,1,1,99.10844,0.0,Phone,1,13.0,COD,Female,2.0,3,Mobile,3,Married,4,1,13.0,1.0,7.0,7.0,133.39,10,10 - Kritik Risk,1,Win-Back Teklifi,Win-Back Teklifi,True,True,Geçmiş şikâyetin durumu kontrol edilmeli,Empatik Şikâyet Yaklaşımı,True,False,Teklif için onaylı kampanya bilgisi gerekli,88.0,88.0
1095,51457,1,1,99.11991,0.0,Computer,1,13.0,Debit Card,Male,3.0,5,Laptop & Accessory,3,Single,2,1,24.0,1.0,1.0,6.0,160.74,10,10 - Kritik Risk,1,Win-Back Teklifi,Win-Back Teklifi,True,True,Geçmiş şikâyetin durumu kontrol edilmeli,Empatik Şikâyet Yaklaşımı,True,False,Teklif için onaylı kampanya bilgisi gerekli,88.0,88.0
1096,55434,1,1,99.13481,1.0,Phone,1,15.0,Credit Card,Female,4.0,4,Mobile Phone,5,Married,3,1,18.0,1.0,2.0,1.0,148.98,10,10 - Kritik Risk,1,Win-Back Teklifi,Win-Back Teklifi,True,True,Geçmiş şikâyetin durumu kontrol edilmeli,Empatik Şikâyet Yaklaşımı,True,False,Teklif için onaylı kampanya bilgisi gerekli,88.0,88.0
1097,50888,1,1,99.1437,,Computer,3,6.0,Debit Card,Female,2.0,5,Mobile Phone,3,Single,2,0,12.0,1.0,1.0,0.0,113.59,10,10 - Kritik Risk,1,Win-Back Teklifi,Win-Back Teklifi,True,False,Geçmiş şikâyet işareti yok,Geri Kazanım,True,False,Teklif için onaylı kampanya bilgisi gerekli,88.0,88.0
1098,55540,1,1,99.15377,1.0,Computer,2,29.0,UPI,Female,3.0,5,Mobile Phone,4,Married,3,0,13.0,2.0,2.0,1.0,153.63,10,10 - Kritik Risk,1,Win-Back Teklifi,Win-Back Teklifi,True,False,Geçmiş şikâyet işareti yok,Geri Kazanım,True,False,Teklif için onaylı kampanya bilgisi gerekli,88.0,88.0
1099,55107,1,1,99.182205,4.0,Mobile Phone,3,32.0,E wallet,Male,3.0,5,Fashion,4,Single,4,1,13.0,2.0,2.0,,215.94,10,10 - Kritik Risk,1,Win-Back Teklifi,Win-Back Teklifi,True,True,Geçmiş şikâyetin durumu kontrol edilmeli,Empatik Şikâyet Yaklaşımı,True,False,Teklif için onaylı kampanya bilgisi gerekli,88.0,88.0
1100,55398,1,1,99.21406,1.0,Mobile Phone,3,8.0,Debit Card,Male,3.0,6,Laptop & Accessory,4,Single,8,0,16.0,1.0,2.0,1.0,192.35,10,10 - Kritik Risk,1,Win-Back Teklifi,Win-Back Teklifi,True,False,Geçmiş şikâyet işareti yok,Geri Kazanım,True,False,Teklif için onaylı kampanya bilgisi gerekli,88.0,88.0
1101,54806,1,1,99.221535,1.0,Mobile Phone,3,7.0,Credit Card,Female,3.0,5,Mobile Phone,3,Married,8,1,20.0,2.0,2.0,3.0,153.0,10,10 - Kritik Risk,1,Win-Back Teklifi,Win-Back Teklifi,True,True,Geçmiş şikâyetin durumu kontrol edilmeli,Empatik Şikâyet Yaklaşımı,True,False,Teklif için onaylı kampanya bilgisi gerekli,88.0,88.0
1102,50607,1,1,99.28974,0.0,Phone,1,,CC,Female,3.0,4,Mobile,5,Single,2,1,15.0,0.0,1.0,0.0,126.0,10,10 - Kritik Risk,1,Win-Back Teklifi,Win-Back Teklifi,True,True,Geçmiş şikâyetin durumu kontrol edilmeli,Empatik Şikâyet Yaklaşımı,True,False,Teklif için onaylı kampanya bilgisi gerekli,88.0,88.0
1103,51517,1,1,99.309265,0.0,Computer,3,,COD,Female,3.0,5,Mobile,5,Single,1,0,21.0,1.0,1.0,0.0,123.25,10,10 - Kritik Risk,1,Win-Back Teklifi,Win-Back Teklifi,True,False,Geçmiş şikâyet işareti yok,Geri Kazanım,True,False,Teklif için onaylı kampanya bilgisi gerekli,88.0,88.0
1104,51215,1,1,99.41318,0.0,Phone,1,,Debit Card,Male,3.0,3,Mobile,4,Single,2,1,23.0,1.0,1.0,0.0,124.72,10,10 - Kritik Risk,1,Win-Back Teklifi,Win-Back Teklifi,True,True,Geçmiş şikâyetin durumu kontrol edilmeli,Empatik Şikâyet Yaklaşımı,True,False,Teklif için onaylı kampanya bilgisi gerekli,88.0,88.0
1105,51348,1,1,99.48713,,Phone,1,8.0,UPI,Male,3.0,4,Mobile,3,Single,7,1,15.0,0.0,1.0,0.0,120.9,10,10 - Kritik Risk,1,Win-Back Teklifi,Win-Back Teklifi,True,True,Geçmiş şikâyetin durumu kontrol edilmeli,Empatik Şikâyet Yaklaşımı,True,False,Teklif için onaylı kampanya bilgisi gerekli,88.0,88.0
1106,55347,1,1,99.50418,1.0,Computer,3,19.0,UPI,Male,3.0,4,Laptop & Accessory,1,Single,5,1,25.0,6.0,7.0,8.0,170.81,10,10 - Kritik Risk,1,Win-Back Teklifi,Win-Back Teklifi,True,True,Geçmiş şikâyetin durumu kontrol edilmeli,Empatik Şikâyet Yaklaşımı,True,False,Teklif için onaylı kampanya bilgisi gerekli,88.0,88.0
1107,50933,1,1,99.52136,0.0,Computer,3,19.0,COD,Female,2.0,3,Laptop & Accessory,4,Single,6,0,11.0,0.0,1.0,0.0,157.65,10,10 - Kritik Risk,1,Win-Back Teklifi,Win-Back Teklifi,True,False,Geçmiş şikâyet işareti yok,Geri Kazanım,True,False,Teklif için onaylı kampanya bilgisi gerekli,88.0,88.0
1108,50944,1,1,99.551384,0.0,Computer,1,,CC,Male,2.0,4,Mobile,5,Single,8,0,11.0,0.0,1.0,0.0,125.61000000000001,10,10 - Kritik Risk,1,Win-Back Teklifi,Win-Back Teklifi,True,False,Geçmiş şikâyet işareti yok,Geri Kazanım,True,False,Teklif için onaylı kampanya bilgisi gerekli,88.0,88.0
1109,51038,1,1,99.559204,0.0,Mobile Phone,3,16.0,Credit Card,Male,2.0,4,Fashion,5,Married,10,0,17.0,4.0,6.0,0.0,203.06,10,10 - Kritik Risk,1,Win-Back Teklifi,Win-Back Teklifi,True,False,Geçmiş şikâyet işareti yok,Geri Kazanım,True,False,Teklif için onaylı kampanya bilgisi gerekli,88.0,88.0
1110,53069,1,1,99.58465,1.0,Computer,3,26.0,E wallet,Male,4.0,3,Laptop & Accessory,2,Single,10,1,14.0,2.0,2.0,5.0,178.04,10,10 - Kritik Risk,1,Win-Back Teklifi,Win-Back Teklifi,True,True,Geçmiş şikâyetin durumu kontrol edilmeli,Empatik Şikâyet Yaklaşımı,True,False,Teklif için onaylı kampanya bilgisi gerekli,88.0,88.0
1111,54923,1,1,99.58623,1.0,Computer,1,9.0,Debit Card,Male,3.0,4,Mobile Phone,5,Married,8,1,15.0,1.0,2.0,3.0,145.42,10,10 - Kritik Risk,1,Win-Back Teklifi,Win-Back Teklifi,True,True,Geçmiş şikâyetin durumu kontrol edilmeli,Empatik Şikâyet Yaklaşımı,True,False,Teklif için onaylı kampanya bilgisi gerekli,88.0,88.0
1112,55229,1,1,99.62941,1.0,Computer,1,9.0,Credit Card,Male,3.0,5,Mobile Phone,5,Single,9,0,12.0,2.0,2.0,1.0,150.61,10,10 - Kritik Risk,1,Win-Back Teklifi,Win-Back Teklifi,True,False,Geçmiş şikâyet işareti yok,Geri Kazanım,True,False,Teklif için onaylı kampanya bilgisi gerekli,88.0,88.0
1113,53126,1,1,99.65952,1.0,Mobile Phone,1,22.0,Credit Card,Male,3.0,4,Fashion,3,Divorced,9,1,13.0,,8.0,8.0,261.1,10,10 - Kritik Risk,1,Win-Back Teklifi,Win-Back Teklifi,True,True,Geçmiş şikâyetin durumu kontrol edilmeli,Empatik Şikâyet Yaklaşımı,True,False,Teklif için onaylı kampanya bilgisi gerekli,88.0,88.0
1114,52094,1,1,99.71934,0.0,Computer,3,35.0,Credit Card,Male,3.0,5,Laptop & Accessory,5,Single,9,0,18.0,1.0,2.0,2.0,149.69,10,10 - Kritik Risk,1,Win-Back Teklifi,Win-Back Teklifi,True,False,Geçmiş şikâyet işareti yok,Geri Kazanım,True,False,Teklif için onaylı kampanya bilgisi gerekli,88.0,88.0
1115,50936,1,1,99.72026,0.0,Computer,1,15.0,CC,Male,2.0,3,Mobile,5,Single,3,1,11.0,0.0,1.0,0.0,131.72,10,10 - Kritik Risk,1,Win-Back Teklifi,Win-Back Teklifi,True,True,Geçmiş şikâyetin durumu kontrol edilmeli,Empatik Şikâyet Yaklaşımı,True,False,Teklif için onaylı kampanya bilgisi gerekli,88.0,88.0
1116,53751,1,1,99.781525,1.0,Computer,1,16.0,Credit Card,Male,3.0,4,Mobile Phone,5,Single,4,1,12.0,1.0,2.0,1.0,156.72,10,10 - Kritik Risk,1,Win-Back Teklifi,Win-Back Teklifi,True,True,Geçmiş şikâyetin durumu kontrol edilmeli,Empatik Şikâyet Yaklaşımı,True,False,Teklif için onaylı kampanya bilgisi gerekli,88.0,88.0
1117,55173,1,1,99.79491,1.0,Computer,3,8.0,Debit Card,Female,3.0,6,Mobile Phone,3,Single,3,0,13.0,1.0,2.0,1.0,138.59,10,10 - Kritik Risk,1,Win-Back Teklifi,Win-Back Teklifi,True,False,Geçmiş şikâyet işareti yok,Geri Kazanım,True,False,Teklif için onaylı kampanya bilgisi gerekli,88.0,88.0
1118,51473,1,1,99.80001,,Mobile Phone,3,28.0,E wallet,Male,2.0,3,Mobile Phone,3,Single,2,1,19.0,1.0,1.0,0.0,116.75,10,10 - Kritik Risk,1,Win-Back Teklifi,Win-Back Teklifi,True,True,Geçmiş şikâyetin durumu kontrol edilmeli,Empatik Şikâyet Yaklaşımı,True,False,Teklif için onaylı kampanya bilgisi gerekli,88.0,88.0
1119,53697,1,1,99.850426,1.0,Computer,1,35.0,Debit Card,Male,4.0,5,Laptop & Accessory,5,Single,5,0,21.0,1.0,2.0,4.0,167.84,10,10 - Kritik Risk,1,Win-Back Teklifi,Win-Back Teklifi,True,False,Geçmiş şikâyet işareti yok,Geri Kazanım,True,False,Teklif için onaylı kampanya bilgisi gerekli,88.0,88.0
1120,54990,1,1,99.866394,1.0,Mobile Phone,3,16.0,E wallet,Female,4.0,4,Laptop & Accessory,5,Single,5,1,18.0,1.0,2.0,4.0,207.24,10,10 - Kritik Risk,1,Win-Back Teklifi,Win-Back Teklifi,True,True,Geçmiş şikâyetin durumu kontrol edilmeli,Empatik Şikâyet Yaklaşımı,True,False,Teklif için onaylı kampanya bilgisi gerekli,88.0,88.0
1121,50339,1,1,99.87617,0.0,Phone,1,,COD,Male,3.0,5,Mobile,2,Single,2,1,18.0,1.0,1.0,0.0,123.4,10,10 - Kritik Risk,1,Win-Back Teklifi,Win-Back Teklifi,True,True,Geçmiş şikâyetin durumu kontrol edilmeli,Empatik Şikâyet Yaklaşımı,True,False,Teklif için onaylı kampanya bilgisi gerekli,88.0,88.0
1122,51803,1,1,99.97263,,Computer,3,11.0,E wallet,Male,3.0,3,Mobile Phone,4,Single,2,1,14.0,1.0,1.0,0.0,118.78,10,10 - Kritik Risk,1,Win-Back Teklifi,Win-Back Teklifi,True,True,Geçmiş şikâyetin durumu kontrol edilmeli,Empatik Şikâyet Yaklaşımı,True,False,Teklif için onaylı kampanya bilgisi gerekli,88.0,88.0
1123,54618,1,1,99.98221,1.0,Computer,3,12.0,E wallet,Male,4.0,4,Mobile Phone,4,Single,3,1,15.0,2.0,2.0,1.0,143.78,10,10 - Kritik Risk,1,Win-Back Teklifi,Win-Back Teklifi,True,True,Geçmiş şikâyetin durumu kontrol edilmeli,Empatik Şikâyet Yaklaşımı,True,False,Teklif için onaylı kampanya bilgisi gerekli,88.0,88.0
1124,54288,1,1,99.98429,1.0,Phone,3,29.0,E wallet,Male,3.0,4,Mobile Phone,3,Single,3,1,20.0,2.0,2.0,1.0,141.75,10,10 - Kritik Risk,1,Win-Back Teklifi,Win-Back Teklifi,True,True,Geçmiş şikâyetin durumu kontrol edilmeli,Empatik Şikâyet Yaklaşımı,True,False,Teklif için onaylı kampanya bilgisi gerekli,88.0,88.0
1125,54023,1,1,99.986626,1.0,Computer,1,31.0,Debit Card,Male,4.0,5,Mobile Phone,1,Single,3,1,25.0,2.0,2.0,1.0,149.39,10,10 - Kritik Risk,1,Win-Back Teklifi,Win-Back Teklifi,True,True,Geçmiş şikâyetin durumu kontrol edilmeli,Empatik Şikâyet Yaklaşımı,True,False,Teklif için onaylı kampanya bilgisi gerekli,88.0,88.0
